monthly_income,monthly_expenses,monthly_emi,cash_flow_surplus,debt_to_income,average_balance,minimum_balance_ratio,income_stability,expense_volatility,transaction_regularity,negative_cashflow_months,income_trend_3m,utility_payment_consistency,digital_transaction_ratio,savings_rate,failed_payment_count,non_debt_recurring_obligations,existing_debt_amount,credit_history_available,credit_history_length,default_probability_ground_truth,default_risk
51832.86,26134.83,0.0,25698.03,0.0,156842.39,0.7257,0.972,0.108,0.907,0,0.0647,0.924,0.805,0.4958,0,8464.7,0.0,0,0,0.0034,0
39730.17,25065.09,0.0,14665.08,0.0,80243.38,0.522,0.896,0.147,0.913,0,-0.152,0.963,0.933,0.3691,0,3561.87,0.0,0,0,0.1008,0
38405.62,24091.68,2500.0,11813.95,0.0651,65286.09,0.4783,0.904,0.129,0.802,0,0.0273,0.879,0.91,0.3076,0,3636.01,30000.0,0,0,0.2508,0
44171.76,28177.28,0.0,15994.48,0.0,83248.06,0.425,0.888,0.152,0.855,0,0.0068,0.932,0.931,0.3621,0,4873.46,0.0,0,0,0.1269,0
62521.19,32492.79,3000.0,27028.4,0.048,162612.18,0.6251,0.971,0.09,0.903,0,0.051,0.963,0.799,0.4323,0,6123.09,45000.0,0,0,0.0039,0
54340.77,33987.98,2500.0,17852.79,0.046,86406.24,0.2463,0.894,0.144,0.824,0,0.0377,0.902,0.906,0.3285,0,3720.38,30000.0,0,0,0.2455,0
64069.29,32268.71,3000.0,28800.58,0.0468,181418.68,0.7842,0.969,0.1,0.908,0,0.0669,0.96,0.89,0.4495,0,8425.96,45000.0,0,0,0.0015,0
27286.18,20557.49,8000.0,-1271.32,0.2932,1289.86,0.0183,0.918,0.123,0.658,21,-0.1499,0.551,0.529,0.0,1,6716.15,192000.0,1,28,1.0,1
64563.78,32532.17,6000.0,26031.61,0.0929,162347.93,0.6672,0.978,0.106,0.965,0,0.0292,0.932,0.851,0.4032,1,5894.38,90000.0,0,0,0.0121,0
33416.41,25728.69,16000.0,-8312.28,0.4788,716.5,0.015,0.911,0.118,0.748,24,-0.1385,0.558,0.732,0.0,4,5406.08,384000.0,0,0,1.0,1
39343.34,24060.09,0.0,15283.25,0.0,78319.61,0.4463,0.896,0.121,0.874,0,0.1965,0.908,0.895,0.3885,0,4266.8,0.0,0,0,0.0576,0
38370.01,23939.53,0.0,14430.48,0.0,74342.53,0.3992,0.9,0.142,0.826,0,-0.0043,0.905,0.891,0.3761,0,3040.14,0.0,0,0,0.1834,1
41592.91,25808.34,1500.0,14284.57,0.0361,72379.58,0.3552,0.898,0.132,0.876,0,0.1451,0.931,0.836,0.3434,0,3308.73,18000.0,0,0,0.1442,0
24439.33,18475.77,12000.0,-6036.44,0.491,690.89,0.0205,0.921,0.095,0.69,24,-0.195,0.711,0.734,0.0,2,4417.82,288000.0,1,19,1.0,1
38694.08,23686.36,0.0,15007.71,0.0,76904.2,0.432,0.901,0.099,0.825,0,0.0992,0.973,0.872,0.3879,0,3109.52,0.0,0,0,0.0547,0
43476.8,27471.83,1500.0,14504.97,0.0345,77861.41,0.394,0.893,0.137,0.912,0,0.0718,0.853,0.858,0.3336,0,3050.77,18000.0,0,0,0.1795,1
49022.16,23568.53,6000.0,19453.63,0.1224,125467.95,0.7337,0.977,0.09,0.962,0,0.0388,0.926,0.874,0.3968,0,8937.61,90000.0,0,0,0.0097,0
108457.99,68286.73,4000.0,36171.26,0.0369,161168.65,0.325,0.878,0.135,0.828,0,0.2117,0.896,0.862,0.3335,0,10914.61,72000.0,0,0,0.0175,0
68740.35,35477.89,0.0,33262.46,0.0,191954.75,0.6003,0.973,0.1,0.915,0,0.0499,0.948,0.76,0.4839,0,8480.4,0.0,1,12,0.0017,0
36856.72,28642.34,8000.0,214.38,0.2171,7592.59,0.1584,0.929,0.082,0.723,13,-0.0972,0.749,0.718,0.0058,1,5188.73,192000.0,0,0,0.9971,1
81485.95,51316.87,4000.0,26169.08,0.0491,128818.54,0.4775,0.875,0.156,0.91,0,0.2375,0.832,0.842,0.3211,0,10907.8,72000.0,1,8,0.0468,0
24560.12,18551.19,12000.0,-5991.06,0.4886,534.1,0.0204,0.897,0.12,0.729,24,-0.1756,0.645,0.526,0.0,1,6830.85,288000.0,0,0,1.0,1
30178.42,22630.12,16000.0,-8451.7,0.5302,647.39,0.0166,0.924,0.082,0.715,24,-0.1252,0.779,0.744,0.0,1,5678.95,384000.0,1,11,1.0,1
63207.67,41047.5,4000.0,18160.17,0.0633,85485.76,0.3706,0.873,0.159,0.879,0,0.1986,0.83,0.751,0.2873,0,7546.1,72000.0,0,0,0.2761,0
35989.59,23115.62,1500.0,11373.97,0.0417,58376.11,0.395,0.884,0.161,0.932,0,0.1861,0.915,0.906,0.316,0,4413.55,18000.0,0,0,0.1968,0
39316.42,30024.71,8000.0,1291.72,0.2035,8109.2,0.1148,0.906,0.11,0.637,4,-0.1907,0.671,0.633,0.0329,2,6792.85,192000.0,1,28,0.9993,1
86403.64,51989.84,4000.0,30413.8,0.0463,143562.66,0.4963,0.828,0.176,0.896,0,0.4514,0.923,0.875,0.352,0,11606.62,72000.0,0,0,0.0186,0
41153.98,25612.73,1500.0,14041.25,0.0364,68256.67,0.331,0.902,0.113,0.875,0,0.0346,0.909,0.926,0.3412,0,4214.19,18000.0,0,0,0.145,0
47592.37,29764.18,0.0,17828.19,0.0,92391.06,0.4048,0.913,0.122,0.921,0,0.0681,0.913,0.905,0.3746,0,3798.63,0.0,0,0,0.0467,0
101173.27,62131.51,8000.0,31041.76,0.0791,131522.44,0.2874,0.827,0.184,0.915,0,0.4861,0.822,0.795,0.3068,0,8391.98,144000.0,0,0,0.0849,1
42453.99,27345.83,1500.0,13608.16,0.0353,68421.94,0.322,0.878,0.155,0.934,0,-0.1328,0.896,0.862,0.3205,0,3430.4,18000.0,0,0,0.3794,0
33904.22,21598.02,1500.0,10806.2,0.0442,60229.66,0.5349,0.884,0.135,0.906,0,0.1277,0.959,0.922,0.3187,0,3370.39,18000.0,0,0,0.1033,0
66979.09,41121.75,16000.0,9857.35,0.2389,58294.95,0.4423,0.861,0.177,0.878,0,0.404,0.944,0.827,0.1472,0,11624.33,288000.0,0,0,0.5337,1
71650.93,35839.35,0.0,35811.58,0.0,213327.86,0.7191,0.973,0.087,0.967,0,0.0507,0.961,0.801,0.4998,0,7478.36,0.0,1,4,0.0004,0
71726.21,35882.44,0.0,35843.77,0.0,209278.0,0.6546,0.971,0.1,0.978,0,0.0626,0.948,0.769,0.4997,0,5533.92,0.0,0,0,0.0007,0
34540.78,22202.89,2500.0,9837.9,0.0724,53600.47,0.4191,0.881,0.142,0.909,0,0.0019,0.876,0.893,0.2848,1,4122.45,30000.0,0,0,0.5788,0
41176.87,26520.62,2500.0,12156.26,0.0607,66016.95,0.4396,0.887,0.122,0.869,0,-0.0271,0.894,0.844,0.2952,0,3791.94,30000.0,0,0,0.2598,1
120476.22,75486.89,4000.0,40989.33,0.0332,176391.26,0.3583,0.845,0.151,0.916,0,0.4107,0.859,0.875,0.3402,1,7439.24,72000.0,0,0,0.0158,0
35180.83,27280.67,20000.0,-12099.84,0.5685,500.0,0.0142,0.934,0.098,0.652,24,-0.1236,0.684,0.648,0.0,2,6180.01,480000.0,1,13,1.0,1
72802.16,36342.91,0.0,36459.24,0.0,206764.3,0.5409,0.972,0.108,0.957,0,0.0385,0.945,0.89,0.5008,0,6950.67,0.0,1,11,0.001,0
34796.18,22170.68,0.0,12625.51,0.0,65146.06,0.4534,0.892,0.145,0.92,0,0.0535,0.906,0.865,0.3628,0,4207.59,0.0,0,0,0.1409,0
67182.42,33546.84,3000.0,30635.58,0.0447,183714.87,0.6699,0.969,0.087,0.927,0,0.0571,0.932,0.844,0.456,0,7822.34,45000.0,0,0,0.0018,0
84901.39,53493.01,4000.0,27408.38,0.0471,122574.03,0.3581,0.863,0.138,0.895,0,0.4102,0.957,0.793,0.3228,0,7167.74,72000.0,1,19,0.0235,0
80703.73,41178.09,0.0,39525.65,0.0,237123.34,0.7484,0.972,0.099,0.906,0,0.0472,0.962,0.801,0.4898,0,5437.06,0.0,0,0,0.0004,0
73712.13,35941.88,0.0,37770.25,0.0,213076.71,0.5629,0.978,0.094,0.959,0,0.0337,0.928,0.811,0.5124,0,6611.49,0.0,0,0,0.0008,0
110835.7,69680.0,12000.0,29155.71,0.1083,125584.93,0.2596,0.854,0.151,0.904,0,0.3973,0.92,0.756,0.2631,0,11351.23,216000.0,1,9,0.0681,0
44093.71,21694.94,0.0,22398.77,0.0,152410.14,1.1699,0.972,0.094,0.905,0,0.0515,0.995,0.883,0.508,0,6516.38,0.0,1,8,0.0006,0
31238.23,23656.44,12000.0,-4418.21,0.3841,563.05,0.016,0.923,0.102,0.714,24,-0.0913,0.668,0.565,0.0,4,4676.14,288000.0,0,0,1.0,1
67897.18,34745.72,0.0,33151.46,0.0,209300.24,0.8275,0.973,0.09,0.929,0,0.0323,0.939,0.783,0.4883,0,8170.38,0.0,1,2,0.0006,0
57444.48,28881.53,0.0,28562.95,0.0,168167.01,0.6821,0.973,0.088,0.918,0,0.0528,0.944,0.789,0.4972,0,5144.08,0.0,0,0,0.0019,0
120522.9,76726.28,8000.0,35796.62,0.0664,164992.38,0.3359,0.853,0.156,0.943,0,0.3692,0.873,0.749,0.297,0,7817.59,144000.0,1,18,0.0206,0
75550.06,38340.32,6000.0,31209.74,0.0794,175024.02,0.4732,0.973,0.08,0.976,0,0.0386,0.974,0.857,0.4131,0,5045.67,90000.0,0,0,0.0027,0
60700.68,29521.34,0.0,31179.34,0.0,186963.85,0.7291,0.973,0.099,0.954,0,0.0492,0.921,0.849,0.5137,0,6728.08,0.0,0,0,0.0011,0
68866.37,33905.56,0.0,34960.82,0.0,218817.73,0.823,0.972,0.103,0.947,0,0.0565,0.942,0.813,0.5077,0,8359.21,0.0,1,9,0.0005,0
138860.25,84548.59,12000.0,42311.66,0.0864,182655.73,0.2295,0.86,0.19,0.845,0,0.2412,0.915,0.871,0.3047,0,8565.61,216000.0,1,18,0.0326,1
56184.77,27142.91,0.0,29041.87,0.0,180605.85,0.8435,0.97,0.108,0.916,0,0.062,0.954,0.753,0.5169,0,7694.58,0.0,1,1,0.0014,0
90719.27,45004.7,0.0,45714.57,0.0,262284.13,0.6217,0.976,0.102,0.944,0,0.0376,0.981,0.849,0.5039,0,5039.92,0.0,1,10,0.0002,0
113996.06,70242.62,4000.0,39753.45,0.0351,171164.2,0.3183,0.852,0.175,0.831,0,0.3364,0.872,0.798,0.3487,0,10026.94,72000.0,0,0,0.024,1
40845.12,26661.25,1500.0,12683.88,0.0367,64413.07,0.3099,0.886,0.136,0.93,0,-0.091,0.919,0.85,0.3105,0,3646.05,18000.0,0,0,0.3015,1
19248.26,14782.15,16000.0,-11533.89,0.8312,670.7,0.026,0.929,0.113,0.599,24,-0.143,0.75,0.549,0.0,3,6413.24,384000.0,1,14,1.0,1
93405.4,56443.82,8000.0,28961.59,0.0856,137758.92,0.4466,0.826,0.204,0.883,0,0.3604,0.884,0.775,0.3101,0,11084.33,144000.0,1,4,0.1014,0
75841.63,37802.95,3000.0,35038.69,0.0396,205825.82,0.6134,0.976,0.08,0.907,0,0.0478,0.988,0.885,0.462,0,7297.15,45000.0,0,0,0.0008,0
74228.05,44454.39,4000.0,25773.65,0.0539,124664.17,0.4994,0.846,0.169,0.899,0,0.2429,0.844,0.788,0.3472,0,7579.48,72000.0,1,11,0.0791,0
75572.27,46906.58,12000.0,16665.69,0.1588,84081.54,0.3253,0.863,0.183,0.878,0,0.1479,0.855,0.805,0.2205,0,7421.6,216000.0,1,18,0.5838,1
107261.96,67382.13,12000.0,27879.84,0.1119,132023.42,0.3698,0.853,0.158,0.897,0,0.2934,0.825,0.839,0.2599,0,6333.63,216000.0,0,0,0.0959,0
39191.72,25166.69,1500.0,12525.02,0.0383,66959.25,0.3533,0.894,0.133,0.81,0,-0.1351,0.865,0.906,0.3196,0,3592.72,18000.0,0,0,0.4118,1
26258.46,20279.41,12000.0,-6020.95,0.457,598.32,0.019,0.923,0.09,0.621,24,-0.2024,0.605,0.51,0.0,2,5209.62,288000.0,0,0,1.0,1
40015.36,24686.61,3500.0,11828.75,0.0875,70258.33,0.5126,0.875,0.133,0.802,0,-0.192,0.89,0.826,0.2956,0,3790.31,42000.0,0,0,0.4866,1
69686.9,34046.46,0.0,35640.45,0.0,208407.71,0.6836,0.971,0.09,0.954,0,0.0627,0.974,0.89,0.5114,0,7837.76,0.0,0,0,0.0004,0
38251.64,24954.97,0.0,13296.67,0.0,72830.57,0.5018,0.886,0.124,0.832,0,-0.0914,0.88,0.908,0.3476,0,4342.54,0.0,0,0,0.1701,0
94090.23,58630.71,4000.0,31459.52,0.0425,149586.39,0.4365,0.856,0.164,0.892,0,0.2178,0.839,0.737,0.3344,0,10404.91,72000.0,1,22,0.0499,0
53449.19,26431.01,0.0,27018.18,0.0,159907.79,0.7278,0.969,0.091,0.923,0,0.0592,0.969,0.894,0.5055,0,7915.76,0.0,0,0,0.0015,0
53046.63,33992.32,0.0,19054.31,0.0,94926.7,0.3385,0.898,0.124,0.85,0,0.0272,0.865,0.944,0.3592,0,3114.05,0.0,0,0,0.0943,0
57603.03,29334.83,3000.0,25268.2,0.0521,158866.49,0.7718,0.974,0.101,0.978,0,0.0378,0.978,0.757,0.4387,0,6768.13,45000.0,0,0,0.0028,0
74099.02,35911.61,0.0,38187.42,0.0,226068.41,0.7475,0.973,0.084,0.932,0,0.0261,0.959,0.815,0.5154,0,8238.7,0.0,1,2,0.0003,0
66864.62,32923.33,0.0,33941.29,0.0,191584.54,0.5652,0.972,0.099,0.944,0,0.0516,0.994,0.762,0.5076,0,7295.46,0.0,0,0,0.0013,0
41489.47,26609.2,0.0,14880.27,0.0,80123.16,0.4488,0.894,0.128,0.879,0,0.0192,0.946,0.905,0.3587,0,3798.67,0.0,0,0,0.0824,0
61159.07,30161.32,0.0,30997.75,0.0,182179.6,0.6479,0.976,0.096,0.954,0,0.0394,0.995,0.753,0.5068,0,6676.4,0.0,0,0,0.0013,0
46869.37,36498.53,16000.0,-5629.17,0.3414,795.75,0.0107,0.911,0.103,0.592,24,-0.1289,0.618,0.585,0.0,4,6795.22,384000.0,0,0,1.0,1
47495.07,24524.34,0.0,22970.73,0.0,139532.34,0.7457,0.972,0.07,0.966,0,0.0388,0.928,0.893,0.4836,0,6267.77,0.0,0,0,0.0018,0
111610.89,67860.95,4000.0,39749.94,0.0358,174981.37,0.4047,0.827,0.163,0.874,0,0.2549,0.82,0.885,0.3561,0,8446.67,72000.0,1,18,0.0192,0
36965.74,22842.84,0.0,14122.9,0.0,69791.19,0.3936,0.875,0.156,0.826,0,-0.0035,0.888,0.878,0.3821,0,4448.06,0.0,0,0,0.2882,0
40009.62,19767.94,6000.0,14241.68,0.15,98918.77,0.8246,0.978,0.107,0.976,0,0.0412,0.923,0.78,0.356,0,5240.91,90000.0,0,0,0.0268,0
29229.28,22290.65,16000.0,-9061.36,0.5474,528.92,0.0171,0.9,0.123,0.571,24,-0.2354,0.522,0.621,0.0,4,4326.05,384000.0,0,0,1.0,1
41294.07,26557.53,1500.0,13236.54,0.0363,72065.48,0.48,0.904,0.093,0.829,0,0.0816,0.947,0.888,0.3205,0,4069.12,18000.0,0,0,0.0731,0
48481.83,30502.07,2500.0,15479.76,0.0516,82847.62,0.432,0.904,0.11,0.845,0,-0.0563,0.962,0.913,0.3193,0,4914.27,30000.0,0,0,0.1052,0
66153.16,33446.1,0.0,32707.05,0.0,194747.38,0.6606,0.978,0.084,0.919,0,0.0513,0.954,0.763,0.4944,0,7904.34,0.0,0,0,0.0011,0
107198.0,64629.68,4000.0,38568.32,0.0373,169070.87,0.3357,0.865,0.188,0.945,0,0.2652,0.904,0.734,0.3598,0,9029.47,72000.0,1,22,0.022,0
68276.52,34637.04,0.0,33639.48,0.0,209166.34,0.7619,0.972,0.113,0.916,0,0.0563,0.979,0.761,0.4927,0,8519.35,0.0,0,0,0.0009,0
32046.64,20555.81,3500.0,7990.83,0.1092,44424.74,0.3957,0.903,0.108,0.935,0,0.049,0.861,0.941,0.2493,0,4285.55,42000.0,0,0,0.2896,0
66393.97,33544.03,6000.0,26849.94,0.0904,166187.41,0.6609,0.975,0.098,0.972,0,0.0559,0.969,0.908,0.4044,0,5815.98,90000.0,1,7,0.0028,0
56524.47,27890.88,6000.0,22633.59,0.1061,144211.79,0.7074,0.972,0.102,0.93,0,0.0508,0.934,0.815,0.4004,0,5571.26,90000.0,0,0,0.0092,0
64553.2,32103.96,3000.0,29449.24,0.0465,184811.85,0.8288,0.971,0.077,0.979,0,0.0544,0.975,0.872,0.4562,0,6368.28,45000.0,0,0,0.0006,0
47345.94,29494.45,0.0,17851.49,0.0,94461.77,0.442,0.901,0.135,0.902,0,-0.1274,0.978,0.852,0.377,0,4192.29,0.0,0,0,0.0807,0
106668.57,65067.29,12000.0,29601.29,0.1125,126250.99,0.2603,0.82,0.209,0.904,0,0.3094,0.936,0.833,0.2775,0,9409.61,216000.0,0,0,0.1742,0
40379.69,25965.81,0.0,14413.87,0.0,71965.99,0.3279,0.887,0.129,0.893,0,-0.1476,0.885,0.864,0.357,0,3271.32,0.0,0,0,0.2563,0
35347.44,22259.12,2500.0,10588.32,0.0707,59396.39,0.4684,0.893,0.133,0.895,0,-0.035,0.975,0.908,0.2995,0,4781.66,30000.0,0,0,0.2012,1
40055.14,25041.57,2500.0,12513.57,0.0624,63470.67,0.312,0.895,0.095,0.863,0,0.0437,0.938,0.862,0.3124,1,4157.51,30000.0,0,0,0.341,0
35500.18,22920.98,0.0,12579.2,0.0,64300.4,0.4207,0.885,0.134,0.889,0,0.0359,0.883,0.921,0.3543,0,3845.89,0.0,0,0,0.1596,0
36672.41,23355.16,1500.0,11817.25,0.0409,63107.47,0.4468,0.88,0.123,0.889,0,-0.0405,0.897,0.895,0.3222,0,3292.19,18000.0,0,0,0.2171,0
39446.85,30210.38,16000.0,-6763.53,0.4056,661.69,0.0127,0.913,0.101,0.66,24,-0.2188,0.667,0.729,0.0,2,5786.24,384000.0,1,19,1.0,1
86644.68,54095.62,8000.0,24549.06,0.0923,118562.89,0.4151,0.826,0.158,0.823,0,0.1948,0.955,0.781,0.2833,0,7153.89,144000.0,0,0,0.1409,0
44938.98,28418.96,0.0,16520.02,0.0,82023.52,0.3629,0.88,0.122,0.824,0,-0.0011,0.93,0.842,0.3676,0,4580.17,0.0,0,0,0.1468,0
33781.17,26263.33,8000.0,-482.16,0.2368,3219.33,0.0521,0.92,0.097,0.663,17,-0.1541,0.736,0.601,0.0,3,5880.5,192000.0,0,0,0.9999,1
46911.48,23505.28,0.0,23406.2,0.0,158457.91,1.0803,0.975,0.103,0.953,0,0.0633,0.941,0.864,0.4989,1,6336.18,0.0,0,0,0.0019,0
40913.11,24878.93,3500.0,12534.18,0.0855,61179.48,0.3073,0.883,0.148,0.917,0,0.0488,0.919,0.899,0.3064,0,4604.55,42000.0,0,0,0.3366,1
34765.69,21721.38,0.0,13044.31,0.0,69931.3,0.5501,0.884,0.128,0.928,0,-0.0077,0.873,0.873,0.3752,0,3232.66,0.0,0,0,0.1074,0
67807.16,42559.24,12000.0,13247.92,0.177,75650.96,0.4653,0.836,0.187,0.876,0,0.3307,0.883,0.746,0.1954,1,11200.93,216000.0,0,0,0.7385,1
35797.82,27132.68,12000.0,-3334.87,0.3352,1379.16,0.014,0.913,0.103,0.613,24,-0.2065,0.675,0.677,0.0,4,4249.77,288000.0,0,0,1.0,1
60957.93,30549.05,3000.0,27408.89,0.0492,160953.78,0.5984,0.973,0.09,0.97,0,0.0496,0.991,0.806,0.4496,0,8683.08,45000.0,0,0,0.0028,0
77363.01,38239.75,0.0,39123.26,0.0,224632.52,0.5935,0.973,0.086,0.965,0,0.0378,0.963,0.762,0.5057,0,6699.18,0.0,1,10,0.0005,0
82562.34,49674.41,8000.0,24887.92,0.0969,123366.11,0.4447,0.833,0.172,0.923,0,0.3533,0.829,0.9,0.3014,0,11813.67,144000.0,0,0,0.0872,0
111823.91,68632.5,16000.0,27191.41,0.1431,125497.4,0.3143,0.844,0.208,0.942,0,0.3702,0.832,0.84,0.2432,0,11557.16,288000.0,0,0,0.2064,0
60632.48,30061.44,0.0,30571.03,0.0,176801.03,0.6355,0.973,0.082,0.907,0,0.0587,0.981,0.885,0.5042,0,8162.05,0.0,0,0,0.0011,0
25786.81,19512.47,20000.0,-13725.66,0.7756,648.1,0.0194,0.906,0.085,0.632,24,-0.1777,0.597,0.643,0.0,3,6057.14,480000.0,1,17,1.0,1
28166.14,17930.28,2500.0,7735.86,0.0888,45314.05,0.5069,0.88,0.134,0.863,0,-0.077,0.924,0.96,0.2747,0,4859.84,30000.0,0,0,0.3696,0
32773.25,21233.17,0.0,11540.08,0.0,58781.91,0.4021,0.902,0.156,0.911,0,-0.0846,0.867,0.853,0.3521,0,4585.68,0.0,0,0,0.3128,0
26514.66,20507.25,16000.0,-9992.59,0.6034,662.88,0.0189,0.902,0.127,0.77,24,-0.2624,0.542,0.655,0.0,2,5446.68,384000.0,0,0,1.0,1
20599.72,15649.87,16000.0,-11050.15,0.7767,518.27,0.0243,0.913,0.113,0.711,24,-0.2132,0.603,0.523,0.0,2,4796.76,384000.0,0,0,1.0,1
36181.98,23565.59,1500.0,11116.39,0.0415,64074.61,0.5587,0.892,0.118,0.842,0,-0.0633,0.911,0.842,0.3072,0,3634.52,18000.0,0,0,0.1945,0
37215.68,23436.94,1500.0,12278.75,0.0403,70788.13,0.5577,0.889,0.119,0.854,0,-0.0623,0.853,0.849,0.3299,0,4334.07,18000.0,0,0,0.2057,0
63747.48,31587.28,3000.0,29160.2,0.0471,184251.59,0.8448,0.972,0.087,0.916,0,0.0595,0.969,0.794,0.4574,0,8719.48,45000.0,0,0,0.0012,0
42836.5,26962.17,2500.0,13374.32,0.0584,70084.65,0.3801,0.911,0.104,0.902,0,-0.0764,0.932,0.918,0.3122,0,4836.57,30000.0,0,0,0.1387,0
81787.98,51036.12,12000.0,18751.87,0.1467,83978.22,0.2998,0.859,0.155,0.894,0,0.2812,0.951,0.884,0.2293,0,8749.52,216000.0,1,8,0.215,0
41321.53,26278.05,2500.0,12543.48,0.0605,69343.02,0.5185,0.893,0.142,0.842,0,0.0521,0.949,0.905,0.3036,0,3220.04,30000.0,0,0,0.1645,0
61367.18,31474.01,0.0,29893.17,0.0,175399.75,0.6186,0.974,0.088,0.975,0,0.0349,0.948,0.79,0.4871,0,7490.2,0.0,0,0,0.0016,0
41643.39,26242.4,0.0,15400.99,0.0,83249.78,0.4985,0.895,0.117,0.803,0,0.0646,0.92,0.859,0.3698,0,4387.73,0.0,0,0,0.0846,0
50806.69,30793.31,2500.0,17513.38,0.0492,86402.96,0.3058,0.906,0.111,0.836,0,0.0106,0.865,0.895,0.3447,0,4372.05,30000.0,0,0,0.1665,0
73738.65,36872.14,6000.0,30866.51,0.0814,191197.25,0.7547,0.97,0.073,0.976,0,0.0585,0.946,0.853,0.4186,0,7431.05,90000.0,1,11,0.001,0
19430.96,14897.87,8000.0,-3466.91,0.4117,567.87,0.0257,0.924,0.09,0.716,24,-0.1196,0.752,0.73,0.0,2,5828.4,192000.0,0,0,1.0,1
87408.14,54341.12,4000.0,29067.02,0.0458,131241.26,0.4039,0.835,0.206,0.84,0,0.4009,0.892,0.837,0.3325,0,10477.88,72000.0,1,12,0.0793,0
27302.41,20868.77,12000.0,-5566.36,0.4395,816.57,0.0183,0.934,0.09,0.766,24,-0.1679,0.68,0.621,0.0,2,5809.67,288000.0,0,0,1.0,1
73183.46,44266.72,12000.0,16916.73,0.164,84647.5,0.3974,0.855,0.158,0.83,0,0.2541,0.843,0.852,0.2312,0,6434.14,216000.0,0,0,0.4167,0
78931.86,39112.94,0.0,39818.92,0.0,230620.71,0.6525,0.971,0.086,0.975,0,0.0658,0.939,0.795,0.5045,0,7966.55,0.0,0,0,0.0004,0
42695.27,26695.62,0.0,15999.66,0.0,80721.47,0.3618,0.905,0.147,0.828,0,-0.0075,0.876,0.821,0.3747,0,3446.18,0.0,0,0,0.2284,0
71139.34,34826.7,6000.0,30312.64,0.0843,178023.32,0.6093,0.97,0.093,0.92,0,0.0581,0.93,0.769,0.4261,0,5774.87,90000.0,0,0,0.0043,0
55301.63,26939.94,6000.0,22361.69,0.1085,137119.87,0.6117,0.974,0.103,0.941,0,0.0378,0.994,0.879,0.4044,0,6042.67,90000.0,0,0,0.0089,0
102544.91,64633.7,4000.0,33911.21,0.039,143908.73,0.2973,0.836,0.171,0.903,0,0.3138,0.835,0.863,0.3307,0,10129.76,72000.0,0,0,0.0459,0
36758.89,22623.28,3500.0,10635.61,0.0952,63945.99,0.4896,0.895,0.12,0.921,0,0.0634,0.926,0.957,0.2893,0,3536.55,42000.0,0,0,0.1433,0
77156.52,38229.34,0.0,38927.17,0.0,233373.93,0.7478,0.973,0.092,0.924,0,0.051,0.946,0.793,0.5045,0,5764.21,0.0,0,0,0.0004,0
75488.0,45697.71,8000.0,21790.29,0.106,110596.34,0.4564,0.862,0.159,0.828,0,0.2691,0.842,0.751,0.2887,0,8413.77,144000.0,1,3,0.1961,0
72049.47,35559.86,3000.0,33489.6,0.0416,198719.69,0.6415,0.971,0.098,0.901,0,0.0466,0.949,0.854,0.4648,0,7251.32,45000.0,0,0,0.0016,0
40857.85,25894.31,1500.0,13463.54,0.0367,74166.23,0.4823,0.88,0.144,0.818,0,-0.1491,0.962,0.885,0.3295,0,3844.89,18000.0,0,0,0.2598,0
148420.01,89953.68,12000.0,46466.33,0.0809,197641.2,0.2842,0.866,0.145,0.906,0,0.2015,0.856,0.808,0.3131,0,8590.83,216000.0,1,9,0.0109,0
67962.7,33344.83,6000.0,28617.88,0.0883,164998.17,0.5438,0.975,0.098,0.952,0,0.0379,0.934,0.867,0.4211,0,7862.65,90000.0,0,0,0.0052,0
24579.41,18996.23,16000.0,-10416.82,0.651,500.0,0.0203,0.929,0.105,0.623,24,-0.0631,0.6,0.57,0.0,2,6020.55,384000.0,1,10,1.0,1
85711.6,53299.69,12000.0,20411.91,0.14,93638.52,0.3258,0.847,0.141,0.937,0,0.346,0.943,0.807,0.2381,0,10275.61,216000.0,0,0,0.131,1
34204.52,25803.32,12000.0,-3598.8,0.3508,1615.16,0.0146,0.931,0.065,0.553,23,-0.1329,0.779,0.545,0.0,1,4823.24,288000.0,1,31,0.9999,1
28377.52,17632.68,0.0,10744.85,0.0,62334.81,0.6829,0.899,0.089,0.875,0,-0.0397,0.851,0.933,0.3786,0,4373.51,0.0,0,0,0.0627,0
42617.05,27066.81,0.0,15550.24,0.0,81886.79,0.4436,0.898,0.138,0.854,0,-0.0245,0.901,0.831,0.3649,1,4170.97,0.0,0,0,0.2927,0
47831.82,29716.79,1500.0,16615.03,0.0314,83418.58,0.3567,0.885,0.121,0.82,0,0.095,0.907,0.876,0.3474,0,3107.87,18000.0,0,0,0.1413,0
48179.97,30469.71,0.0,17710.26,0.0,89024.66,0.405,0.893,0.115,0.861,0,-0.0877,0.97,0.886,0.3676,0,3953.24,0.0,0,0,0.0777,0
37176.69,23587.86,0.0,13588.82,0.0,70021.27,0.366,0.885,0.129,0.889,0,-0.0224,0.922,0.958,0.3655,0,3128.98,0.0,0,0,0.1399,0
130096.01,84030.96,12000.0,34065.05,0.0922,157339.0,0.3085,0.854,0.188,0.879,0,0.3816,0.898,0.839,0.2618,0,7293.84,216000.0,1,18,0.0466,0
46287.0,23492.36,0.0,22794.64,0.0,138463.84,0.7554,0.974,0.074,0.941,0,0.037,0.965,0.769,0.4925,0,7217.29,0.0,1,6,0.0024,0
42914.24,27129.55,0.0,15784.7,0.0,83054.85,0.4302,0.889,0.137,0.846,0,0.0704,0.893,0.839,0.3678,0,4666.55,0.0,0,0,0.133,0
51039.12,26394.63,0.0,24644.49,0.0,147760.51,0.6894,0.971,0.086,0.977,0,0.0473,0.979,0.82,0.4829,0,7808.66,0.0,0,0,0.002,0
89889.52,46199.25,3000.0,40690.27,0.0334,237289.64,0.5741,0.972,0.105,0.946,0,0.0605,0.955,0.852,0.4527,0,7173.88,45000.0,0,0,0.0006,0
29991.84,23062.81,16000.0,-9070.98,0.5335,613.39,0.0167,0.908,0.127,0.728,24,-0.1543,0.638,0.627,0.0,1,5749.06,384000.0,1,24,1.0,1
72538.29,44306.34,4000.0,24231.95,0.0551,105073.06,0.346,0.856,0.166,0.925,0,0.3717,0.911,0.851,0.3341,0,7680.8,72000.0,0,0,0.0634,0
22209.23,16996.53,20000.0,-14787.29,0.9005,500.0,0.0225,0.914,0.108,0.607,24,-0.1768,0.626,0.719,0.0,2,6265.2,480000.0,0,0,1.0,1
50406.84,31703.66,1500.0,17203.18,0.0298,85044.9,0.3022,0.899,0.127,0.898,0,-0.044,0.889,0.861,0.3413,0,3751.88,18000.0,0,0,0.175,0
73112.87,45013.19,4000.0,24099.68,0.0547,108082.52,0.3816,0.853,0.21,0.865,0,0.1668,0.911,0.804,0.3296,0,8279.4,72000.0,0,0,0.2252,0
72301.22,35073.23,0.0,37228.0,0.0,227467.69,0.8034,0.974,0.09,0.976,0,0.0289,0.996,0.875,0.5149,0,7066.66,0.0,0,0,0.0002,0
88997.35,44036.68,6000.0,38960.67,0.0674,229530.19,0.581,0.974,0.094,0.956,0,0.0498,0.992,0.768,0.4378,0,5289.09,90000.0,1,12,0.0008,0
88920.66,52941.34,12000.0,23979.32,0.135,119171.13,0.472,0.876,0.134,0.912,0,0.2342,0.884,0.846,0.2697,0,7142.74,216000.0,0,0,0.0648,0
47876.58,29981.2,0.0,17895.38,0.0,92860.39,0.4426,0.904,0.137,0.829,0,0.1297,0.866,0.839,0.3738,0,4014.79,0.0,0,0,0.0946,0
49208.74,30586.98,12000.0,6621.76,0.2439,49950.26,0.5527,0.819,0.17,0.942,1,0.4159,0.928,0.736,0.1346,0,10477.53,216000.0,0,0,0.6247,0
61497.25,32024.65,3000.0,26472.6,0.0488,161134.72,0.6618,0.974,0.084,0.909,0,0.0466,0.988,0.813,0.4305,0,7292.6,45000.0,0,0,0.0028,0
65549.97,33109.88,6000.0,26440.09,0.0915,167941.03,0.7154,0.971,0.101,0.93,0,0.0389,0.965,0.906,0.4034,0,5222.94,90000.0,0,0,0.0033,0
67507.71,41467.52,4000.0,22040.19,0.0593,113323.54,0.5793,0.828,0.204,0.913,0,0.4069,0.925,0.744,0.3265,0,7272.17,72000.0,0,0,0.0857,0
46247.41,35109.98,8000.0,3137.42,0.173,14711.39,0.14,0.903,0.133,0.552,3,-0.2318,0.56,0.728,0.0678,3,5329.76,192000.0,1,25,0.9998,1
61734.51,38815.35,4000.0,18919.16,0.0648,99467.83,0.5907,0.853,0.167,0.874,0,0.4386,0.852,0.76,0.3065,0,9376.27,72000.0,0,0,0.0887,0
81281.38,40069.86,6000.0,35211.52,0.0738,216947.41,0.6688,0.972,0.09,0.95,0,0.0461,0.983,0.838,0.4332,0,6531.3,90000.0,1,6,0.0009,0
24558.73,18540.8,16000.0,-9982.07,0.6515,500.0,0.0204,0.912,0.108,0.587,24,-0.2059,0.725,0.542,0.0,1,5251.17,384000.0,0,0,1.0,1
53756.76,27829.47,0.0,25927.29,0.0,172763.01,0.999,0.976,0.09,0.954,0,0.035,0.995,0.89,0.4823,0,5474.62,0.0,0,0,0.0005,0
45920.42,22533.78,0.0,23386.64,0.0,149078.34,0.9651,0.971,0.103,0.944,0,0.0413,0.996,0.755,0.5093,0,6729.34,0.0,0,0,0.0015,0
34618.29,21732.03,0.0,12886.26,0.0,69359.65,0.4524,0.922,0.108,0.872,0,-0.0329,0.951,0.93,0.3722,0,3982.7,0.0,0,0,0.0708,0
104275.1,65004.41,4000.0,35270.69,0.0384,161390.03,0.4037,0.873,0.156,0.867,0,0.193,0.89,0.802,0.3382,0,6782.73,72000.0,0,0,0.0224,0
80300.28,50512.28,12000.0,17788.0,0.1494,91379.2,0.4279,0.858,0.168,0.851,0,0.2813,0.906,0.75,0.2215,0,11837.14,216000.0,0,0,0.3216,1
54888.51,28329.19,0.0,26559.32,0.0,172743.16,0.9278,0.974,0.08,0.941,0,0.0472,0.989,0.803,0.4839,0,6811.99,0.0,1,2,0.0006,0
39305.75,30367.14,8000.0,938.61,0.2035,4749.47,0.0521,0.917,0.108,0.63,10,-0.1269,0.653,0.732,0.0239,2,4139.74,192000.0,1,10,0.9996,1
30517.42,19654.64,3500.0,7362.79,0.1147,46624.18,0.4955,0.892,0.126,0.825,0,-0.1399,0.95,0.943,0.2413,0,4924.58,42000.0,0,0,0.439,0
54034.06,27419.97,0.0,26614.1,0.0,159108.61,0.7476,0.974,0.095,0.951,0,0.0466,0.988,0.879,0.4925,0,6903.71,0.0,0,0,0.0013,0
73534.08,36502.81,0.0,37031.27,0.0,213656.28,0.6478,0.97,0.084,0.957,0,0.0643,0.983,0.808,0.5036,0,5780.7,0.0,1,2,0.0004,0
34779.45,22173.6,1500.0,11105.84,0.0431,59534.66,0.4576,0.889,0.106,0.882,0,0.0876,0.972,0.828,0.3193,0,3697.41,18000.0,0,0,0.1171,0
83268.08,40742.85,0.0,42525.24,0.0,249033.65,0.7109,0.972,0.074,0.949,0,0.0356,0.958,0.82,0.5107,0,7227.19,0.0,1,3,0.0002,0
29365.25,18605.94,0.0,10759.31,0.0,62884.24,0.6254,0.894,0.123,0.868,0,-0.0371,0.966,0.843,0.3664,0,4780.23,0.0,0,0,0.0932,0
51577.15,33274.03,0.0,18303.12,0.0,91049.98,0.2876,0.902,0.121,0.898,0,0.0023,0.968,0.888,0.3549,0,4893.13,0.0,0,0,0.0729,1
76617.15,38166.8,0.0,38450.35,0.0,226849.78,0.7026,0.974,0.111,0.933,0,0.0418,0.931,0.889,0.5019,0,6876.66,0.0,1,5,0.0005,0
83873.83,42407.55,6000.0,35466.28,0.0715,205956.29,0.5482,0.974,0.081,0.925,0,0.0531,0.975,0.918,0.4229,0,7240.02,90000.0,1,13,0.0011,0
44197.59,28364.38,0.0,15833.21,0.0,84542.09,0.4529,0.893,0.14,0.818,0,-0.0327,0.959,0.866,0.3582,0,4341.52,0.0,0,0,0.1268,0
83950.59,42925.49,6000.0,35025.1,0.0715,217130.73,0.6641,0.974,0.09,0.926,0,0.0623,0.922,0.814,0.4172,0,8661.89,90000.0,1,4,0.0013,0
29286.4,17617.35,1500.0,10169.05,0.0512,54507.01,0.4495,0.889,0.136,0.865,0,-0.0639,0.973,0.929,0.3472,1,3876.67,18000.0,0,0,0.4257,0
39933.71,19758.7,3000.0,17175.01,0.0751,131781.83,1.2911,0.974,0.112,0.975,0,0.0415,0.984,0.824,0.4301,0,7316.29,45000.0,1,6,0.0016,0
75781.66,46633.51,4000.0,25148.14,0.0528,114752.02,0.4154,0.835,0.173,0.821,0,0.391,0.847,0.833,0.3319,0,7196.1,72000.0,1,12,0.1075,0
46729.88,28737.69,12000.0,5992.19,0.2568,53972.92,0.7451,0.84,0.175,0.919,1,0.3244,0.952,0.773,0.1282,0,10714.8,216000.0,0,0,0.5161,1
169709.81,107981.97,8000.0,53727.84,0.0471,230144.7,0.2617,0.844,0.19,0.875,0,0.1972,0.952,0.819,0.3166,0,6320.04,144000.0,1,6,0.006,0
105004.38,64829.11,8000.0,32175.27,0.0762,146664.85,0.3831,0.827,0.194,0.923,0,0.3631,0.843,0.726,0.3064,0,11165.58,144000.0,0,0,0.0821,0
37220.88,28485.52,8000.0,735.36,0.2149,6480.76,0.0736,0.919,0.111,0.695,9,-0.1162,0.723,0.589,0.0198,3,6909.46,192000.0,1,30,0.9998,1
78832.2,49147.9,4000.0,25684.31,0.0507,128374.05,0.5043,0.845,0.169,0.894,0,0.2963,0.847,0.854,0.3258,0,7318.8,72000.0,0,0,0.0563,0
33810.05,21420.25,0.0,12389.8,0.0,68154.95,0.539,0.891,0.168,0.879,0,-0.036,0.945,0.913,0.3665,0,3613.55,0.0,0,0,0.1634,0
31526.67,24096.23,16000.0,-8569.56,0.5075,540.55,0.0159,0.919,0.1,0.59,24,-0.1259,0.674,0.722,0.0,1,6454.64,384000.0,1,35,1.0,1
43730.86,28249.72,2500.0,12981.15,0.0572,71769.67,0.4969,0.875,0.167,0.925,0,-0.1946,0.866,0.829,0.2968,0,3628.48,30000.0,0,0,0.4409,0
24738.32,18824.39,16000.0,-10086.07,0.6468,602.6,0.0202,0.902,0.131,0.745,24,-0.1428,0.768,0.628,0.0,2,6339.89,384000.0,1,35,1.0,1
127963.45,80169.68,4000.0,43793.77,0.0313,188190.19,0.257,0.828,0.2,0.93,0,0.433,0.907,0.733,0.3422,0,9288.72,72000.0,1,6,0.0154,0
46809.85,30583.15,3500.0,12726.71,0.0748,69125.25,0.3856,0.906,0.131,0.934,0,0.1053,0.964,0.847,0.2719,0,3878.99,42000.0,0,0,0.1396,0
42869.08,21171.62,3000.0,18697.46,0.07,118635.02,0.7898,0.971,0.099,0.937,0,0.0748,0.942,0.797,0.4362,0,7323.66,45000.0,0,0,0.0085,0
43879.27,27941.44,0.0,15937.83,0.0,83830.69,0.4018,0.904,0.125,0.871,0,-0.0511,0.927,0.853,0.3632,0,4704.47,0.0,0,0,0.113,0
24979.03,19236.3,12000.0,-6257.27,0.4804,728.18,0.02,0.915,0.119,0.571,24,-0.1768,0.529,0.526,0.0,1,5349.04,288000.0,0,0,1.0,1
38021.82,29359.79,12000.0,-3337.96,0.3156,1185.6,0.0132,0.924,0.101,0.694,23,-0.1916,0.591,0.626,0.0,4,6392.47,288000.0,1,11,1.0,1
106211.16,65154.9,12000.0,29056.26,0.113,133692.51,0.3234,0.831,0.193,0.864,0,0.4202,0.827,0.83,0.2736,0,8107.32,216000.0,0,0,0.1523,1
60866.07,37865.29,4000.0,19000.78,0.0657,100837.71,0.6222,0.849,0.189,0.947,0,0.2744,0.841,0.804,0.3122,0,8379.65,72000.0,1,20,0.1183,0
54664.97,26989.44,0.0,27675.53,0.0,173861.78,0.9022,0.975,0.092,0.922,0,0.037,0.986,0.895,0.5063,0,7583.67,0.0,0,0,0.0007,0
34452.68,21304.19,0.0,13148.49,0.0,67851.5,0.4414,0.886,0.153,0.901,0,0.0542,0.862,0.831,0.3816,0,3452.54,0.0,0,0,0.2125,0
74077.39,37837.57,0.0,36239.82,0.0,222177.43,0.7783,0.973,0.083,0.934,0,0.0567,0.923,0.868,0.4892,0,6026.97,0.0,0,0,0.0004,0
44616.58,22510.35,0.0,22106.23,0.0,144055.86,0.9744,0.974,0.107,0.923,0,0.0356,0.943,0.79,0.4955,0,6553.71,0.0,0,0,0.0022,0
41473.4,26390.81,2500.0,12582.59,0.0603,66026.22,0.3969,0.892,0.122,0.846,0,0.0979,0.872,0.913,0.3034,0,3532.46,30000.0,0,0,0.2135,0
67169.16,33221.16,0.0,33948.01,0.0,204178.72,0.7511,0.973,0.082,0.929,0,0.0525,0.969,0.78,0.5054,0,7241.08,0.0,0,0,0.0006,0
62872.13,31513.86,0.0,31358.27,0.0,186613.16,0.7296,0.975,0.099,0.961,0,0.0451,0.95,0.769,0.4988,0,8697.72,0.0,0,0,0.0011,0
30952.66,19732.23,1500.0,9720.43,0.0485,52740.2,0.4607,0.904,0.087,0.812,0,0.033,0.89,0.954,0.314,0,4837.7,18000.0,0,0,0.1539,0
49443.46,31201.79,8000.0,10241.67,0.1618,64802.22,0.6697,0.86,0.178,0.908,0,0.2026,0.926,0.768,0.2071,0,7004.21,144000.0,0,0,0.3609,1
69704.34,34800.3,0.0,34904.04,0.0,198387.81,0.5925,0.976,0.116,0.978,0,0.0421,0.996,0.813,0.5007,0,8397.69,0.0,0,0,0.001,0
84662.57,53092.99,16000.0,15569.58,0.189,87525.98,0.4449,0.875,0.144,0.824,0,0.3953,0.859,0.863,0.1839,0,6965.62,288000.0,0,0,0.2626,0
37558.75,24142.45,1500.0,11916.29,0.0399,64914.19,0.4644,0.888,0.157,0.846,0,-0.0757,0.975,0.849,0.3173,0,4120.95,18000.0,0,0,0.2883,1
95413.3,55964.27,4000.0,35449.02,0.0419,148732.16,0.2999,0.851,0.201,0.87,0,0.3865,0.851,0.852,0.3715,0,9310.97,72000.0,1,11,0.0486,0
32208.65,21215.6,0.0,10993.05,0.0,56355.51,0.3693,0.886,0.138,0.916,0,-0.1379,0.938,0.951,0.3413,0,3374.29,0.0,0,0,0.2292,0
37541.39,23794.09,3500.0,10247.3,0.0932,57980.71,0.4663,0.895,0.138,0.841,0,0.1251,0.919,0.836,0.273,0,4924.56,42000.0,0,0,0.2945,0
55065.56,27412.14,3000.0,24653.42,0.0545,146719.37,0.6402,0.975,0.083,0.972,0,0.0478,0.989,0.86,0.4477,0,5853.79,45000.0,0,0,0.0028,0
117978.28,71607.99,16000.0,30370.29,0.1356,128735.05,0.2304,0.833,0.188,0.935,0,0.3741,0.938,0.742,0.2574,0,11235.82,288000.0,0,0,0.134,0
34330.55,22208.88,2500.0,9621.67,0.0728,56851.32,0.595,0.89,0.103,0.833,0,-0.1197,0.87,0.903,0.2803,0,4509.37,30000.0,0,0,0.2512,0
36997.32,23740.49,1500.0,11756.83,0.0405,63924.93,0.3754,0.903,0.113,0.878,0,-0.0543,0.958,0.859,0.3178,0,3053.54,18000.0,0,0,0.1838,0
45086.04,22738.49,0.0,22347.55,0.0,140898.01,0.8646,0.973,0.08,0.924,0,0.0451,0.996,0.779,0.4957,0,6007.04,0.0,0,0,0.0017,0
29197.49,18075.74,1500.0,9621.74,0.0514,53029.07,0.4699,0.889,0.118,0.867,0,0.0565,0.922,0.91,0.3295,0,4840.78,18000.0,0,0,0.1874,1
76303.35,38618.55,3000.0,34684.8,0.0393,209526.34,0.6724,0.972,0.095,0.91,0,0.0329,0.977,0.876,0.4546,0,6797.93,45000.0,0,0,0.0009,0
82243.77,40669.08,3000.0,38574.69,0.0365,217770.72,0.496,0.973,0.107,0.926,0,0.027,0.935,0.829,0.469,0,5987.67,45000.0,0,0,0.0016,0
64765.43,33878.2,3000.0,27887.24,0.0463,163540.01,0.5834,0.974,0.089,0.939,0,0.0309,0.93,0.78,0.4306,0,8035.06,45000.0,0,0,0.0044,0
40589.17,30987.6,12000.0,-2398.44,0.2956,1102.16,0.0123,0.929,0.09,0.642,19,-0.1036,0.654,0.586,0.0,1,4724.63,288000.0,1,34,0.9999,1
91542.72,45481.14,0.0,46061.58,0.0,254926.15,0.5223,0.975,0.112,0.949,0,0.0447,0.974,0.88,0.5032,0,8675.92,0.0,0,0,0.0003,0
27095.68,20811.74,8000.0,-1716.06,0.2953,897.48,0.0185,0.903,0.147,0.686,22,-0.2136,0.614,0.716,0.0,1,4280.48,192000.0,0,0,1.0,1
16113.58,12028.55,8000.0,-3914.97,0.4965,887.28,0.031,0.906,0.137,0.7,24,-0.2059,0.695,0.647,0.0,2,4268.44,192000.0,0,0,1.0,1
90882.33,57578.02,12000.0,21304.31,0.132,102727.47,0.3522,0.865,0.165,0.852,0,0.1846,0.835,0.869,0.2344,0,8436.08,216000.0,1,6,0.3002,0
53539.59,27085.13,0.0,26454.47,0.0,162403.18,0.7807,0.973,0.079,0.97,0,0.0482,0.948,0.882,0.4941,0,8943.85,0.0,0,0,0.001,0
62068.23,39124.35,16000.0,6943.88,0.2578,56543.35,0.5339,0.855,0.185,0.888,1,0.4478,0.892,0.722,0.1119,0,11257.78,288000.0,0,0,0.7051,0
40930.38,26306.37,2500.0,12124.01,0.0611,63330.92,0.3319,0.883,0.14,0.893,0,0.0344,0.94,0.83,0.2962,0,4857.21,30000.0,0,0,0.3048,1
25474.33,19133.42,8000.0,-1659.09,0.314,2036.13,0.0196,0.922,0.101,0.655,20,-0.0891,0.568,0.536,0.0,1,6304.1,192000.0,1,35,1.0,1
37677.32,24736.07,0.0,12941.25,0.0,65925.16,0.388,0.908,0.122,0.807,0,-0.0062,0.906,0.829,0.3435,0,3258.19,0.0,0,0,0.2023,0
64873.77,41777.65,4000.0,19096.12,0.0617,93760.97,0.4892,0.845,0.178,0.868,0,0.3472,0.836,0.853,0.2944,0,6243.0,72000.0,1,23,0.1597,0
104351.9,63462.13,4000.0,36889.77,0.0383,170147.94,0.4033,0.888,0.165,0.876,0,0.1335,0.952,0.878,0.3535,0,11334.58,72000.0,0,0,0.013,0
62218.68,30936.6,0.0,31282.08,0.0,187647.99,0.7141,0.973,0.1,0.979,0,0.0451,0.931,0.787,0.5028,0,6443.23,0.0,0,0,0.0012,0
24793.64,15947.21,0.0,8846.43,0.0,52749.11,0.6781,0.895,0.112,0.826,0,0.0424,0.903,0.918,0.3568,0,4965.1,0.0,0,0,0.0915,0
52174.32,26116.69,3000.0,23057.64,0.0575,149777.83,0.8378,0.977,0.091,0.915,0,0.0463,0.973,0.783,0.4419,0,8031.75,45000.0,0,0,0.0031,0
31418.03,19747.02,3500.0,8171.01,0.1114,50265.13,0.5025,0.891,0.141,0.834,0,-0.1561,0.918,0.895,0.2601,0,3024.02,42000.0,0,0,0.5276,0
59614.99,30525.04,3000.0,26089.94,0.0503,169888.89,0.8847,0.974,0.101,0.923,0,0.0593,0.974,0.915,0.4376,0,7438.78,45000.0,0,0,0.0013,0
45833.71,22698.42,0.0,23135.29,0.0,151846.81,1.0266,0.97,0.086,0.903,0,0.0672,0.953,0.771,0.5048,0,6786.89,0.0,0,0,0.0012,0
37909.91,23811.42,0.0,14098.5,0.0,73065.8,0.4345,0.886,0.155,0.929,0,0.0971,0.916,0.857,0.3719,0,4476.78,0.0,0,0,0.1262,0
22560.79,17315.76,8000.0,-2754.97,0.3546,818.8,0.0222,0.926,0.097,0.61,24,-0.1767,0.778,0.594,0.0,1,5507.6,192000.0,1,19,1.0,1
85684.24,53996.84,12000.0,19687.4,0.14,108002.28,0.4376,0.846,0.171,0.933,0,0.2022,0.895,0.724,0.2298,0,11128.67,216000.0,0,0,0.262,0
73119.29,35140.36,0.0,37978.93,0.0,217971.92,0.5534,0.979,0.106,0.945,0,0.0412,0.922,0.829,0.5194,0,6420.38,0.0,0,0,0.001,0
49597.67,31391.67,2500.0,15706.0,0.0504,80397.16,0.3423,0.893,0.122,0.871,0,0.1494,0.882,0.904,0.3167,0,4765.61,30000.0,0,0,0.1332,0
33808.52,20980.66,1500.0,11327.86,0.0444,61757.48,0.4851,0.887,0.153,0.92,0,0.1229,0.918,0.896,0.3351,0,3986.39,18000.0,0,0,0.167,1
16633.15,12837.08,8000.0,-4203.93,0.481,538.28,0.0301,0.909,0.128,0.604,24,-0.1955,0.52,0.652,0.0,1,5219.61,192000.0,0,0,1.0,1
86634.45,54848.6,12000.0,19785.84,0.1385,92579.19,0.3363,0.855,0.149,0.842,0,0.3074,0.888,0.73,0.2284,1,8136.83,216000.0,1,15,0.495,0
40595.87,25213.8,12000.0,3382.07,0.2956,38807.76,0.6699,0.829,0.214,0.905,4,0.4052,0.855,0.804,0.0833,0,6198.8,216000.0,1,6,0.8976,0
107549.74,68835.17,8000.0,30714.58,0.0744,145731.03,0.407,0.854,0.114,0.864,0,0.2039,0.864,0.799,0.2856,0,8190.3,144000.0,0,0,0.0337,0
58281.5,28904.31,6000.0,23377.19,0.1029,145400.93,0.663,0.973,0.096,0.929,0,0.0456,0.973,0.894,0.4011,0,7003.48,90000.0,1,5,0.0061,0
58217.82,29544.01,6000.0,22673.81,0.1031,152619.04,0.8767,0.972,0.096,0.964,0,0.0695,0.941,0.79,0.3895,0,7897.84,90000.0,0,0,0.0038,0
33176.59,21138.66,1500.0,10537.93,0.0452,55757.46,0.3699,0.911,0.132,0.861,0,0.0028,0.96,0.933,0.3176,0,4747.81,18000.0,0,0,0.2104,0
44879.17,27970.14,12000.0,4909.03,0.2674,43699.36,0.6489,0.819,0.18,0.896,2,0.4597,0.865,0.868,0.1094,1,11302.66,216000.0,0,0,0.8488,1
35177.55,22028.73,2500.0,10648.82,0.0711,60157.29,0.5536,0.89,0.106,0.871,0,0.0942,0.883,0.925,0.3027,0,4577.95,30000.0,0,0,0.1303,0
26176.83,16485.74,3500.0,6191.08,0.1337,41571.98,0.5891,0.891,0.146,0.828,0,0.0238,0.87,0.849,0.2365,0,4333.51,42000.0,0,0,0.5494,1
47991.11,23958.5,0.0,24032.61,0.0,162784.73,1.097,0.972,0.098,0.912,0,0.0443,0.934,0.863,0.5008,0,5488.94,0.0,0,0,0.0008,0
24447.76,18434.2,12000.0,-5986.44,0.4908,893.06,0.0205,0.904,0.114,0.583,24,-0.2335,0.584,0.733,0.0,1,4071.99,288000.0,1,29,1.0,1
32194.97,20233.15,1500.0,10461.82,0.0466,61872.93,0.5525,0.886,0.146,0.851,0,-0.1332,0.913,0.873,0.325,0,3525.65,18000.0,0,0,0.3168,0
90629.0,57596.24,12000.0,21032.75,0.1324,102738.22,0.4264,0.822,0.17,0.886,0,0.3465,0.924,0.766,0.2321,0,8802.62,216000.0,1,12,0.1995,0
42617.62,26710.39,1500.0,14407.23,0.0352,80472.6,0.4761,0.88,0.16,0.939,0,-0.1647,0.959,0.9,0.3381,0,4500.62,18000.0,0,0,0.194,0
33464.12,26128.04,12000.0,-4663.92,0.3586,612.81,0.0149,0.909,0.11,0.594,24,-0.1988,0.771,0.62,0.0,3,6070.39,288000.0,0,0,1.0,1
96044.53,59818.87,8000.0,28225.66,0.0833,130351.45,0.4001,0.837,0.199,0.902,0,0.3789,0.929,0.859,0.2939,0,11324.44,144000.0,0,0,0.0674,0
29295.62,21849.22,12000.0,-4553.6,0.4096,851.89,0.0171,0.908,0.118,0.715,24,-0.1607,0.725,0.731,0.0,2,6903.26,288000.0,1,11,1.0,1
97547.73,58951.49,8000.0,30596.24,0.082,142295.72,0.4331,0.869,0.135,0.915,0,0.3105,0.903,0.879,0.3137,0,10091.98,144000.0,1,23,0.0175,0
86855.84,51505.81,4000.0,31350.04,0.0461,136443.01,0.3698,0.873,0.12,0.883,0,0.1814,0.953,0.733,0.3609,0,10241.07,72000.0,1,14,0.0234,0
69349.42,34501.01,0.0,34848.41,0.0,215500.36,0.818,0.974,0.082,0.953,0,0.0581,0.976,0.866,0.5025,0,5163.09,0.0,0,0,0.0003,0
57186.47,28493.76,0.0,28692.71,0.0,178354.48,0.8549,0.973,0.078,0.908,0,0.0339,0.947,0.771,0.5017,0,8751.17,0.0,0,0,0.001,0
26772.79,20595.67,16000.0,-9822.88,0.5976,547.3,0.0187,0.92,0.104,0.638,24,-0.1972,0.771,0.737,0.0,1,5836.14,384000.0,0,0,1.0,1
82060.03,42607.31,0.0,39452.72,0.0,233894.25,0.6541,0.977,0.082,0.928,0,0.034,0.939,0.758,0.4808,0,8052.7,0.0,0,0,0.0005,0
38792.18,24799.46,0.0,13992.72,0.0,72918.28,0.3892,0.877,0.157,0.926,0,-0.1883,0.895,0.902,0.3607,0,3098.56,0.0,0,0,0.2857,0
30662.62,19767.38,0.0,10895.24,0.0,59801.81,0.5204,0.896,0.117,0.807,0,0.0053,0.919,0.901,0.3553,0,3057.73,0.0,0,0,0.1394,0
51284.09,32885.47,1500.0,16898.61,0.0292,83453.29,0.3291,0.907,0.099,0.87,0,-0.0404,0.926,0.871,0.3295,0,4718.36,18000.0,0,0,0.1033,0
59013.5,29706.38,3000.0,26307.12,0.0508,174979.89,0.9463,0.972,0.093,0.96,0,0.0663,0.974,0.887,0.4458,0,6343.85,45000.0,0,0,0.0008,0
38910.44,25144.64,2500.0,11265.8,0.0643,61019.85,0.3688,0.891,0.134,0.84,0,-0.0449,0.908,0.87,0.2895,0,3034.24,30000.0,0,0,0.3795,1
88402.27,53925.57,12000.0,22476.7,0.1357,99441.22,0.2841,0.85,0.194,0.936,0,0.2968,0.905,0.858,0.2543,1,6227.7,216000.0,1,16,0.443,1
99183.45,62911.87,8000.0,28271.57,0.0807,129268.01,0.3877,0.854,0.191,0.862,0,0.3278,0.919,0.852,0.285,0,7421.74,144000.0,0,0,0.0775,0
35898.43,22850.97,0.0,13047.46,0.0,72563.78,0.5303,0.881,0.133,0.833,0,0.0191,0.899,0.924,0.3635,0,4707.53,0.0,0,0,0.1286,0
30667.32,23622.39,16000.0,-8955.07,0.5217,572.16,0.0163,0.912,0.122,0.601,24,-0.1826,0.583,0.747,0.0,2,4309.11,384000.0,1,22,1.0,1
105424.07,66467.51,16000.0,22956.56,0.1518,104989.05,0.3271,0.825,0.201,0.913,0,0.2976,0.884,0.747,0.2178,0,9578.74,288000.0,0,0,0.395,0
43757.36,27903.82,0.0,15853.54,0.0,83041.93,0.3973,0.895,0.12,0.915,0,-0.0338,0.873,0.903,0.3623,1,4581.02,0.0,0,0,0.2153,0
74866.63,37586.26,0.0,37280.37,0.0,225114.29,0.7245,0.974,0.087,0.914,0,0.0362,0.92,0.798,0.498,0,8877.6,0.0,0,0,0.0005,0
42254.54,21376.03,3000.0,17878.5,0.071,129237.59,1.1285,0.975,0.085,0.915,0,0.041,0.997,0.874,0.4231,0,7037.61,45000.0,1,9,0.0017,0
35896.89,22636.65,1500.0,11760.25,0.0418,59082.15,0.3566,0.912,0.122,0.937,0,-0.0416,0.853,0.841,0.3276,0,3537.34,18000.0,0,0,0.2577,0
30712.15,19500.59,0.0,11211.56,0.0,66141.2,0.669,0.888,0.15,0.82,0,-0.0264,0.966,0.918,0.3651,0,4847.09,0.0,0,0,0.113,0
37145.03,23838.35,1500.0,11806.68,0.0404,62056.25,0.414,0.898,0.123,0.919,0,0.161,0.897,0.893,0.3179,1,4701.01,18000.0,0,0,0.2457,0
108454.21,67579.23,16000.0,24874.98,0.1475,109241.94,0.3037,0.839,0.185,0.841,0,0.3467,0.919,0.753,0.2294,0,8734.28,288000.0,0,0,0.2818,0
73346.15,46069.04,4000.0,23277.11,0.0545,115741.2,0.4788,0.84,0.21,0.894,0,0.3469,0.847,0.848,0.3174,0,9042.29,72000.0,0,0,0.1331,0
38365.85,29655.49,20000.0,-11289.64,0.5213,500.0,0.013,0.916,0.102,0.573,24,-0.158,0.711,0.716,0.0,1,5472.42,480000.0,1,14,1.0,1
49626.3,24264.08,3000.0,22362.22,0.0605,139282.38,0.7909,0.975,0.083,0.965,0,0.0444,0.986,0.799,0.4506,0,8601.62,45000.0,0,0,0.0029,0
21822.54,16459.36,16000.0,-10636.82,0.7332,586.54,0.0229,0.925,0.092,0.6,24,-0.1248,0.613,0.663,0.0,1,4039.4,384000.0,0,0,1.0,1
38098.28,24458.04,0.0,13640.24,0.0,68900.75,0.4082,0.892,0.142,0.875,0,0.0954,0.918,0.929,0.358,0,3107.3,0.0,0,0,0.122,0
85821.05,52312.11,12000.0,21508.94,0.1398,105464.78,0.3653,0.847,0.185,0.868,0,0.3102,0.901,0.791,0.2506,0,11647.74,216000.0,0,0,0.2772,1
43985.11,22158.25,3000.0,18826.86,0.0682,123238.12,0.8611,0.97,0.098,0.952,0,0.0627,0.958,0.872,0.428,0,7125.87,45000.0,1,4,0.0047,0
50582.96,33413.51,1500.0,15669.45,0.0297,82936.72,0.3969,0.908,0.114,0.858,0,0.0182,0.861,0.945,0.3098,0,3357.92,18000.0,0,0,0.1143,0
24281.97,18562.63,16000.0,-10280.66,0.6589,579.43,0.0206,0.899,0.143,0.717,24,-0.2279,0.747,0.743,0.0,3,6703.63,384000.0,1,24,1.0,1
73661.69,37414.75,3000.0,33246.95,0.0407,192150.15,0.553,0.972,0.091,0.922,0,0.0553,0.973,0.806,0.4513,0,8979.8,45000.0,1,2,0.0018,0
34021.48,21937.1,0.0,12084.37,0.0,61344.67,0.3525,0.889,0.132,0.842,0,0.0388,0.869,0.864,0.3552,0,4511.22,0.0,0,0,0.2612,0
54150.19,26948.31,0.0,27201.88,0.0,167502.74,0.7782,0.971,0.085,0.93,0,0.0683,0.987,0.862,0.5023,0,5387.63,0.0,0,0,0.001,0
33849.59,26017.84,8000.0,-168.25,0.2363,5318.4,0.1104,0.914,0.102,0.754,13,-0.1881,0.761,0.516,0.0,3,4512.2,192000.0,1,10,0.9999,1
57785.0,29020.39,0.0,28764.61,0.0,170518.57,0.6913,0.974,0.093,0.949,0,0.0581,0.997,0.911,0.4978,0,5048.67,0.0,1,12,0.001,0
33651.52,25584.47,20000.0,-11932.95,0.5943,578.66,0.0149,0.918,0.094,0.606,24,-0.1756,0.739,0.609,0.0,2,5713.79,480000.0,0,0,1.0,1
27095.98,20848.23,12000.0,-5752.25,0.4429,665.87,0.0185,0.911,0.105,0.603,24,-0.2267,0.655,0.668,0.0,1,4785.73,288000.0,0,0,1.0,1
27786.14,17390.92,1500.0,8895.22,0.054,52242.24,0.6268,0.917,0.116,0.826,0,-0.0822,0.937,0.925,0.3201,0,3320.72,18000.0,0,0,0.1573,0
35530.75,23143.95,0.0,12386.8,0.0,64408.07,0.3857,0.908,0.096,0.912,0,0.0164,0.9,0.936,0.3486,0,3731.74,0.0,0,0,0.0813,0
66488.08,33719.19,3000.0,29768.89,0.0451,174038.61,0.5649,0.979,0.087,0.959,0,0.0442,0.988,0.806,0.4477,0,6343.69,45000.0,0,0,0.0021,0
28227.16,18308.34,0.0,9918.81,0.0,54962.75,0.5466,0.867,0.169,0.831,0,-0.1778,0.926,0.912,0.3514,0,4633.36,0.0,0,0,0.3871,0
36298.5,24123.39,2500.0,9675.12,0.0689,53263.46,0.4118,0.894,0.122,0.869,0,-0.1183,0.884,0.838,0.2665,0,4575.42,30000.0,0,0,0.4216,1
29573.95,19298.53,3500.0,6775.42,0.1183,38614.64,0.358,0.88,0.134,0.803,0,-0.0906,0.941,0.833,0.2291,0,3557.13,42000.0,0,0,0.6955,1
42673.49,32834.0,16000.0,-6160.51,0.3749,623.37,0.0117,0.916,0.09,0.6,24,-0.2065,0.707,0.726,0.0,3,6149.82,384000.0,0,0,1.0,1
50451.02,25246.15,0.0,25204.86,0.0,163671.76,0.9673,0.975,0.082,0.901,0,0.0258,0.962,0.894,0.4996,0,6642.42,0.0,0,0,0.0008,0
33445.99,20677.14,0.0,12768.85,0.0,69361.17,0.5622,0.884,0.147,0.821,0,-0.0543,0.976,0.952,0.3818,0,3409.31,0.0,0,0,0.1237,1
47774.68,24024.63,3000.0,20750.05,0.0628,146469.53,1.0818,0.971,0.09,0.928,0,0.0547,0.999,0.856,0.4343,0,5275.43,45000.0,0,0,0.0013,0
38157.8,19085.5,0.0,19072.3,0.0,126358.95,1.033,0.974,0.096,0.963,0,0.0466,0.951,0.762,0.4998,0,6103.93,0.0,1,10,0.002,0
35680.22,27792.24,12000.0,-4112.02,0.3363,608.62,0.014,0.91,0.115,0.771,24,-0.1379,0.563,0.626,0.0,1,4553.46,288000.0,0,0,1.0,1
34053.27,21768.14,0.0,12285.13,0.0,65784.31,0.4164,0.882,0.161,0.884,0,-0.0907,0.943,0.928,0.3608,0,4127.32,0.0,0,0,0.2404,0
82213.6,43146.26,6000.0,33067.34,0.073,195157.61,0.4982,0.979,0.103,0.946,0,0.0402,0.988,0.86,0.4022,0,7928.48,90000.0,1,11,0.0024,0
32041.62,20618.55,1500.0,9923.07,0.0468,55640.29,0.5022,0.882,0.146,0.849,0,0.1323,0.944,0.89,0.3097,0,4994.47,18000.0,0,0,0.2024,0
72437.75,35514.93,3000.0,33922.82,0.0414,207562.74,0.7309,0.973,0.082,0.945,0,0.0471,0.926,0.754,0.4683,0,6086.07,45000.0,0,0,0.001,0
44667.29,28601.74,1500.0,14565.55,0.0336,79321.26,0.3934,0.878,0.131,0.883,0,0.1047,0.939,0.938,0.3261,0,4705.0,18000.0,0,0,0.1102,0
33449.56,21472.29,1500.0,10477.27,0.0448,55286.54,0.4215,0.9,0.095,0.883,0,0.0017,0.977,0.938,0.3132,0,4790.29,18000.0,0,0,0.1073,0
57443.77,29070.89,0.0,28372.87,0.0,174897.08,0.8108,0.974,0.102,0.954,0,0.0555,0.972,0.821,0.4939,0,6392.36,0.0,0,0,0.001,0
34330.54,26428.99,12000.0,-4098.46,0.3495,873.37,0.0146,0.926,0.082,0.572,24,-0.132,0.639,0.603,0.0,2,5766.47,288000.0,1,17,1.0,1
47702.64,29784.17,1500.0,16418.47,0.0314,81210.61,0.3022,0.907,0.108,0.926,0,0.0726,0.976,0.909,0.3442,0,4374.18,18000.0,0,0,0.0611,0
25799.42,19534.16,8000.0,-1734.74,0.3101,866.03,0.0194,0.916,0.11,0.662,24,-0.1302,0.584,0.693,0.0,2,5737.38,192000.0,1,6,1.0,1
48271.4,24536.01,6000.0,17735.38,0.1243,132787.17,1.0876,0.975,0.097,0.917,0,0.0503,0.982,0.874,0.3674,1,6170.03,90000.0,0,0,0.0082,0
64856.74,32165.1,3000.0,29691.64,0.0463,184346.61,0.7701,0.972,0.1,0.972,0,0.0604,0.948,0.849,0.4578,0,7819.94,45000.0,0,0,0.0013,0
41362.44,26950.29,3500.0,10912.15,0.0846,58050.58,0.3182,0.905,0.135,0.813,0,0.0036,0.966,0.885,0.2638,0,4900.34,42000.0,0,0,0.368,0
92233.68,55991.14,8000.0,28242.54,0.0867,120160.58,0.3175,0.823,0.175,0.83,0,0.3822,0.901,0.762,0.3062,0,11373.37,144000.0,1,3,0.1385,1
43382.82,27828.53,0.0,15554.29,0.0,77479.69,0.3735,0.903,0.125,0.888,0,0.1449,0.905,0.904,0.3585,0,4716.16,0.0,0,0,0.0759,0
37920.52,28669.45,20000.0,-10748.92,0.5274,517.31,0.0132,0.92,0.115,0.568,24,-0.155,0.581,0.658,0.0,1,4160.37,480000.0,0,0,1.0,1
51131.85,32843.67,0.0,18288.18,0.0,90611.45,0.3346,0.874,0.147,0.827,0,-0.1061,0.856,0.854,0.3577,0,4227.12,0.0,0,0,0.2886,0
34440.39,22163.75,0.0,12276.64,0.0,68017.99,0.531,0.89,0.13,0.816,0,0.0026,0.896,0.885,0.3565,0,4509.24,0.0,0,0,0.1554,0
45492.17,29057.87,3500.0,12934.3,0.0769,67812.09,0.3836,0.874,0.138,0.926,0,0.2177,0.887,0.837,0.2843,0,4573.76,42000.0,0,0,0.2063,0
82273.58,51843.81,8000.0,22429.77,0.0972,103896.01,0.4076,0.843,0.164,0.927,0,0.3817,0.862,0.773,0.2726,0,7310.82,144000.0,0,0,0.1237,0
66602.47,33386.02,6000.0,27216.46,0.0901,171232.37,0.735,0.972,0.09,0.913,0,0.0602,0.935,0.796,0.4086,0,5185.62,90000.0,0,0,0.0037,0
86957.13,54659.11,12000.0,20298.02,0.138,97171.56,0.3046,0.856,0.169,0.945,0,0.1749,0.824,0.829,0.2334,0,6546.79,216000.0,0,0,0.3554,1
56538.33,28288.3,0.0,28250.03,0.0,173866.17,0.8299,0.974,0.09,0.933,0,0.0568,0.952,0.866,0.4997,0,7850.18,0.0,0,0,0.0009,0
38674.45,24922.58,0.0,13751.88,0.0,68714.8,0.3689,0.91,0.117,0.87,0,-0.0263,0.932,0.876,0.3556,0,4082.66,0.0,0,0,0.1257,0
31324.25,19931.86,2500.0,8892.38,0.0798,50283.32,0.4992,0.898,0.141,0.856,0,0.0017,0.887,0.939,0.2839,0,4207.86,30000.0,0,0,0.3294,1
23285.64,15062.69,0.0,8222.95,0.0,46903.24,0.5841,0.904,0.141,0.832,0,0.059,0.915,0.953,0.3531,1,3809.66,0.0,0,0,0.2895,1
35864.97,18312.07,3000.0,14552.91,0.0836,103539.85,1.0566,0.974,0.083,0.911,0,0.0627,0.982,0.787,0.4058,0,6810.22,45000.0,1,1,0.005,0
58408.73,36497.43,8000.0,13911.3,0.137,77776.76,0.5344,0.851,0.135,0.95,0,0.3226,0.952,0.866,0.2382,1,10325.6,144000.0,0,0,0.2084,0
56794.92,27935.94,0.0,28858.98,0.0,177994.15,0.8604,0.971,0.079,0.944,0,0.0438,0.989,0.909,0.5081,0,8877.83,0.0,1,9,0.0005,0
55382.89,27732.48,3000.0,24650.42,0.0542,150883.22,0.697,0.971,0.11,0.968,0,0.0446,0.996,0.836,0.4451,0,8970.95,45000.0,1,5,0.0036,0
143549.17,85967.39,16000.0,41581.77,0.1115,174424.75,0.2278,0.855,0.143,0.864,0,0.3589,0.893,0.76,0.2897,0,10152.63,288000.0,1,20,0.0235,0
61791.22,30121.57,0.0,31669.66,0.0,192687.73,0.7673,0.976,0.092,0.905,0,0.0463,0.993,0.885,0.5125,0,7759.41,0.0,0,0,0.0006,0
25922.19,19951.49,20000.0,-14029.3,0.7715,624.24,0.0193,0.925,0.097,0.692,24,-0.1977,0.525,0.696,0.0,1,5397.8,480000.0,0,0,1.0,1
37047.03,23240.81,1500.0,12306.23,0.0405,67506.18,0.433,0.885,0.139,0.913,0,-0.1154,0.963,0.926,0.3322,0,4373.77,18000.0,0,0,0.1966,1
113727.59,69802.3,4000.0,39925.29,0.0352,168565.81,0.3339,0.884,0.145,0.852,0,0.2917,0.87,0.769,0.3511,0,6543.12,72000.0,0,0,0.0133,0
32311.59,24680.36,12000.0,-4368.77,0.3714,623.74,0.0155,0.916,0.098,0.751,24,-0.1986,0.679,0.653,0.0,4,6795.96,288000.0,1,12,1.0,1
34597.58,22054.29,0.0,12543.29,0.0,64753.43,0.3963,0.901,0.143,0.918,0,-0.112,0.86,0.898,0.3625,0,3717.27,0.0,0,0,0.2445,0
80646.51,40448.15,3000.0,37198.35,0.0372,210568.7,0.5668,0.97,0.098,0.917,0,0.041,0.953,0.906,0.4613,0,7585.05,45000.0,1,7,0.0011,0
51058.37,25513.18,6000.0,19545.19,0.1175,130133.25,0.8503,0.971,0.091,0.904,0,0.0652,0.929,0.864,0.3828,0,6243.03,90000.0,1,10,0.0079,0
24001.71,18057.04,16000.0,-10055.33,0.6666,672.41,0.0208,0.906,0.089,0.745,24,-0.1985,0.733,0.636,0.0,3,4785.23,384000.0,1,22,1.0,1
45879.22,23548.99,0.0,22330.23,0.0,144657.2,0.9093,0.969,0.093,0.967,0,0.0618,0.985,0.803,0.4867,0,5491.55,0.0,0,0,0.0014,0
101602.91,60964.9,4000.0,36638.02,0.0394,166459.67,0.4431,0.857,0.164,0.841,0,0.3775,0.828,0.871,0.3606,0,11168.87,72000.0,1,17,0.0164,0
36598.95,23399.24,1500.0,11699.71,0.041,62617.76,0.434,0.898,0.098,0.825,0,0.0094,0.902,0.891,0.3197,0,4108.43,18000.0,0,0,0.1663,0
38287.85,19431.33,3000.0,15856.52,0.0784,121085.38,1.2638,0.969,0.098,0.915,0,0.0478,0.948,0.906,0.4141,0,5181.84,45000.0,1,13,0.0022,0
133839.82,83008.61,12000.0,38831.21,0.0897,169274.14,0.3126,0.85,0.194,0.871,0,0.3152,0.878,0.869,0.2901,0,8513.24,216000.0,0,0,0.0388,0
45994.72,29684.44,2500.0,13810.28,0.0544,78033.14,0.4552,0.88,0.123,0.903,0,-0.0168,0.855,0.834,0.3003,0,3840.86,30000.0,0,0,0.216,1
29570.24,18967.69,1500.0,9102.55,0.0507,54845.11,0.6317,0.885,0.116,0.927,0,0.0464,0.872,0.948,0.3078,0,4391.02,18000.0,0,0,0.1148,0
97900.24,62050.15,16000.0,19850.1,0.1634,102420.58,0.3712,0.855,0.158,0.924,0,0.3345,0.919,0.823,0.2028,2,6451.18,288000.0,0,0,0.5363,0
82720.91,41538.48,6000.0,35182.43,0.0725,206820.94,0.5808,0.974,0.092,0.974,0,0.0529,0.944,0.896,0.4253,0,6087.18,90000.0,0,0,0.0012,0
41215.15,26626.88,0.0,14588.27,0.0,79698.15,0.4655,0.906,0.12,0.811,0,0.026,0.975,0.89,0.354,0,3829.0,0.0,0,0,0.0776,0
43074.91,21888.53,0.0,21186.38,0.0,136547.81,0.927,0.975,0.084,0.93,0,0.05,0.955,0.907,0.4918,0,5840.3,0.0,0,0,0.0014,0
30189.14,19295.12,0.0,10894.03,0.0,56494.29,0.4231,0.888,0.129,0.929,0,0.2055,0.952,0.832,0.3609,0,3527.13,0.0,0,0,0.0937,0
69130.43,35028.7,6000.0,28101.73,0.0868,165330.05,0.5186,0.973,0.098,0.923,0,0.0439,0.959,0.874,0.4065,0,5173.35,90000.0,0,0,0.0057,0
40719.79,26044.52,0.0,14675.27,0.0,78689.57,0.4979,0.894,0.144,0.818,0,0.0173,0.893,0.902,0.3604,1,4949.47,0.0,0,0,0.2809,1
90757.68,56995.24,8000.0,25762.44,0.0881,127588.79,0.3742,0.871,0.182,0.839,0,0.2671,0.91,0.822,0.2839,2,9632.4,144000.0,0,0,0.4161,1
39706.66,25975.61,1500.0,12231.05,0.0378,68557.15,0.5041,0.892,0.126,0.921,0,0.071,0.956,0.864,0.308,0,3183.25,18000.0,0,0,0.0955,0
51125.5,33118.91,1500.0,16506.59,0.0293,83106.55,0.3425,0.911,0.124,0.825,0,-0.0385,0.972,0.906,0.3229,0,3788.19,18000.0,0,0,0.1245,0
56866.47,28995.32,0.0,27871.15,0.0,179783.09,0.9279,0.978,0.085,0.926,0,0.0362,0.938,0.916,0.4901,0,7801.9,0.0,0,0,0.0006,0
19416.65,15073.74,8000.0,-3657.1,0.412,855.88,0.0258,0.887,0.128,0.555,24,-0.2611,0.578,0.666,0.0,4,6714.31,192000.0,0,0,1.0,1
38540.03,24938.96,1500.0,12101.07,0.0389,67720.5,0.456,0.89,0.136,0.903,0,-0.0676,0.95,0.874,0.314,1,4709.37,18000.0,0,0,0.3532,0
51228.38,25228.33,0.0,26000.05,0.0,160600.41,0.757,0.971,0.116,0.959,0,0.0576,0.991,0.893,0.5075,0,7195.26,0.0,1,7,0.0016,0
35658.14,22690.91,1500.0,11467.23,0.0421,58717.01,0.3419,0.909,0.138,0.871,0,-0.1373,0.871,0.917,0.3216,0,3870.54,18000.0,0,0,0.385,0
57783.87,28687.57,3000.0,26096.3,0.0519,172266.03,0.916,0.975,0.085,0.908,0,0.056,0.978,0.919,0.4516,0,8388.28,45000.0,0,0,0.001,0
101037.92,63868.37,12000.0,25169.55,0.1188,117306.27,0.3362,0.829,0.187,0.942,0,0.2496,0.943,0.744,0.2491,0,11981.01,216000.0,1,5,0.1839,1
76195.94,37041.44,3000.0,36154.5,0.0394,208869.14,0.5805,0.972,0.101,0.909,0,0.0448,0.927,0.894,0.4745,0,6469.55,45000.0,1,10,0.0014,0
28154.27,17765.92,0.0,10388.35,0.0,57591.99,0.5459,0.897,0.154,0.834,0,0.0285,0.94,0.84,0.369,0,3562.56,0.0,0,0,0.1947,1
67237.29,34372.47,0.0,32864.82,0.0,193042.46,0.6427,0.974,0.072,0.929,0,0.0539,0.937,0.897,0.4888,0,7072.91,0.0,1,13,0.0007,0
44176.08,28402.84,1500.0,14273.25,0.034,76001.57,0.3828,0.909,0.126,0.926,0,0.099,0.931,0.928,0.3231,0,4421.31,18000.0,0,0,0.083,0
41826.09,26138.58,0.0,15687.51,0.0,81580.42,0.4595,0.913,0.121,0.931,0,0.0037,0.855,0.839,0.3751,0,4363.21,0.0,0,0,0.0867,0
42157.28,26805.97,0.0,15351.31,0.0,79244.13,0.4073,0.882,0.135,0.847,0,-0.0067,0.881,0.946,0.3641,1,3997.12,0.0,0,0,0.2957,0
64526.61,32237.67,0.0,32288.94,0.0,203916.49,0.8701,0.97,0.102,0.941,0,0.0598,0.966,0.903,0.5004,0,8453.55,0.0,1,11,0.0004,0
32367.63,20294.43,0.0,12073.2,0.0,65280.67,0.474,0.873,0.162,0.858,0,-0.0065,0.872,0.883,0.373,0,3631.83,0.0,0,0,0.2879,0
82192.61,41265.41,0.0,40927.2,0.0,237752.69,0.6381,0.974,0.111,0.926,0,0.0545,0.985,0.792,0.4979,0,7652.51,0.0,1,11,0.0005,0
39298.85,25476.03,0.0,13822.83,0.0,68341.35,0.3074,0.904,0.108,0.83,0,0.1021,0.916,0.902,0.3517,0,3401.29,0.0,0,0,0.1184,0
44843.82,28259.74,2500.0,14084.08,0.0557,75867.97,0.3684,0.897,0.139,0.88,0,0.0482,0.909,0.951,0.3141,1,4854.54,30000.0,0,0,0.3368,0
31679.75,24049.44,12000.0,-4369.69,0.3788,661.89,0.0158,0.917,0.11,0.772,24,-0.1934,0.684,0.635,0.0,2,5929.91,288000.0,0,0,1.0,1
73354.1,36580.73,6000.0,30773.37,0.0818,185499.93,0.62,0.972,0.109,0.904,0,0.0698,0.925,0.872,0.4195,0,7169.2,90000.0,0,0,0.0037,0
39318.99,25375.38,3500.0,10443.61,0.089,57002.01,0.3925,0.885,0.128,0.831,0,0.0583,0.874,0.829,0.2656,0,4390.26,42000.0,0,0,0.4251,0
30799.7,23406.4,8000.0,-606.7,0.2597,4109.76,0.0795,0.95,0.081,0.639,13,-0.0977,0.675,0.583,0.0,1,6705.02,192000.0,1,23,0.9994,1
44328.74,28207.38,0.0,16121.36,0.0,81359.16,0.3597,0.887,0.124,0.83,0,0.0807,0.944,0.91,0.3637,0,3780.63,0.0,0,0,0.0983,1
34851.89,22126.52,1500.0,11225.36,0.043,58182.42,0.367,0.897,0.118,0.877,0,-0.0205,0.943,0.923,0.3221,0,3181.94,18000.0,0,0,0.1965,0
43492.33,27310.28,2500.0,13682.05,0.0575,74541.0,0.3732,0.896,0.124,0.892,0,-0.0785,0.957,0.863,0.3146,0,4040.64,30000.0,0,0,0.1975,1
38320.64,28812.54,12000.0,-2491.9,0.3131,980.16,0.013,0.916,0.098,0.591,21,-0.1704,0.629,0.512,0.0,1,6212.46,288000.0,1,8,1.0,1
38248.89,24253.32,3500.0,10495.57,0.0915,58509.6,0.3767,0.895,0.131,0.9,0,-0.0023,0.91,0.857,0.2744,0,3853.59,42000.0,0,0,0.3448,0
74980.78,36680.42,6000.0,32300.35,0.08,195041.36,0.6245,0.973,0.085,0.903,0,0.051,0.928,0.849,0.4308,0,6055.14,90000.0,0,0,0.0023,0
45196.82,28965.28,2500.0,13731.53,0.0553,74447.1,0.4112,0.903,0.125,0.866,0,-0.0759,0.864,0.898,0.3038,0,3664.31,30000.0,0,0,0.2429,0
52518.7,33597.5,2500.0,16421.2,0.0476,85899.28,0.4072,0.915,0.123,0.86,0,-0.0209,0.968,0.884,0.3127,0,3499.1,30000.0,0,0,0.0995,0
43351.11,32281.46,8000.0,3069.65,0.1845,13018.21,0.1354,0.933,0.073,0.571,0,-0.1788,0.662,0.608,0.0708,2,4570.03,192000.0,0,0,0.9976,1
68852.17,35198.8,0.0,33653.37,0.0,204279.58,0.7721,0.972,0.094,0.918,0,0.0602,0.976,0.789,0.4888,0,7681.64,0.0,1,7,0.0006,0
68217.7,35197.69,3000.0,30020.01,0.044,187278.94,0.7376,0.975,0.098,0.908,0,0.0307,0.967,0.758,0.4401,0,7570.6,45000.0,0,0,0.002,0
36550.41,23126.6,1500.0,11923.81,0.041,67578.09,0.4999,0.894,0.123,0.831,0,-0.0317,0.933,0.917,0.3262,1,3294.17,18000.0,0,0,0.3181,0
35983.62,23423.21,1500.0,11060.41,0.0417,65188.13,0.5848,0.883,0.128,0.89,0,-0.0681,0.914,0.826,0.3074,0,4728.81,18000.0,0,0,0.1896,0
45274.28,29217.02,1500.0,14557.27,0.0331,76099.3,0.3582,0.91,0.119,0.891,0,0.0429,0.919,0.908,0.3215,0,4747.51,18000.0,0,0,0.1127,0
62074.14,30607.12,0.0,31467.02,0.0,192377.98,0.7903,0.972,0.111,0.94,0,0.0621,0.949,0.897,0.5069,0,5134.37,0.0,0,0,0.0008,0
95919.31,49226.69,0.0,46692.62,0.0,262213.77,0.4976,0.974,0.073,0.903,0,0.0262,0.988,0.913,0.4868,0,6938.15,0.0,0,0,0.0002,0
68567.33,34577.36,0.0,33989.96,0.0,194256.21,0.6,0.975,0.095,0.953,0,0.0461,0.941,0.825,0.4957,0,5501.83,0.0,0,0,0.0011,0
67716.15,42826.32,4000.0,20889.83,0.0591,98102.17,0.4026,0.84,0.167,0.851,0,0.3067,0.908,0.72,0.3085,0,10389.96,72000.0,0,0,0.1771,0
27207.28,20648.31,8000.0,-1441.03,0.294,746.75,0.0184,0.911,0.122,0.577,20,-0.2209,0.728,0.681,0.0,1,4843.78,192000.0,0,0,0.9999,1
40818.69,25103.08,0.0,15715.61,0.0,81772.75,0.4973,0.883,0.115,0.936,0,0.1751,0.944,0.832,0.385,0,3975.61,0.0,0,0,0.0384,0
69866.11,35158.31,6000.0,28707.8,0.0859,176304.42,0.6677,0.971,0.088,0.905,0,0.0438,0.967,0.901,0.4109,0,6552.84,90000.0,0,0,0.0026,0
34585.34,26175.94,8000.0,409.4,0.2313,4430.29,0.092,0.923,0.115,0.736,10,-0.1134,0.776,0.592,0.0118,2,5255.9,192000.0,0,0,0.9994,1
52098.27,26018.45,6000.0,20079.82,0.1152,142615.05,0.9955,0.975,0.088,0.976,0,0.0416,0.973,0.769,0.3854,0,7828.82,90000.0,0,0,0.0032,0
64006.07,32471.33,0.0,31534.74,0.0,198138.39,0.8377,0.972,0.095,0.973,0,0.0584,0.938,0.783,0.4927,0,7468.07,0.0,0,0,0.0006,0
71256.61,35386.2,0.0,35870.41,0.0,201556.69,0.5553,0.971,0.087,0.943,0,0.0519,0.938,0.882,0.5034,0,8226.98,0.0,1,5,0.0008,0
93359.71,57184.75,12000.0,24174.96,0.1285,120731.15,0.3862,0.861,0.172,0.933,0,0.2324,0.921,0.868,0.2589,0,6296.12,216000.0,0,0,0.1076,0
83987.75,52963.59,8000.0,23024.16,0.0953,116411.26,0.4818,0.831,0.214,0.916,0,0.4472,0.958,0.773,0.2741,0,7116.73,144000.0,1,20,0.1065,0
60707.33,31155.23,0.0,29552.11,0.0,182840.42,0.7803,0.974,0.093,0.975,0,0.0617,0.923,0.759,0.4868,0,8943.07,0.0,0,0,0.0011,0
82428.0,40735.89,0.0,41692.11,0.0,236922.13,0.5794,0.971,0.091,0.907,0,0.0597,0.975,0.786,0.5058,0,6905.93,0.0,1,7,0.0004,0
87555.4,43766.0,0.0,43789.4,0.0,248958.38,0.6102,0.972,0.083,0.955,0,0.0585,0.967,0.776,0.5001,0,8520.69,0.0,0,0,0.0002,0
33562.61,21520.45,2500.0,9542.16,0.0745,57970.07,0.5728,0.888,0.15,0.839,0,0.0639,0.866,0.905,0.2843,0,4105.73,30000.0,0,0,0.3064,0
76432.51,38570.91,6000.0,31861.6,0.0785,201038.2,0.6796,0.973,0.105,0.98,0,0.0458,0.927,0.778,0.4169,0,7339.75,90000.0,0,0,0.0022,0
31599.86,20072.24,0.0,11527.63,0.0,65791.27,0.6236,0.904,0.111,0.823,0,-0.1344,0.966,0.849,0.3648,0,4951.77,0.0,0,0,0.1018,0
78154.38,38984.79,0.0,39169.6,0.0,221359.41,0.5273,0.975,0.107,0.972,0,0.0542,0.971,0.9,0.5012,0,5842.57,0.0,0,0,0.0005,0
75799.65,46846.56,12000.0,16953.09,0.1583,83767.58,0.4071,0.853,0.156,0.859,0,0.4328,0.886,0.842,0.2237,0,8234.43,216000.0,1,5,0.2323,0
87808.39,43221.05,6000.0,38587.34,0.0683,223342.87,0.5556,0.975,0.104,0.979,0,0.0336,0.963,0.876,0.4394,0,7139.31,90000.0,0,0,0.0009,0
26845.68,20822.33,20000.0,-13976.65,0.745,521.3,0.0186,0.932,0.091,0.758,24,-0.0684,0.639,0.687,0.0,1,4116.84,480000.0,1,11,1.0,1
33080.53,20795.01,1500.0,10785.53,0.0453,58944.07,0.4209,0.899,0.118,0.892,0,-0.0733,0.858,0.877,0.326,0,4709.74,18000.0,0,0,0.2775,0
69211.5,41532.58,8000.0,19678.93,0.1156,92703.17,0.3595,0.855,0.186,0.943,0,0.3234,0.931,0.891,0.2843,0,10071.03,144000.0,0,0,0.1638,0
68884.38,34438.35,0.0,34446.02,0.0,214856.65,0.8536,0.976,0.104,0.945,0,0.0303,0.934,0.763,0.5001,0,6757.32,0.0,0,0,0.0006,0
41266.62,26319.8,2500.0,12446.82,0.0606,66829.92,0.4029,0.911,0.119,0.904,0,0.0734,0.928,0.924,0.3016,0,3679.48,30000.0,0,0,0.123,0
33215.0,21612.06,0.0,11602.94,0.0,63634.23,0.4955,0.904,0.113,0.924,0,0.046,0.961,0.859,0.3493,0,4677.64,0.0,0,0,0.0668,0
77154.24,38453.44,3000.0,35700.8,0.0389,202688.37,0.493,0.974,0.098,0.956,0,0.0523,0.968,0.848,0.4627,0,5446.82,45000.0,0,0,0.0014,0
40973.58,25342.94,4000.0,11630.63,0.0976,73422.68,0.8835,0.841,0.174,0.871,0,0.467,0.953,0.751,0.2839,0,7507.89,72000.0,0,0,0.0773,0
30665.64,19682.31,0.0,10983.33,0.0,58975.55,0.469,0.903,0.128,0.89,0,0.0394,0.853,0.96,0.3582,0,3861.64,0.0,0,0,0.1385,0
32549.14,20649.42,2500.0,9399.72,0.0768,50651.33,0.4027,0.885,0.137,0.94,0,-0.1347,0.903,0.942,0.2888,0,3851.85,30000.0,0,0,0.3788,0
62872.01,31432.65,6000.0,25439.36,0.0954,155821.92,0.6605,0.972,0.091,0.902,0,0.0504,0.967,0.905,0.4046,0,7998.9,90000.0,1,2,0.0046,0
65068.47,33373.15,3000.0,28695.32,0.0461,182250.29,0.7966,0.972,0.097,0.908,0,0.0442,0.944,0.868,0.441,0,6995.96,45000.0,1,12,0.0016,0
33174.19,21587.51,0.0,11586.68,0.0,65748.24,0.6353,0.892,0.134,0.884,0,0.0129,0.965,0.835,0.3493,1,4473.8,0.0,0,0,0.1747,1
38904.77,25172.0,2500.0,11232.77,0.0643,59016.21,0.3903,0.886,0.157,0.862,0,-0.1689,0.866,0.912,0.2887,0,4344.07,30000.0,0,0,0.5423,1
42214.8,26853.98,1500.0,13860.81,0.0355,69585.27,0.2984,0.905,0.104,0.853,0,-0.1249,0.951,0.927,0.3283,0,3620.87,18000.0,0,0,0.1818,1
46007.57,23026.63,6000.0,16980.94,0.1304,127034.86,1.0824,0.974,0.101,0.903,0,0.0527,0.922,0.862,0.3691,0,6374.97,90000.0,0,0,0.0065,0
53106.55,32955.38,0.0,20151.17,0.0,104545.62,0.4322,0.899,0.144,0.855,0,0.0279,0.926,0.936,0.3794,0,4022.35,0.0,0,0,0.0607,0
48217.44,30266.56,1500.0,16450.89,0.0311,83369.8,0.3798,0.91,0.133,0.837,0,-0.0279,0.961,0.823,0.3412,0,4262.75,18000.0,0,0,0.1505,0
79532.59,40072.6,0.0,39459.99,0.0,222217.87,0.5012,0.971,0.102,0.908,0,0.0365,0.972,0.755,0.4961,0,7820.34,0.0,0,0,0.0011,0
29009.86,22341.28,16000.0,-9331.42,0.5515,712.82,0.0172,0.918,0.101,0.704,24,-0.1637,0.716,0.509,0.0,3,5135.35,384000.0,0,0,1.0,1
91708.3,56337.9,8000.0,27370.4,0.0872,134464.93,0.4628,0.856,0.167,0.828,0,0.3249,0.852,0.88,0.2985,0,6313.84,144000.0,1,14,0.0678,0
81389.28,41326.86,6000.0,34062.42,0.0737,202751.69,0.6011,0.975,0.077,0.932,0,0.0379,0.944,0.795,0.4185,0,8907.34,90000.0,1,13,0.0016,0
105950.72,66159.75,8000.0,31790.96,0.0755,139767.72,0.3364,0.839,0.169,0.887,0,0.2973,0.85,0.81,0.3001,1,9237.89,144000.0,1,5,0.1545,1
35260.54,21827.56,0.0,13432.98,0.0,65228.71,0.4162,0.878,0.116,0.805,0,0.1357,0.861,0.904,0.381,1,3787.4,0.0,0,0,0.2962,0
30350.48,23408.21,12000.0,-5057.73,0.3954,535.06,0.0165,0.899,0.134,0.679,24,-0.1986,0.647,0.73,0.0,1,6472.87,288000.0,1,27,1.0,1
34128.73,21729.65,0.0,12399.08,0.0,66638.97,0.4844,0.884,0.145,0.927,0,-0.1109,0.924,0.845,0.3633,0,4083.93,0.0,0,0,0.1888,0
56240.22,27941.52,3000.0,25298.7,0.0533,169688.3,0.9512,0.973,0.094,0.94,0,0.0485,0.949,0.897,0.4498,0,6020.47,45000.0,0,0,0.0012,0
45798.09,28771.9,0.0,17026.19,0.0,87785.48,0.4116,0.896,0.117,0.862,0,0.0106,0.966,0.833,0.3718,0,3223.57,0.0,0,0,0.0733,0
53389.14,26877.56,6000.0,20511.58,0.1124,133808.57,0.795,0.974,0.082,0.903,0,0.0435,0.956,0.869,0.3842,0,5861.97,90000.0,0,0,0.0064,0
32506.82,25037.76,20000.0,-12530.93,0.6153,500.0,0.0154,0.898,0.127,0.583,24,-0.1878,0.769,0.594,0.0,1,6366.5,480000.0,1,28,1.0,1
25739.86,15834.46,2500.0,7405.4,0.0971,42331.72,0.4841,0.905,0.134,0.834,0,0.0467,0.944,0.935,0.2877,0,4723.98,30000.0,0,0,0.3151,1
51029.95,24501.93,6000.0,20528.02,0.1176,127820.46,0.6732,0.972,0.093,0.912,0,0.0581,0.989,0.84,0.4023,0,7552.56,90000.0,0,0,0.0105,1
31645.61,20035.52,3500.0,8110.08,0.1106,48280.31,0.5323,0.892,0.118,0.833,0,0.2242,0.891,0.865,0.2563,0,3398.95,42000.0,0,0,0.2433,1
48953.25,31192.45,2500.0,15260.8,0.0511,82343.04,0.4355,0.896,0.143,0.886,0,0.0254,0.853,0.866,0.3117,0,3832.92,30000.0,0,0,0.2051,1
63815.46,31484.44,6000.0,26331.02,0.094,165280.03,0.7094,0.973,0.104,0.911,0,0.0511,0.975,0.895,0.4126,0,5434.84,90000.0,0,0,0.0038,0
27463.76,20750.66,20000.0,-13286.9,0.7282,530.83,0.0182,0.925,0.084,0.622,24,-0.1365,0.683,0.595,0.0,4,4856.14,480000.0,1,15,1.0,1
30402.24,19423.3,1500.0,9478.94,0.0493,53685.33,0.4947,0.904,0.123,0.889,0,0.1616,0.913,0.952,0.3118,0,4651.49,18000.0,0,0,0.1156,0
32849.34,20955.38,1500.0,10393.96,0.0457,59392.02,0.5414,0.886,0.113,0.822,0,0.1501,0.886,0.851,0.3164,0,3020.48,18000.0,0,0,0.1596,0
85258.79,42630.66,0.0,42628.13,0.0,241320.18,0.5608,0.976,0.093,0.925,0,0.0613,0.943,0.874,0.5,0,7139.42,0.0,0,0,0.0004,0
39800.0,25206.31,0.0,14593.69,0.0,71738.01,0.4072,0.879,0.147,0.938,0,0.0506,0.864,0.837,0.3667,0,3998.86,0.0,0,0,0.1734,0
33298.95,21118.85,1500.0,10680.1,0.045,56157.38,0.3921,0.897,0.107,0.849,0,-0.0769,0.888,0.918,0.3207,0,3427.48,18000.0,0,0,0.2622,0
67993.23,41829.39,4000.0,22163.84,0.0588,109479.85,0.5047,0.835,0.159,0.828,0,0.4291,0.907,0.89,0.326,2,9839.04,72000.0,0,0,0.2467,0
32469.27,20727.91,2500.0,9241.35,0.077,49383.8,0.4035,0.886,0.137,0.939,0,0.1014,0.908,0.954,0.2846,0,4760.69,30000.0,0,0,0.2375,0
73721.55,36381.26,0.0,37340.29,0.0,218060.91,0.6192,0.976,0.107,0.934,0,0.0485,0.985,0.893,0.5065,0,5910.24,0.0,0,0,0.0006,0
52890.71,26340.45,0.0,26550.26,0.0,175974.54,1.031,0.972,0.082,0.959,0,0.0366,0.967,0.776,0.502,0,8331.13,0.0,0,0,0.0005,0
56486.38,27715.77,0.0,28770.62,0.0,185440.11,0.9809,0.97,0.083,0.946,0,0.064,0.965,0.835,0.5093,0,5479.9,0.0,0,0,0.0004,0
41116.71,26262.94,2500.0,12353.78,0.0608,62568.08,0.3095,0.897,0.131,0.913,0,-0.0342,0.967,0.853,0.3005,0,3386.25,30000.0,0,0,0.2525,0
39972.64,26205.93,2500.0,11266.7,0.0625,58098.13,0.371,0.896,0.117,0.881,0,0.1433,0.878,0.927,0.2819,0,4062.47,30000.0,0,0,0.1891,0
35472.36,22567.27,1500.0,11405.09,0.0423,64115.21,0.5187,0.875,0.145,0.868,0,0.1024,0.897,0.869,0.3215,0,4033.08,18000.0,0,0,0.2061,1
80705.85,50147.0,4000.0,26558.85,0.0496,123107.98,0.4188,0.822,0.195,0.849,0,0.3478,0.945,0.827,0.3291,0,10011.12,72000.0,1,10,0.086,0
81337.16,49491.89,12000.0,19845.27,0.1475,99582.48,0.4253,0.839,0.189,0.928,0,0.292,0.886,0.885,0.244,0,9870.25,216000.0,0,0,0.2411,0
44105.67,28250.06,0.0,15855.62,0.0,80007.4,0.3469,0.908,0.11,0.856,0,-0.1097,0.917,0.91,0.3595,0,3796.42,0.0,0,0,0.1222,0
43285.79,32743.8,16000.0,-5458.01,0.3696,951.84,0.0116,0.934,0.084,0.582,24,-0.1231,0.707,0.676,0.0,1,5436.9,384000.0,1,33,1.0,1
49090.94,31223.36,0.0,17867.57,0.0,92466.02,0.4231,0.888,0.165,0.829,0,0.0654,0.949,0.865,0.364,0,4912.66,0.0,0,0,0.126,0
44839.41,28132.62,2500.0,14206.79,0.0558,76177.01,0.4231,0.928,0.113,0.886,0,-0.0148,0.865,0.882,0.3168,0,3552.8,30000.0,0,0,0.1415,0
87983.66,54439.17,12000.0,21544.49,0.1364,105500.04,0.3734,0.827,0.222,0.944,0,0.3177,0.939,0.839,0.2449,0,8004.0,216000.0,1,7,0.2785,1
70317.93,35626.56,6000.0,28691.37,0.0853,175374.79,0.7038,0.976,0.083,0.951,0,0.0424,0.957,0.886,0.408,0,7641.88,90000.0,0,0,0.0019,0
36574.41,22257.82,2500.0,11816.59,0.0684,63299.08,0.4223,0.887,0.135,0.889,0,0.013,0.968,0.825,0.3231,0,4367.1,30000.0,0,0,0.2357,0
39860.17,24741.7,3500.0,11618.47,0.0878,66497.13,0.5199,0.891,0.129,0.877,0,-0.0803,0.933,0.94,0.2915,0,3055.48,42000.0,0,0,0.214,1
52073.71,32177.1,0.0,19896.62,0.0,98225.58,0.351,0.898,0.121,0.934,0,0.0399,0.859,0.826,0.3821,0,4284.4,0.0,0,0,0.0757,1
67254.61,32241.51,3000.0,32013.1,0.0446,182193.17,0.5674,0.973,0.087,0.927,0,0.0718,0.993,0.79,0.476,0,8595.5,45000.0,0,0,0.0018,0
49805.66,24961.52,0.0,24844.14,0.0,148342.93,0.6772,0.975,0.094,0.92,0,0.0571,0.964,0.865,0.4988,0,8905.88,0.0,0,0,0.0026,0
36983.62,24273.32,2500.0,10210.29,0.0676,58505.18,0.4654,0.909,0.111,0.844,0,0.0395,0.914,0.865,0.2761,0,4208.88,30000.0,0,0,0.1987,0
62365.36,31057.8,0.0,31307.56,0.0,185675.55,0.7098,0.971,0.105,0.928,0,0.0594,0.932,0.879,0.502,0,5858.47,0.0,0,0,0.0012,0
42042.91,27701.95,0.0,14340.97,0.0,73334.52,0.353,0.917,0.114,0.86,0,-0.1161,0.915,0.829,0.3411,0,3148.73,0.0,0,0,0.1685,0
25962.5,20255.49,8000.0,-2292.99,0.3081,1226.84,0.0193,0.925,0.097,0.719,23,-0.1495,0.738,0.649,0.0,1,6107.66,192000.0,1,31,0.9999,1
49301.15,30710.56,1500.0,17090.59,0.0304,83495.17,0.2981,0.9,0.135,0.905,0,0.0625,0.864,0.83,0.3467,0,4036.63,18000.0,0,0,0.1792,0
95516.19,47288.06,0.0,48228.13,0.0,280628.07,0.6749,0.976,0.081,0.942,0,0.0486,0.976,0.82,0.5049,0,8043.5,0.0,0,0,0.0001,0
29227.35,22034.77,12000.0,-4807.42,0.4106,605.31,0.0171,0.929,0.088,0.777,24,-0.1422,0.597,0.543,0.0,1,5146.87,288000.0,0,0,1.0,1
106724.32,66600.35,8000.0,32123.97,0.075,145592.86,0.3118,0.827,0.194,0.93,0,0.4538,0.947,0.741,0.301,0,10722.22,144000.0,0,0,0.0485,0
37103.6,22558.62,1500.0,13044.98,0.0404,74169.46,0.5293,0.885,0.133,0.836,0,-0.0875,0.91,0.955,0.3516,0,3128.65,18000.0,0,0,0.1809,0
48718.56,31084.22,1500.0,16134.34,0.0308,83293.84,0.4102,0.884,0.13,0.807,0,0.0913,0.954,0.899,0.3312,0,4373.84,18000.0,0,0,0.1182,0
41251.81,26312.23,0.0,14939.58,0.0,79684.61,0.4567,0.885,0.141,0.812,0,-0.0694,0.869,0.847,0.3622,0,4634.94,0.0,0,0,0.2391,0
49185.03,25849.2,0.0,23335.83,0.0,154376.87,0.9941,0.972,0.086,0.928,0,0.0611,0.947,0.786,0.4744,0,8441.8,0.0,0,0,0.0012,0
51293.72,25103.85,0.0,26189.87,0.0,161928.36,0.8834,0.974,0.092,0.958,0,0.069,0.986,0.836,0.5106,0,8187.57,0.0,0,0,0.0008,0
31576.75,19944.42,0.0,11632.32,0.0,57420.67,0.3563,0.9,0.132,0.916,0,-0.0751,0.902,0.843,0.3684,0,4914.57,0.0,0,0,0.2392,1
37221.76,28016.05,20000.0,-10794.29,0.5373,661.91,0.0134,0.923,0.098,0.617,24,-0.1177,0.656,0.632,0.0,2,5207.34,480000.0,1,12,1.0,1
106908.33,66748.56,16000.0,24159.77,0.1497,110875.68,0.2767,0.839,0.18,0.831,0,0.4902,0.852,0.828,0.226,0,8428.88,288000.0,1,9,0.2516,0
45900.15,28963.45,3500.0,13436.7,0.0763,71008.87,0.3816,0.892,0.142,0.87,0,-0.0295,0.948,0.852,0.2927,0,3105.61,42000.0,0,0,0.2862,0
42366.11,26658.53,0.0,15707.58,0.0,79858.72,0.4043,0.891,0.139,0.865,0,-0.0164,0.925,0.889,0.3708,0,3647.28,0.0,0,0,0.1347,0
63158.69,31791.92,0.0,31366.76,0.0,184956.66,0.6697,0.973,0.09,0.901,0,0.0544,0.977,0.82,0.4966,0,7446.54,0.0,1,10,0.0012,0
30012.23,23204.56,16000.0,-9192.33,0.5331,719.03,0.0167,0.914,0.104,0.585,24,-0.152,0.597,0.747,0.0,1,6434.34,384000.0,0,0,1.0,1
105556.91,64142.22,8000.0,33414.7,0.0758,152824.74,0.3484,0.872,0.17,0.917,0,0.3308,0.951,0.755,0.3166,0,7309.72,144000.0,0,0,0.0261,0
56858.62,28581.62,6000.0,22277.0,0.1055,152163.52,0.934,0.973,0.088,0.973,0,0.0495,0.999,0.831,0.3918,0,5652.67,90000.0,0,0,0.0021,0
34270.7,26383.52,16000.0,-8112.82,0.4669,500.0,0.0146,0.933,0.091,0.584,24,-0.131,0.779,0.539,0.0,1,4093.85,384000.0,1,27,1.0,1
75837.3,44256.76,4000.0,27580.54,0.0527,128434.32,0.4804,0.839,0.163,0.908,0,0.3557,0.902,0.77,0.3637,0,9969.38,72000.0,0,0,0.0395,0
36049.12,23256.82,2500.0,10292.3,0.0693,60719.02,0.5377,0.905,0.125,0.912,0,0.0059,0.909,0.956,0.2855,0,3986.01,30000.0,0,0,0.1418,0
36549.93,22974.1,2500.0,11075.83,0.0684,55007.16,0.2961,0.885,0.139,0.847,0,-0.022,0.967,0.847,0.303,0,3572.49,30000.0,0,0,0.4143,0
16074.29,12379.83,20000.0,-16305.55,1.2442,559.6,0.0311,0.923,0.091,0.702,24,-0.2182,0.715,0.543,0.0,1,6788.33,480000.0,0,0,1.0,1
49126.49,25113.81,6000.0,18012.68,0.1221,117224.57,0.7641,0.97,0.076,0.938,0,0.0677,0.966,0.908,0.3667,0,6140.01,90000.0,1,6,0.0072,0
68499.33,34389.42,0.0,34109.9,0.0,205486.01,0.7903,0.974,0.103,0.919,0,0.0523,0.991,0.797,0.498,0,8446.52,0.0,1,9,0.0006,0
39082.61,24896.37,0.0,14186.23,0.0,75917.13,0.4999,0.9,0.149,0.823,0,-0.0697,0.968,0.851,0.363,0,4965.46,0.0,0,0,0.1539,0
40325.91,24523.95,8000.0,7801.96,0.1984,47474.62,0.5727,0.84,0.177,0.862,0,0.334,0.942,0.899,0.1935,0,7927.05,144000.0,0,0,0.4841,0
102291.16,63482.34,12000.0,26808.82,0.1173,131862.0,0.3812,0.853,0.188,0.86,0,0.2073,0.886,0.886,0.2621,0,7243.03,216000.0,0,0,0.1512,0
21022.36,16311.52,8000.0,-3289.16,0.3805,586.65,0.0238,0.925,0.108,0.704,24,-0.0763,0.701,0.701,0.0,4,6095.68,192000.0,0,0,1.0,1
35580.55,22295.66,1500.0,11784.89,0.0422,66265.47,0.5831,0.894,0.14,0.844,0,0.1083,0.966,0.845,0.3312,0,4672.54,18000.0,0,0,0.1196,0
65537.04,33405.99,0.0,32131.05,0.0,196212.37,0.7674,0.977,0.076,0.929,0,0.0492,0.963,0.818,0.4903,0,5159.61,0.0,0,0,0.0006,0
64479.96,31840.03,3000.0,29639.94,0.0465,181713.19,0.7691,0.973,0.092,0.968,0,0.0477,0.997,0.773,0.4597,0,6643.19,45000.0,1,6,0.0012,0
23313.85,17996.18,12000.0,-6682.32,0.5147,611.56,0.0214,0.907,0.134,0.643,24,-0.1938,0.521,0.713,0.0,2,6414.33,288000.0,0,0,1.0,1
28013.54,20902.76,8000.0,-889.22,0.2856,2916.26,0.0199,0.92,0.105,0.744,18,-0.1669,0.622,0.575,0.0,1,6691.38,192000.0,1,9,0.9999,1
69555.04,33357.7,6000.0,30197.35,0.0863,183135.88,0.6392,0.971,0.102,0.911,0,0.0633,0.998,0.8,0.4342,0,5293.65,90000.0,0,0,0.003,0
74822.35,37076.74,0.0,37745.61,0.0,221316.63,0.6119,0.976,0.106,0.925,0,0.0427,0.944,0.878,0.5045,0,8489.13,0.0,0,0,0.0007,0
33227.06,21087.43,0.0,12139.64,0.0,67407.55,0.5789,0.891,0.132,0.876,0,-0.0735,0.913,0.832,0.3654,0,4251.49,0.0,0,0,0.1428,0
120249.17,73029.4,8000.0,39219.77,0.0665,170799.73,0.3486,0.831,0.199,0.91,0,0.4142,0.897,0.859,0.3262,0,6026.08,144000.0,1,17,0.0215,0
38325.08,25001.03,2500.0,10824.05,0.0652,57480.23,0.3008,0.891,0.127,0.853,0,-0.1192,0.936,0.934,0.2824,1,3430.66,30000.0,0,0,0.5993,0
40824.67,24777.57,8000.0,8047.09,0.196,57516.69,0.7711,0.869,0.177,0.922,0,0.2412,0.878,0.881,0.1971,0,9776.1,144000.0,0,0,0.3325,0
97590.34,60310.62,12000.0,25279.72,0.123,127353.78,0.4225,0.855,0.187,0.883,0,0.313,0.901,0.836,0.259,0,9066.63,216000.0,0,0,0.1194,0
29964.8,19017.99,1500.0,9446.81,0.0501,48997.98,0.3553,0.882,0.119,0.879,0,0.0475,0.918,0.953,0.3153,0,4304.38,18000.0,0,0,0.2479,0
53639.25,26653.64,3000.0,23985.61,0.0559,148342.22,0.7639,0.973,0.096,0.956,0,0.0623,0.937,0.892,0.4472,0,6350.34,45000.0,0,0,0.003,0
40590.05,25439.37,1500.0,13650.68,0.037,71341.52,0.4382,0.887,0.124,0.892,0,0.0018,0.864,0.871,0.3363,0,3463.86,18000.0,0,0,0.1876,0
30059.18,19288.22,3500.0,7270.96,0.1164,40922.69,0.4295,0.889,0.15,0.876,0,0.2635,0.96,0.954,0.2419,0,4366.64,42000.0,0,0,0.276,0
29682.28,22252.91,20000.0,-12570.62,0.6738,500.0,0.0168,0.932,0.082,0.707,24,-0.0764,0.734,0.697,0.0,2,6167.65,480000.0,1,8,1.0,1
123086.64,76908.66,4000.0,42177.98,0.0325,170381.24,0.2553,0.87,0.149,0.866,0,0.3474,0.911,0.861,0.3427,0,7306.43,72000.0,1,8,0.0086,0
39397.83,24696.39,2500.0,12201.44,0.0635,61236.75,0.3125,0.883,0.123,0.857,0,0.0282,0.936,0.871,0.3097,0,3091.53,30000.0,0,0,0.2888,0
103088.7,64167.54,12000.0,26921.16,0.1164,127570.79,0.3578,0.808,0.208,0.856,0,0.3674,0.83,0.895,0.2611,0,10757.36,216000.0,0,0,0.2359,0
26133.17,20159.23,8000.0,-2026.06,0.3061,670.64,0.0191,0.926,0.101,0.56,22,-0.1007,0.564,0.554,0.0,3,4611.98,192000.0,0,0,1.0,1
81640.08,41220.46,3000.0,37419.61,0.0367,216944.13,0.5587,0.974,0.086,0.916,0,0.0587,0.981,0.878,0.4583,0,5682.63,45000.0,0,0,0.0007,0
45305.18,28324.38,3500.0,13480.8,0.0773,70256.3,0.3548,0.924,0.108,0.827,0,-0.0377,0.903,0.85,0.2976,0,4993.22,42000.0,0,0,0.2416,0
86066.92,54451.44,16000.0,15615.48,0.1859,74502.03,0.316,0.843,0.182,0.88,0,0.2851,0.843,0.789,0.1814,0,8205.7,288000.0,0,0,0.6452,1
33560.29,21386.47,0.0,12173.82,0.0,63423.77,0.4087,0.887,0.152,0.94,0,0.0698,0.88,0.898,0.3627,0,4591.78,0.0,0,0,0.1733,1
28591.98,21949.35,12000.0,-5357.37,0.4197,655.36,0.0175,0.935,0.084,0.656,24,-0.1084,0.567,0.561,0.0,1,4403.32,288000.0,0,0,1.0,1
76318.89,49397.98,12000.0,14920.9,0.1572,85372.48,0.4822,0.832,0.187,0.889,0,0.5,0.855,0.812,0.1955,0,8713.35,216000.0,1,8,0.3183,0
28098.93,21574.44,12000.0,-5475.51,0.4271,650.9,0.0178,0.925,0.081,0.759,24,-0.1492,0.707,0.673,0.0,1,5306.92,288000.0,1,34,1.0,1
65932.0,41212.5,4000.0,20719.5,0.0607,96825.13,0.4403,0.861,0.181,0.909,0,0.2753,0.839,0.73,0.3143,2,11481.06,72000.0,0,0,0.567,1
29106.07,18946.45,0.0,10159.62,0.0,58610.87,0.6692,0.888,0.136,0.836,0,0.1235,0.888,0.881,0.3491,1,4104.86,0.0,0,0,0.2184,1
35728.87,22604.24,3500.0,9624.63,0.098,55433.45,0.4312,0.913,0.1,0.801,0,0.0962,0.956,0.945,0.2694,0,3652.4,42000.0,0,0,0.1754,0
80140.75,49796.69,4000.0,26344.07,0.0499,128475.8,0.5202,0.846,0.196,0.845,0,0.3406,0.848,0.853,0.3287,1,9274.06,72000.0,0,0,0.1664,1
79069.89,41014.34,0.0,38055.55,0.0,214522.83,0.532,0.976,0.098,0.979,0,0.0442,0.964,0.757,0.4813,0,6608.16,0.0,0,0,0.0008,0
63867.13,32078.69,6000.0,25788.44,0.0939,173221.95,0.8548,0.973,0.109,0.971,0,0.0445,0.986,0.777,0.4038,0,6360.84,90000.0,0,0,0.0026,0
29998.12,19154.03,2500.0,8344.08,0.0833,51016.45,0.5801,0.901,0.147,0.939,0,0.0952,0.905,0.915,0.2782,0,3201.9,30000.0,0,0,0.1891,0
71950.78,34548.61,3000.0,34402.17,0.0417,196130.46,0.5809,0.974,0.105,0.923,0,0.04,0.959,0.908,0.4781,0,7257.5,45000.0,0,0,0.0015,0
82452.7,40904.13,6000.0,35548.56,0.0728,209092.49,0.572,0.974,0.077,0.939,0,0.0461,0.961,0.809,0.4311,0,6638.23,90000.0,1,5,0.0012,0
77740.91,38318.95,3000.0,36421.96,0.0386,225782.46,0.7302,0.976,0.095,0.936,0,0.0394,0.999,0.831,0.4685,0,7263.43,45000.0,0,0,0.0005,0
28967.09,18045.79,0.0,10921.3,0.0,57246.22,0.4662,0.899,0.099,0.879,0,0.0131,0.863,0.889,0.377,0,3005.52,0.0,0,0,0.1254,0
31246.95,23809.88,12000.0,-4562.92,0.384,1052.5,0.016,0.925,0.115,0.625,24,-0.0874,0.532,0.521,0.0,2,4074.86,288000.0,0,0,1.0,1
67003.45,33428.14,0.0,33575.31,0.0,201309.95,0.7214,0.974,0.083,0.978,0,0.0675,0.986,0.814,0.5011,0,5074.96,0.0,0,0,0.0004,0
77054.91,37854.0,3000.0,36200.92,0.0389,206225.85,0.5253,0.978,0.084,0.968,0,0.0422,0.951,0.777,0.4698,0,5077.43,45000.0,0,0,0.0012,0
65007.1,32450.82,0.0,32556.28,0.0,203893.78,0.8659,0.972,0.089,0.967,0,0.0548,0.944,0.865,0.5008,0,5471.62,0.0,0,0,0.0004,0
96304.71,60349.34,8000.0,27955.37,0.0831,131711.65,0.4696,0.891,0.123,0.869,0,0.2092,0.907,0.892,0.2903,0,6237.95,144000.0,1,6,0.0231,0
42700.48,27793.04,0.0,14907.44,0.0,79498.6,0.3704,0.892,0.129,0.825,0,0.1186,0.882,0.924,0.3491,0,3249.63,0.0,0,0,0.1271,0
24258.22,15380.05,2500.0,6378.17,0.1031,37670.08,0.5189,0.889,0.14,0.822,0,0.005,0.92,0.952,0.2629,0,4411.76,30000.0,0,0,0.4319,1
77731.99,39510.84,3000.0,35221.15,0.0386,202972.47,0.6032,0.975,0.096,0.927,0,0.0596,0.937,0.767,0.4531,0,8028.65,45000.0,0,0,0.0016,0
39056.14,24920.89,1500.0,12635.26,0.0384,68514.89,0.3985,0.886,0.133,0.813,0,-0.1372,0.867,0.951,0.3235,0,4247.8,18000.0,0,0,0.356,0
62590.0,30332.9,0.0,32257.1,0.0,186788.33,0.6441,0.975,0.094,0.932,0,0.0504,0.94,0.774,0.5154,0,7388.7,0.0,0,0,0.0015,0
40135.58,25602.63,0.0,14532.95,0.0,74110.97,0.4382,0.9,0.131,0.895,0,0.0476,0.905,0.832,0.3621,0,3822.29,0.0,0,0,0.113,0
66456.51,33324.26,0.0,33132.26,0.0,200351.71,0.7824,0.973,0.087,0.933,0,0.063,0.929,0.895,0.4986,0,5700.03,0.0,1,4,0.0005,0
62124.28,29531.89,0.0,32592.39,0.0,190467.46,0.7038,0.973,0.085,0.956,0,0.0601,0.955,0.79,0.5246,0,5084.83,0.0,1,10,0.0008,0
38706.27,24705.83,2500.0,11500.44,0.0646,63305.2,0.4219,0.897,0.136,0.83,0,-0.0495,0.925,0.842,0.2971,0,3276.9,30000.0,0,0,0.3389,0
78034.31,39754.53,0.0,38279.78,0.0,218425.97,0.5885,0.974,0.089,0.931,0,0.0561,0.925,0.848,0.4906,1,5422.24,0.0,1,9,0.0015,0
73898.7,46223.84,8000.0,19674.86,0.1083,91438.65,0.3876,0.88,0.144,0.908,0,0.2014,0.903,0.841,0.2662,1,10489.7,144000.0,0,0,0.2722,0
80690.33,50706.13,12000.0,17984.2,0.1487,86923.61,0.3782,0.857,0.168,0.84,0,0.3438,0.87,0.851,0.2229,0,8354.7,216000.0,1,22,0.3157,0
37508.48,23286.96,2500.0,11721.52,0.0667,59580.07,0.3298,0.893,0.143,0.913,0,0.0884,0.864,0.888,0.3125,0,4011.95,30000.0,0,0,0.3181,0
70980.6,45495.3,12000.0,13485.31,0.1691,70324.72,0.3088,0.866,0.185,0.87,0,0.2546,0.868,0.722,0.19,1,7332.03,216000.0,0,0,0.8337,1
61734.33,31677.14,0.0,30057.19,0.0,189061.17,0.8423,0.971,0.098,0.97,0,0.0684,0.945,0.872,0.4869,0,6958.11,0.0,0,0,0.0006,0
60109.81,29870.54,3000.0,27239.27,0.0499,173963.4,0.8417,0.969,0.1,0.94,0,0.0681,0.976,0.815,0.4532,0,8301.65,45000.0,1,9,0.0016,0
104003.06,65721.82,8000.0,30281.25,0.0769,130173.55,0.2862,0.863,0.172,0.853,0,0.2475,0.845,0.804,0.2912,0,6601.11,144000.0,1,23,0.1205,0
26719.47,20456.81,16000.0,-9737.34,0.5988,695.77,0.0187,0.918,0.109,0.6,24,-0.1933,0.666,0.668,0.0,1,6239.32,384000.0,1,25,1.0,1
25128.48,15823.4,0.0,9305.08,0.0,56637.8,0.7435,0.898,0.136,0.809,0,-0.0674,0.906,0.859,0.3703,0,3596.59,0.0,0,0,0.1487,0
84681.4,50808.98,12000.0,21872.42,0.1417,100818.82,0.2927,0.831,0.215,0.897,0,0.3418,0.844,0.844,0.2583,1,10638.9,216000.0,1,9,0.6533,1
30734.38,19873.1,2500.0,8361.28,0.0813,46080.63,0.4182,0.902,0.128,0.886,0,-0.0835,0.926,0.91,0.272,0,4492.49,30000.0,0,0,0.3586,1
124536.73,77337.1,4000.0,43199.64,0.0321,188136.25,0.3701,0.822,0.2,0.829,0,0.3233,0.824,0.838,0.3469,0,9526.65,72000.0,1,7,0.0271,0
42339.2,27129.02,1500.0,13710.18,0.0354,71584.41,0.373,0.869,0.168,0.91,0,-0.1792,0.945,0.822,0.3238,0,3178.81,18000.0,0,0,0.4174,0
46257.59,29690.04,0.0,16567.56,0.0,78929.59,0.2862,0.903,0.135,0.891,0,-0.0417,0.931,0.874,0.3582,0,3747.98,0.0,0,0,0.151,0
38584.94,24709.04,3500.0,10375.9,0.0907,57216.81,0.3956,0.885,0.138,0.81,0,-0.0147,0.979,0.877,0.2689,0,3767.86,42000.0,0,0,0.3841,0
36316.88,27897.73,12000.0,-3580.85,0.3304,570.68,0.0138,0.915,0.124,0.613,24,-0.1944,0.548,0.552,0.0,3,6881.56,288000.0,1,10,1.0,1
27025.45,20372.0,12000.0,-5346.55,0.444,676.94,0.0185,0.918,0.099,0.645,24,-0.1839,0.771,0.612,0.0,2,6796.42,288000.0,1,14,1.0,1
67935.95,34626.45,3000.0,30309.5,0.0442,183099.12,0.6424,0.974,0.097,0.954,0,0.0448,0.95,0.802,0.4461,0,7336.99,45000.0,0,0,0.0021,0
45740.99,28715.2,0.0,17025.8,0.0,83108.54,0.3121,0.884,0.115,0.847,0,0.0675,0.921,0.831,0.3722,0,3544.26,0.0,0,0,0.1197,0
65453.08,32437.59,0.0,33015.49,0.0,194598.24,0.6752,0.974,0.089,0.922,0,0.0371,0.963,0.783,0.5044,1,8165.46,0.0,1,5,0.0024,0
46351.84,29376.07,0.0,16975.77,0.0,84094.2,0.3528,0.911,0.107,0.808,0,-0.0575,0.867,0.917,0.3662,0,3061.67,0.0,0,0,0.1281,0
56683.26,27822.93,0.0,28860.33,0.0,185505.43,0.9466,0.97,0.087,0.903,0,0.0519,0.946,0.905,0.5092,0,6168.19,0.0,0,0,0.0006,0
50162.91,31613.32,8000.0,10549.59,0.1595,56083.94,0.4344,0.872,0.145,0.948,0,0.3152,0.892,0.738,0.2103,0,6158.64,144000.0,0,0,0.3547,0
77828.75,38708.31,3000.0,36120.44,0.0385,209081.37,0.5599,0.972,0.095,0.915,0,0.0534,0.98,0.917,0.4641,0,7056.79,45000.0,1,12,0.0009,1
40525.58,25909.66,1500.0,13115.91,0.037,72915.19,0.5023,0.891,0.123,0.85,0,0.1662,0.935,0.871,0.3236,0,3748.27,18000.0,0,0,0.0925,0
67693.26,42607.94,4000.0,21085.32,0.0591,110447.47,0.5628,0.833,0.213,0.945,0,0.4032,0.861,0.828,0.3115,0,11789.94,72000.0,0,0,0.1039,0
68662.26,34908.51,0.0,33753.75,0.0,206106.69,0.7438,0.97,0.099,0.933,0,0.0507,0.927,0.765,0.4916,0,6530.99,0.0,0,0,0.0009,0
31250.82,20059.28,2500.0,8691.54,0.08,54032.51,0.6414,0.904,0.11,0.863,0,-0.0593,0.94,0.934,0.2781,0,3612.73,30000.0,0,0,0.145,1
103194.36,63546.38,8000.0,31647.98,0.0775,140147.28,0.2823,0.828,0.188,0.904,0,0.2971,0.898,0.844,0.3067,1,9386.78,144000.0,1,14,0.1791,1
43025.88,26904.42,0.0,16121.46,0.0,81480.89,0.3879,0.896,0.124,0.821,0,-0.0978,0.971,0.846,0.3747,0,4835.0,0.0,0,0,0.1398,0
60743.23,36284.12,4000.0,20459.11,0.0659,96547.65,0.4391,0.825,0.197,0.84,0,0.3182,0.877,0.848,0.3368,0,9897.31,72000.0,0,0,0.2379,0
34571.04,21634.42,1500.0,11436.62,0.0434,65184.48,0.5517,0.893,0.142,0.818,0,-0.0024,0.854,0.882,0.3308,0,4181.91,18000.0,0,0,0.2728,0
21291.67,16233.91,20000.0,-14942.24,0.9393,500.0,0.0235,0.915,0.127,0.617,24,-0.1581,0.61,0.647,0.0,3,4041.96,480000.0,1,15,1.0,1
40402.44,30025.06,12000.0,-1622.62,0.297,1299.51,0.0124,0.917,0.108,0.564,18,-0.1919,0.652,0.691,0.0,2,5379.95,288000.0,1,29,1.0,1
43025.48,27208.15,0.0,15817.33,0.0,75640.26,0.3394,0.882,0.119,0.935,0,0.0051,0.935,0.839,0.3676,0,4370.56,0.0,0,0,0.1074,1
109229.49,66587.26,16000.0,26642.23,0.1465,119724.16,0.3076,0.888,0.157,0.881,0,0.2109,0.925,0.89,0.2439,1,8540.41,288000.0,0,0,0.2137,0
64660.77,31133.4,0.0,33527.37,0.0,201573.85,0.7387,0.976,0.091,0.929,0,0.0337,0.98,0.821,0.5185,0,5933.02,0.0,0,0,0.0006,0
25914.64,16236.25,2500.0,7178.39,0.0965,44326.98,0.5762,0.889,0.137,0.814,0,-0.053,0.974,0.832,0.277,0,4936.51,30000.0,0,0,0.3933,0
81213.71,50059.88,12000.0,19153.83,0.1478,90382.06,0.337,0.865,0.182,0.83,0,0.2591,0.95,0.733,0.2358,0,10215.81,216000.0,0,0,0.3928,0
107861.42,67853.84,4000.0,36007.58,0.0371,154010.63,0.3493,0.833,0.167,0.85,0,0.209,0.899,0.885,0.3338,0,6978.4,72000.0,1,16,0.0333,0
35130.43,22580.21,0.0,12550.22,0.0,71284.23,0.5581,0.903,0.123,0.935,0,-0.0403,0.864,0.826,0.3572,0,4139.54,0.0,0,0,0.108,0
43004.5,27370.26,0.0,15634.24,0.0,80208.4,0.374,0.89,0.138,0.842,0,-0.1305,0.862,0.85,0.3635,1,4098.26,0.0,0,0,0.469,1
47018.36,30400.74,0.0,16617.62,0.0,86151.66,0.4306,0.893,0.136,0.883,0,0.0411,0.915,0.958,0.3534,0,4303.7,0.0,0,0,0.0761,0
41689.65,26284.19,1500.0,13905.46,0.036,77959.8,0.4535,0.886,0.13,0.81,0,-0.1529,0.977,0.852,0.3335,0,4161.29,18000.0,0,0,0.2267,0
37150.34,23672.64,2500.0,10977.7,0.0673,62626.99,0.4629,0.898,0.14,0.901,0,-0.0852,0.949,0.941,0.2955,0,4762.48,30000.0,0,0,0.2251,0
34483.24,21366.01,1500.0,11617.22,0.0435,62374.18,0.5252,0.895,0.116,0.918,0,0.1607,0.962,0.913,0.3369,0,4723.07,18000.0,0,0,0.0621,0
59741.86,30491.68,3000.0,26250.18,0.0502,157320.75,0.6216,0.976,0.087,0.953,0,0.067,0.927,0.814,0.4394,0,8959.78,45000.0,0,0,0.0037,0
46240.12,29362.75,2500.0,14377.37,0.0541,78687.57,0.4224,0.906,0.099,0.93,0,-0.1181,0.954,0.957,0.3109,0,4265.56,30000.0,0,0,0.0835,0
15873.96,12143.55,16000.0,-12269.59,1.0079,543.96,0.0315,0.9,0.104,0.599,24,-0.1975,0.527,0.648,0.0,2,6560.06,384000.0,1,29,1.0,1
43467.82,28089.14,1500.0,13878.69,0.0345,68766.31,0.3139,0.894,0.149,0.877,0,-0.0279,0.963,0.865,0.3193,0,3785.9,18000.0,0,0,0.255,1
36097.8,23674.66,2500.0,9923.14,0.0693,54115.51,0.3978,0.888,0.136,0.871,0,-0.0866,0.881,0.865,0.2749,0,3590.43,30000.0,0,0,0.4512,0
38547.27,24670.93,0.0,13876.34,0.0,73910.27,0.4784,0.886,0.154,0.923,0,0.2701,0.959,0.84,0.36,0,4216.94,0.0,0,0,0.0643,0
44721.44,29049.31,0.0,15672.13,0.0,84993.33,0.4526,0.901,0.09,0.923,0,-0.1273,0.871,0.943,0.3504,0,4372.86,0.0,0,0,0.0642,0
62429.8,31388.52,0.0,31041.28,0.0,185215.4,0.7223,0.968,0.094,0.956,0,0.0545,0.987,0.894,0.4972,0,6701.26,0.0,0,0,0.0007,0
26719.29,20273.94,20000.0,-13554.65,0.7485,612.52,0.0187,0.921,0.099,0.735,24,-0.1575,0.7,0.601,0.0,1,4412.82,480000.0,0,0,1.0,1
73317.4,35754.32,0.0,37563.08,0.0,223244.7,0.6957,0.974,0.091,0.934,0,0.0579,0.978,0.82,0.5123,0,5735.65,0.0,0,0,0.0004,0
35047.51,26514.17,12000.0,-3466.66,0.3424,1615.89,0.0143,0.927,0.087,0.677,22,-0.1386,0.716,0.707,0.0,1,6155.6,288000.0,1,22,0.9999,1
76213.9,37055.28,0.0,39158.62,0.0,237448.39,0.7631,0.973,0.105,0.935,0,0.0597,0.931,0.909,0.5138,0,7621.77,0.0,1,6,0.0003,0
41029.51,25705.65,3500.0,11823.86,0.0853,60900.17,0.3064,0.894,0.121,0.887,0,0.0943,0.869,0.835,0.2882,0,4828.19,42000.0,0,0,0.3319,1
31831.73,24246.14,8000.0,-414.41,0.2513,1643.88,0.0157,0.925,0.095,0.741,13,-0.1303,0.733,0.725,0.0,1,5335.91,192000.0,0,0,0.999,1
46513.28,22900.76,6000.0,17612.52,0.129,123598.1,0.9074,0.972,0.103,0.944,0,0.0468,0.983,0.877,0.3787,0,8467.77,90000.0,0,0,0.0071,0
39211.6,25260.45,0.0,13951.15,0.0,71082.31,0.3563,0.886,0.149,0.884,0,0.0265,0.968,0.889,0.3558,0,3012.64,0.0,0,0,0.1559,0
42855.38,28160.73,0.0,14694.65,0.0,81722.94,0.4919,0.898,0.118,0.879,0,-0.1242,0.934,0.871,0.3429,0,4555.92,0.0,0,0,0.1003,0
36567.8,23649.51,0.0,12918.29,0.0,71584.41,0.5369,0.879,0.15,0.928,0,-0.0798,0.904,0.949,0.3533,0,4697.86,0.0,0,0,0.1345,0
28380.57,21623.83,16000.0,-9243.26,0.5638,706.94,0.0176,0.912,0.093,0.629,24,-0.1328,0.758,0.744,0.0,2,6177.47,384000.0,1,35,1.0,1
25677.79,19279.84,8000.0,-1602.05,0.3116,2258.29,0.0195,0.909,0.103,0.596,21,-0.1982,0.771,0.61,0.0,1,6858.87,192000.0,0,0,0.9999,1
34629.96,22109.9,1500.0,11020.06,0.0433,54530.18,0.3294,0.886,0.133,0.858,0,0.092,0.871,0.849,0.3182,0,4813.68,18000.0,0,0,0.3457,1
63708.19,32995.36,3000.0,27712.82,0.0471,169624.53,0.6846,0.974,0.089,0.953,0,0.0469,0.997,0.853,0.435,0,6688.19,45000.0,0,0,0.0017,0
27844.66,21094.41,12000.0,-5249.74,0.431,782.08,0.018,0.91,0.107,0.629,24,-0.182,0.707,0.628,0.0,4,5038.45,288000.0,1,24,1.0,1
33981.65,21579.91,1500.0,10901.74,0.0441,56974.59,0.3604,0.888,0.142,0.867,0,0.1222,0.852,0.888,0.3208,0,3728.94,18000.0,0,0,0.3194,1
26261.88,16800.1,1500.0,7961.78,0.0571,50287.62,0.6929,0.888,0.125,0.874,0,-0.139,0.98,0.913,0.3032,1,3007.0,18000.0,0,0,0.3138,0
67566.73,33850.37,0.0,33716.36,0.0,200806.15,0.6873,0.974,0.093,0.966,0,0.0547,0.953,0.84,0.499,0,5396.94,0.0,0,0,0.0007,0
28580.41,22173.32,8000.0,-1592.92,0.2799,2406.04,0.0175,0.913,0.117,0.727,21,-0.1879,0.585,0.696,0.0,3,5137.08,192000.0,1,23,1.0,1
29129.53,22261.65,12000.0,-5132.12,0.412,836.14,0.0172,0.925,0.107,0.695,24,-0.156,0.685,0.636,0.0,3,6718.5,288000.0,1,6,1.0,1
40241.94,25484.5,3500.0,11257.44,0.087,60483.31,0.3714,0.884,0.126,0.801,0,-0.1581,0.914,0.873,0.2797,0,4708.51,42000.0,0,0,0.5102,1
27831.9,17968.13,0.0,9863.76,0.0,53097.79,0.4531,0.889,0.125,0.851,0,-0.0445,0.954,0.952,0.3544,0,3782.84,0.0,0,0,0.1643,0
80737.05,50838.66,16000.0,13898.4,0.1982,81018.0,0.4122,0.829,0.184,0.949,0,0.4134,0.85,0.807,0.1721,0,11991.6,288000.0,0,0,0.4723,0
22159.99,16749.15,12000.0,-6589.15,0.5415,592.86,0.0226,0.901,0.125,0.614,24,-0.1997,0.631,0.659,0.0,3,5877.59,288000.0,1,31,1.0,1
36455.85,22991.97,1500.0,11963.88,0.0411,61857.44,0.379,0.89,0.136,0.929,0,0.0698,0.93,0.857,0.3282,0,4900.42,18000.0,0,0,0.1866,0
38445.32,29541.41,12000.0,-3096.09,0.3121,716.56,0.013,0.915,0.112,0.74,22,-0.1875,0.635,0.61,0.0,1,5151.55,288000.0,0,0,1.0,1
32689.45,20298.9,1500.0,10890.56,0.0459,63294.34,0.5809,0.916,0.099,0.938,0,-0.068,0.957,0.89,0.3332,0,3705.47,18000.0,0,0,0.0685,0
91435.19,56748.83,8000.0,26686.36,0.0875,123740.15,0.3371,0.849,0.198,0.822,0,0.2138,0.863,0.789,0.2919,0,8357.51,144000.0,0,0,0.2592,0
88272.01,44651.22,6000.0,37620.8,0.068,227609.28,0.6104,0.974,0.092,0.952,0,0.0491,0.969,0.815,0.4262,0,7949.0,90000.0,0,0,0.0008,0
79585.48,38840.64,3000.0,37744.84,0.0377,222454.07,0.7005,0.977,0.09,0.935,0,0.0355,0.946,0.751,0.4743,0,8895.99,45000.0,1,7,0.0007,0
78567.08,40215.48,3000.0,35351.6,0.0382,210934.6,0.6325,0.974,0.094,0.936,0,0.0538,0.964,0.792,0.45,0,6794.94,45000.0,0,0,0.001,0
101613.61,65073.24,16000.0,20540.37,0.1575,94595.48,0.238,0.828,0.228,0.909,0,0.1558,0.91,0.767,0.2021,1,6110.51,288000.0,0,0,0.8388,0
16274.54,12612.69,20000.0,-16338.15,1.2289,502.55,0.0307,0.919,0.095,0.77,24,-0.1682,0.66,0.681,0.0,2,6156.75,480000.0,0,0,1.0,1
39854.23,25694.78,2500.0,11659.45,0.0627,65237.15,0.4702,0.886,0.13,0.931,0,-0.0142,0.975,0.956,0.2926,0,3489.96,30000.0,0,0,0.1295,0
35564.98,22560.51,0.0,13004.47,0.0,67528.13,0.4138,0.894,0.108,0.824,0,-0.0796,0.976,0.945,0.3657,0,3313.07,0.0,0,0,0.1126,0
40658.82,25552.96,0.0,15105.86,0.0,74271.3,0.3352,0.898,0.139,0.92,0,-0.1211,0.895,0.887,0.3715,0,4184.67,0.0,0,0,0.1992,1
29087.13,18959.85,1500.0,8627.28,0.0516,52734.96,0.6031,0.894,0.14,0.809,0,-0.028,0.966,0.887,0.2966,0,3172.61,18000.0,0,0,0.2327,0
74208.8,36731.04,0.0,37477.75,0.0,221725.29,0.726,0.972,0.09,0.961,0,0.0316,0.978,0.861,0.505,0,5070.95,0.0,0,0,0.0003,0
51973.44,25336.89,0.0,26636.55,0.0,168124.25,0.8484,0.973,0.105,0.933,0,0.0464,0.988,0.793,0.5125,0,8031.88,0.0,0,0,0.0013,0
99067.66,61443.44,8000.0,29624.22,0.0808,125282.94,0.2678,0.86,0.161,0.892,0,0.3015,0.949,0.749,0.299,0,6866.28,144000.0,0,0,0.0699,0
51701.18,26291.56,0.0,25409.62,0.0,161331.2,0.8876,0.971,0.09,0.969,0,0.069,0.927,0.914,0.4915,0,6009.29,0.0,0,0,0.0009,0
68983.39,34470.78,3000.0,31512.61,0.0435,198429.19,0.7765,0.971,0.102,0.959,0,0.0585,0.991,0.787,0.4568,0,8572.24,45000.0,1,1,0.001,0
103094.03,63033.35,4000.0,36060.68,0.0388,159881.74,0.4042,0.843,0.192,0.919,0,0.3081,0.929,0.746,0.3498,2,6963.13,72000.0,0,0,0.1259,0
67152.02,33621.26,3000.0,30530.75,0.0447,180202.76,0.5846,0.974,0.102,0.949,0,0.0555,0.941,0.873,0.4547,0,7106.79,45000.0,1,2,0.0024,0
32710.68,20724.47,1500.0,10486.21,0.0459,60169.49,0.5223,0.897,0.133,0.893,0,-0.0539,0.92,0.863,0.3206,1,4552.41,18000.0,0,0,0.3815,1
50119.88,32119.65,1500.0,16500.23,0.0299,84105.31,0.383,0.892,0.151,0.873,0,-0.0655,0.922,0.82,0.3292,0,3879.23,18000.0,0,0,0.2278,0
47150.53,23952.88,0.0,23197.66,0.0,142940.54,0.7945,0.968,0.091,0.909,0,0.0596,0.93,0.756,0.492,0,7494.51,0.0,0,0,0.0034,0
105600.69,66998.38,8000.0,30602.31,0.0758,130359.33,0.2665,0.828,0.173,0.894,0,0.5,0.955,0.882,0.2898,0,9586.44,144000.0,1,4,0.0375,0
70626.09,35705.51,0.0,34920.57,0.0,196018.81,0.5684,0.977,0.075,0.967,0,0.0268,0.927,0.8,0.4944,0,7322.34,0.0,1,13,0.0009,0
35294.73,22058.03,1500.0,11736.7,0.0425,60464.3,0.3761,0.904,0.103,0.844,0,-0.03,0.896,0.868,0.3325,0,3962.93,18000.0,0,0,0.2212,1
24431.44,15175.73,0.0,9255.71,0.0,48984.24,0.5015,0.876,0.163,0.859,0,0.1824,0.87,0.85,0.3788,0,3301.86,0.0,0,0,0.2621,1
49982.36,31088.37,3500.0,15393.99,0.07,76355.32,0.3415,0.89,0.114,0.821,0,-0.0053,0.883,0.891,0.308,0,3735.14,42000.0,0,0,0.2492,0
66260.88,33533.48,3000.0,29727.4,0.0453,189788.61,0.7697,0.97,0.109,0.907,0,0.0517,0.99,0.822,0.4486,0,8898.16,45000.0,1,11,0.0016,0
32311.82,20217.2,1500.0,10594.62,0.0464,56404.57,0.4623,0.896,0.131,0.842,0,0.0133,0.892,0.849,0.3279,1,3844.71,18000.0,0,0,0.4774,0
55368.56,34447.09,8000.0,12921.47,0.1445,74079.61,0.5277,0.853,0.134,0.877,0,0.4268,0.954,0.769,0.2334,0,9543.33,144000.0,0,0,0.1463,0
39924.67,19749.42,6000.0,14175.25,0.1503,110102.32,1.1545,0.97,0.089,0.97,0,0.0507,0.956,0.853,0.355,0,8876.66,90000.0,0,0,0.0051,0
37048.88,28475.61,8000.0,573.27,0.2159,7698.29,0.1674,0.929,0.111,0.758,10,-0.1532,0.703,0.691,0.0155,2,4223.31,192000.0,1,25,0.9991,1
84402.53,44080.67,6000.0,34321.86,0.0711,203209.79,0.5567,0.969,0.1,0.903,0,0.0718,0.95,0.809,0.4066,0,6350.24,90000.0,1,5,0.0025,0
50465.69,38086.84,12000.0,378.85,0.2378,5961.08,0.0964,0.922,0.103,0.732,12,-0.1465,0.698,0.524,0.0075,1,4497.98,288000.0,1,35,0.9993,1
71013.41,34765.79,0.0,36247.62,0.0,214005.87,0.6764,0.975,0.066,0.97,0,0.063,0.961,0.759,0.5104,0,8576.75,0.0,0,0,0.0004,0
58072.33,28608.06,0.0,29464.27,0.0,177740.32,0.6864,0.978,0.101,0.976,0,0.0454,0.982,0.799,0.5074,0,8992.15,0.0,0,0,0.0012,0
70895.2,36036.52,0.0,34858.68,0.0,217972.09,0.8382,0.974,0.111,0.91,0,0.034,0.963,0.91,0.4917,0,5796.27,0.0,0,0,0.0004,0
42022.01,26799.98,1500.0,13722.03,0.0357,73239.03,0.3898,0.901,0.134,0.833,0,-0.0327,0.864,0.953,0.3265,0,4130.29,18000.0,0,0,0.236,0
35500.45,22528.94,0.0,12971.51,0.0,68747.06,0.4288,0.888,0.142,0.843,0,0.053,0.9,0.821,0.3654,0,3492.04,0.0,0,0,0.2063,1
38527.96,25029.92,0.0,13498.04,0.0,69344.39,0.3679,0.89,0.125,0.878,0,-0.0428,0.96,0.864,0.3503,0,4882.26,0.0,0,0,0.1492,0
25656.17,19583.29,16000.0,-9927.13,0.6236,539.12,0.0195,0.933,0.095,0.714,24,-0.1127,0.566,0.667,0.0,3,4260.17,384000.0,0,0,1.0,1
40759.42,25755.56,1500.0,13503.85,0.0368,74539.52,0.5137,0.908,0.122,0.892,0,-0.0747,0.878,0.824,0.3313,0,3596.09,18000.0,0,0,0.1612,0
25818.19,16475.43,2500.0,6842.76,0.0968,41385.03,0.5253,0.893,0.145,0.923,0,-0.0431,0.886,0.826,0.265,0,4707.51,30000.0,0,0,0.4545,1
33108.19,20790.65,1500.0,10817.54,0.0453,59065.22,0.4698,0.907,0.117,0.933,0,-0.0378,0.867,0.833,0.3267,0,3616.45,18000.0,0,0,0.2001,1
97051.29,58879.68,12000.0,26171.61,0.1236,128634.81,0.3914,0.897,0.163,0.91,0,0.158,0.922,0.749,0.2697,0,7176.6,216000.0,0,0,0.0982,0
72489.03,44134.41,8000.0,20354.62,0.1104,111704.14,0.587,0.855,0.143,0.945,0,0.2103,0.851,0.84,0.2808,0,6020.94,144000.0,0,0,0.0789,0
27204.92,17794.45,2500.0,6910.47,0.0919,38665.28,0.4192,0.898,0.147,0.912,0,-0.1061,0.971,0.85,0.254,0,4593.47,30000.0,0,0,0.4726,1
67016.44,33056.37,0.0,33960.06,0.0,200846.94,0.7001,0.977,0.096,0.937,0,0.0415,0.954,0.761,0.5067,0,5142.29,0.0,0,0,0.0009,0
71400.46,46398.68,8000.0,17001.78,0.112,81072.33,0.3354,0.886,0.127,0.848,0,0.2192,0.838,0.831,0.2381,1,9343.9,144000.0,1,16,0.4405,1
40405.4,25400.74,1500.0,13504.66,0.0371,72714.27,0.4075,0.892,0.147,0.903,0,-0.1009,0.963,0.878,0.3342,1,4132.74,18000.0,0,0,0.3864,0
103382.3,64712.28,4000.0,34670.02,0.0387,154416.02,0.3598,0.853,0.171,0.821,0,0.3596,0.91,0.821,0.3354,0,7446.18,72000.0,0,0,0.0279,0
45381.06,28748.01,0.0,16633.05,0.0,84798.38,0.3927,0.881,0.126,0.809,0,0.1075,0.969,0.911,0.3665,0,4519.88,0.0,0,0,0.0812,0
32736.79,20902.8,1500.0,10333.99,0.0458,60435.27,0.5658,0.877,0.145,0.933,0,0.0746,0.888,0.851,0.3157,0,3042.24,18000.0,0,0,0.187,1
65712.65,41652.06,8000.0,16060.59,0.1217,81354.24,0.4291,0.855,0.166,0.903,0,0.3443,0.859,0.863,0.2444,1,11976.77,144000.0,1,5,0.4188,1
38765.77,24586.94,2500.0,11678.83,0.0645,63488.12,0.4387,0.907,0.105,0.807,0,0.0772,0.86,0.89,0.3013,0,4108.86,30000.0,0,0,0.208,0
66750.4,33504.4,0.0,33246.0,0.0,204807.06,0.7795,0.975,0.1,0.964,0,0.0519,0.934,0.801,0.4981,0,6951.66,0.0,0,0,0.0007,0
73547.43,37565.46,3000.0,32981.97,0.0408,200550.72,0.6852,0.978,0.093,0.904,0,0.0339,0.957,0.879,0.4484,0,5757.21,45000.0,1,6,0.0011,0
103208.98,61982.13,4000.0,37226.85,0.0388,167446.14,0.3913,0.832,0.199,0.884,0,0.1537,0.959,0.89,0.3607,1,8649.46,72000.0,1,3,0.0647,0
127277.18,81501.65,12000.0,33775.53,0.0943,146281.81,0.2543,0.848,0.205,0.9,0,0.266,0.913,0.846,0.2654,0,10882.4,216000.0,0,0,0.0937,1
97223.44,61843.7,16000.0,19379.74,0.1646,93194.2,0.3589,0.851,0.152,0.82,0,0.4837,0.941,0.778,0.1993,0,11803.07,288000.0,1,9,0.1979,0
72889.08,35363.99,0.0,37525.09,0.0,223278.84,0.7148,0.972,0.083,0.92,0,0.0494,0.937,0.789,0.5148,0,6408.83,0.0,0,0,0.0005,0
43713.18,27622.16,0.0,16091.03,0.0,78922.14,0.3347,0.896,0.141,0.875,0,-0.0469,0.977,0.898,0.3681,0,3135.39,0.0,0,0,0.1308,0
22517.84,17194.99,8000.0,-2677.15,0.3553,1193.45,0.0222,0.915,0.09,0.654,24,-0.2112,0.693,0.629,0.0,2,6923.87,192000.0,1,17,1.0,1
48859.94,24671.65,3000.0,21188.28,0.0614,137906.3,0.839,0.977,0.082,0.96,0,0.0435,0.985,0.784,0.4337,0,6647.23,45000.0,1,7,0.0029,0
96004.1,57748.29,8000.0,30255.81,0.0833,138029.3,0.3849,0.828,0.163,0.902,0,0.3505,0.824,0.777,0.3152,0,11974.9,144000.0,1,11,0.0752,0
85707.82,42856.25,0.0,42851.57,0.0,244579.56,0.5959,0.974,0.088,0.913,0,0.0635,0.967,0.754,0.5,0,5825.6,0.0,1,5,0.0004,0
62995.73,31195.37,6000.0,25800.36,0.0952,156723.88,0.6306,0.973,0.1,0.919,0,0.0543,0.929,0.767,0.4096,0,7570.02,90000.0,1,6,0.0086,0
64190.7,31234.07,0.0,32956.63,0.0,196069.29,0.7196,0.971,0.106,0.945,0,0.0526,0.949,0.906,0.5134,0,7260.25,0.0,0,0,0.0008,0
101787.2,65384.18,4000.0,32403.02,0.0393,136622.75,0.2972,0.845,0.186,0.928,0,0.2839,0.865,0.847,0.3183,0,9470.16,72000.0,0,0,0.057,0
41674.46,27080.52,1500.0,13093.94,0.036,72129.73,0.4322,0.883,0.137,0.813,0,-0.0363,0.941,0.926,0.3142,0,4002.83,18000.0,0,0,0.2209,0
55206.6,28111.61,0.0,27094.99,0.0,163816.87,0.725,0.972,0.098,0.95,0,0.0503,0.997,0.861,0.4908,0,6351.89,0.0,0,0,0.0013,0
26805.82,17477.03,2500.0,6828.78,0.0933,41612.63,0.5131,0.892,0.154,0.907,0,-0.0464,0.921,0.884,0.2548,0,4719.52,30000.0,0,0,0.4341,1
63302.96,31966.3,3000.0,28336.66,0.0474,176121.68,0.7773,0.975,0.093,0.929,0,0.0494,0.954,0.89,0.4476,0,5332.18,45000.0,0,0,0.0015,0
36557.78,28702.13,8000.0,-144.35,0.2188,4166.58,0.0801,0.923,0.094,0.563,14,-0.2058,0.561,0.594,0.0,4,5846.04,192000.0,0,0,1.0,1
66600.55,41717.12,16000.0,8883.43,0.2402,54727.01,0.3967,0.868,0.178,0.86,0,0.2091,0.933,0.732,0.1334,0,10494.07,288000.0,0,0,0.7789,1
24872.42,18996.55,20000.0,-14124.13,0.8041,500.0,0.0201,0.908,0.095,0.638,24,-0.1413,0.562,0.708,0.0,4,6769.14,480000.0,1,6,1.0,1
15732.24,11648.2,20000.0,-15915.96,1.2713,592.82,0.0318,0.911,0.107,0.681,24,-0.1984,0.719,0.593,0.0,1,5505.22,480000.0,1,23,1.0,1
20435.8,15589.4,16000.0,-11153.6,0.7829,614.85,0.0245,0.923,0.104,0.608,24,-0.1591,0.607,0.677,0.0,4,6917.07,384000.0,1,30,1.0,1
67957.98,34203.62,0.0,33754.36,0.0,192854.14,0.5908,0.972,0.095,0.909,0,0.0414,0.946,0.801,0.4967,0,6969.69,0.0,0,0,0.0015,0
107667.84,66514.32,16000.0,25153.52,0.1486,120771.44,0.3991,0.882,0.124,0.88,0,0.2941,0.822,0.824,0.2336,0,11307.3,288000.0,0,0,0.0887,0
34284.26,21619.74,1500.0,11164.52,0.0438,56483.34,0.3632,0.901,0.131,0.86,0,0.0664,0.91,0.836,0.3256,0,3190.32,18000.0,0,0,0.2689,1
60084.91,29702.15,0.0,30382.76,0.0,192377.11,0.9045,0.971,0.103,0.916,0,0.0532,0.985,0.83,0.5057,0,7430.96,0.0,0,0,0.0006,0
45290.48,28170.13,8000.0,9120.35,0.1766,52409.25,0.4729,0.844,0.172,0.879,0,0.282,0.89,0.85,0.2014,0,7566.46,144000.0,0,0,0.5663,1
88725.78,55520.28,12000.0,21205.49,0.1352,109516.68,0.4013,0.848,0.231,0.927,0,0.3155,0.832,0.786,0.239,0,10566.17,216000.0,0,0,0.4065,0
34434.87,22116.21,0.0,12318.66,0.0,65639.72,0.4187,0.897,0.133,0.938,0,0.0841,0.923,0.898,0.3577,0,4674.55,0.0,0,0,0.0988,0
73949.25,38431.13,6000.0,29518.12,0.0811,173684.53,0.5307,0.972,0.09,0.947,0,0.0416,0.942,0.849,0.3992,0,8164.49,90000.0,0,0,0.0041,0
55747.48,27284.45,3000.0,25463.03,0.0538,172832.15,0.971,0.977,0.095,0.916,0,0.0331,0.967,0.917,0.4568,0,8349.92,45000.0,1,4,0.0011,0
29466.87,18577.48,1500.0,9389.38,0.0509,55750.88,0.6151,0.892,0.134,0.895,0,-0.0595,0.878,0.888,0.3186,0,4021.17,18000.0,0,0,0.2198,1
87340.33,43193.94,6000.0,38146.39,0.0687,234483.47,0.6855,0.974,0.088,0.958,0,0.0595,0.965,0.91,0.4368,0,8047.6,90000.0,0,0,0.0004,0
37131.22,24081.05,1500.0,11550.17,0.0404,59829.83,0.3295,0.888,0.124,0.858,0,0.0265,0.914,0.863,0.3111,0,4439.9,18000.0,0,0,0.2772,0
34643.83,21614.6,1500.0,11529.22,0.0433,60358.07,0.3975,0.886,0.129,0.879,0,0.1103,0.964,0.887,0.3328,0,4480.95,18000.0,0,0,0.158,0
30433.57,19175.08,1500.0,9758.49,0.0493,52986.32,0.4518,0.892,0.134,0.925,0,-0.1675,0.932,0.908,0.3206,0,3719.8,18000.0,0,0,0.2893,1
36254.78,22833.4,0.0,13421.38,0.0,74341.7,0.5599,0.895,0.121,0.919,0,-0.0326,0.969,0.834,0.3702,0,4810.19,0.0,0,0,0.0661,0
81653.68,50566.96,8000.0,23086.73,0.098,104792.8,0.3218,0.836,0.179,0.915,0,0.2692,0.931,0.739,0.2827,0,11768.01,144000.0,0,0,0.2058,0
43232.38,27441.16,3500.0,12291.22,0.081,62977.18,0.3042,0.891,0.122,0.869,0,-0.0015,0.964,0.951,0.2843,0,3444.29,42000.0,0,0,0.2413,0
52258.07,26456.57,3000.0,22801.49,0.0574,153616.44,0.9777,0.975,0.094,0.978,0,0.0631,0.96,0.799,0.4363,0,8522.37,45000.0,0,0,0.0016,0
53775.63,26239.52,0.0,27536.11,0.0,168760.09,0.7937,0.974,0.089,0.904,0,0.046,0.999,0.877,0.5121,0,5729.99,0.0,1,8,0.001,0
56327.69,28232.51,3000.0,25095.18,0.0533,163534.08,0.9096,0.976,0.096,0.926,0,0.0414,0.935,0.868,0.4455,0,8826.93,45000.0,1,5,0.0018,0
97261.99,60787.35,4000.0,32474.64,0.0411,154960.56,0.402,0.855,0.168,0.946,0,0.3417,0.89,0.767,0.3339,0,11497.33,72000.0,0,0,0.0221,0
36924.74,23336.33,0.0,13588.41,0.0,70364.88,0.4462,0.903,0.112,0.918,0,-0.1114,0.887,0.834,0.368,0,3460.62,0.0,0,0,0.1347,0
31923.3,20388.28,0.0,11535.02,0.0,60415.74,0.4308,0.894,0.126,0.848,0,0.0043,0.89,0.863,0.3613,0,3469.29,0.0,0,0,0.2002,0
37615.86,24334.81,0.0,13281.05,0.0,69984.48,0.47,0.879,0.158,0.908,0,0.0882,0.913,0.95,0.3531,0,4273.63,0.0,0,0,0.123,1
53647.42,34041.92,4000.0,15605.5,0.0746,72964.24,0.4271,0.87,0.149,0.899,0,0.2777,0.946,0.725,0.2909,1,10724.45,72000.0,0,0,0.3163,1
56267.87,35348.24,2500.0,18419.63,0.0444,89627.93,0.3304,0.908,0.095,0.875,0,0.0007,0.952,0.933,0.3274,0,3950.14,30000.0,0,0,0.0622,0
68802.4,34299.6,0.0,34502.8,0.0,202305.97,0.6906,0.975,0.087,0.907,0,0.0515,0.964,0.878,0.5015,0,8016.94,0.0,1,11,0.0006,0
41261.33,27095.21,1500.0,12666.12,0.0364,65149.88,0.3771,0.888,0.148,0.914,0,0.0684,0.867,0.882,0.307,0,3016.15,18000.0,0,0,0.2488,0
47892.81,30473.8,1500.0,15919.01,0.0313,80084.73,0.2943,0.9,0.126,0.864,0,-0.1724,0.855,0.922,0.3324,0,4912.42,18000.0,0,0,0.2907,1
65283.23,40113.32,12000.0,13169.91,0.1838,63140.47,0.3225,0.849,0.166,0.946,0,0.3603,0.845,0.842,0.2017,0,10976.83,216000.0,0,0,0.4931,1
46962.83,30454.54,0.0,16508.29,0.0,82960.03,0.319,0.89,0.129,0.9,0,-0.0852,0.93,0.88,0.3515,0,3502.64,0.0,0,0,0.1438,0
36406.18,23057.01,1500.0,11849.17,0.0412,66837.19,0.4801,0.872,0.145,0.827,0,-0.1706,0.891,0.887,0.3255,0,3771.67,18000.0,0,0,0.4051,0
98518.29,60719.8,8000.0,29798.49,0.0812,126629.24,0.2932,0.831,0.218,0.88,0,0.5,0.86,0.852,0.3025,0,11654.39,144000.0,1,15,0.1219,0
105920.7,66341.87,8000.0,31578.84,0.0755,136736.94,0.2968,0.837,0.202,0.904,0,0.2995,0.933,0.844,0.2981,0,7583.8,144000.0,1,17,0.0812,0
75735.02,37343.92,0.0,38391.1,0.0,223190.03,0.6708,0.975,0.085,0.951,0,0.0588,0.952,0.777,0.5069,0,8309.76,0.0,0,0,0.0004,0
31257.18,23710.66,12000.0,-4453.48,0.3839,976.17,0.016,0.922,0.096,0.73,24,-0.1903,0.676,0.561,0.0,2,4369.05,288000.0,0,0,1.0,1
93226.96,59017.29,8000.0,26209.68,0.0858,125527.33,0.4236,0.831,0.188,0.863,0,0.4341,0.829,0.728,0.2811,0,9293.49,144000.0,0,0,0.1444,0
38683.26,24105.23,1500.0,13078.03,0.0388,70576.1,0.4403,0.902,0.148,0.871,0,-0.1749,0.906,0.835,0.3381,0,3013.19,18000.0,0,0,0.3312,0
88633.84,54747.49,8000.0,25886.35,0.0903,123471.02,0.3927,0.878,0.145,0.926,0,0.2972,0.824,0.884,0.2921,1,8284.89,144000.0,0,0,0.1194,0
39943.83,25685.11,2500.0,11758.72,0.0626,64821.7,0.4319,0.892,0.145,0.857,0,-0.0467,0.876,0.821,0.2944,0,3452.31,30000.0,0,0,0.3965,0
36800.63,22841.26,1500.0,12459.36,0.0408,63175.32,0.3641,0.883,0.159,0.938,0,0.0081,0.923,0.877,0.3386,0,4667.65,18000.0,0,0,0.273,0
48860.78,23971.92,0.0,24888.86,0.0,162593.45,0.9919,0.973,0.105,0.922,0,0.047,0.982,0.898,0.5094,0,6959.82,0.0,0,0,0.0008,0
42715.1,26463.28,0.0,16251.83,0.0,85025.87,0.4695,0.896,0.137,0.869,0,-0.0081,0.924,0.931,0.3805,0,4848.06,0.0,0,0,0.0856,1
33340.63,25777.39,20000.0,-12436.76,0.5999,546.25,0.015,0.908,0.125,0.63,24,-0.1969,0.745,0.72,0.0,3,6426.74,480000.0,1,34,1.0,1
48998.19,30305.85,8000.0,10692.34,0.1633,66442.41,0.5826,0.861,0.172,0.858,0,0.3127,0.831,0.74,0.2182,0,6730.73,144000.0,0,0,0.4966,1
90981.46,45416.1,0.0,45565.36,0.0,261760.3,0.6171,0.971,0.077,0.907,0,0.0522,0.994,0.88,0.5008,0,8208.39,0.0,0,0,0.0001,0
46492.99,30148.58,3500.0,12844.42,0.0753,69020.4,0.3786,0.901,0.134,0.865,0,-0.064,0.89,0.851,0.2763,0,4638.12,42000.0,0,0,0.3444,0
61544.86,30551.88,3000.0,27992.98,0.0487,169505.03,0.6403,0.972,0.098,0.928,0,0.0395,0.995,0.862,0.4548,0,7798.68,45000.0,0,0,0.0025,0
66504.9,41804.51,8000.0,16700.39,0.1203,82010.35,0.4335,0.842,0.177,0.921,0,0.2878,0.925,0.817,0.2511,0,7621.34,144000.0,0,0,0.2473,0
36982.6,28174.07,20000.0,-11191.47,0.5408,500.0,0.0135,0.9,0.128,0.65,24,-0.1689,0.659,0.613,0.0,1,6379.9,480000.0,1,34,1.0,1
116614.58,73317.17,4000.0,39297.4,0.0343,169193.01,0.2881,0.855,0.175,0.905,0,0.137,0.889,0.867,0.337,0,11486.93,72000.0,0,0,0.0266,0
63778.57,31619.76,6000.0,26158.81,0.0941,155159.89,0.5655,0.975,0.101,0.964,0,0.0556,0.991,0.891,0.4102,0,5193.4,90000.0,0,0,0.0047,0
27771.05,17808.26,0.0,9962.79,0.0,51350.89,0.4219,0.886,0.16,0.883,0,0.0324,0.972,0.93,0.3587,0,3686.98,0.0,0,0,0.2056,1
94118.27,58180.92,8000.0,27937.35,0.085,126988.79,0.3326,0.822,0.168,0.846,0,0.3873,0.823,0.724,0.2968,0,11053.72,144000.0,0,0,0.1618,0
70452.64,35344.35,3000.0,32108.29,0.0426,187144.7,0.6002,0.972,0.091,0.964,0,0.0503,0.932,0.777,0.4557,0,7064.44,45000.0,0,0,0.002,0
38377.42,24735.37,2500.0,11142.05,0.0651,62019.97,0.5044,0.891,0.133,0.852,0,0.0903,0.96,0.83,0.2903,0,3771.88,30000.0,0,0,0.1849,0
39004.94,24348.28,0.0,14656.65,0.0,75128.57,0.4047,0.917,0.082,0.891,0,0.009,0.976,0.944,0.3758,0,4567.17,0.0,0,0,0.0351,0
42556.7,26480.13,0.0,16076.57,0.0,76063.39,0.3258,0.88,0.132,0.851,0,0.0237,0.927,0.912,0.3778,0,4127.55,0.0,0,0,0.1487,0
135419.36,83042.3,12000.0,40377.06,0.0886,180763.14,0.2952,0.882,0.139,0.836,0,0.1998,0.929,0.852,0.2982,0,7414.46,216000.0,0,0,0.015,0
26471.52,20366.91,8000.0,-1895.39,0.3022,1753.44,0.0189,0.925,0.084,0.735,20,-0.102,0.55,0.541,0.0,1,4280.8,192000.0,1,29,0.9999,1
41007.76,26577.67,0.0,14430.08,0.0,79833.81,0.5011,0.892,0.117,0.816,0,0.0084,0.864,0.941,0.3519,0,4467.05,0.0,0,0,0.1087,0
95934.9,47549.17,0.0,48385.72,0.0,281631.8,0.6388,0.971,0.11,0.946,0,0.0516,0.978,0.905,0.5044,0,6710.35,0.0,0,0,0.0001,0
113178.94,71118.35,16000.0,26060.58,0.1414,123301.69,0.3082,0.818,0.226,0.886,0,0.4939,0.952,0.788,0.2303,1,9062.72,288000.0,1,11,0.391,1
35323.36,22439.44,1500.0,11383.92,0.0425,64791.27,0.5302,0.887,0.139,0.841,0,0.0495,0.955,0.826,0.3223,0,3150.06,18000.0,0,0,0.1868,1
65749.3,33248.96,3000.0,29500.35,0.0456,176491.57,0.6638,0.972,0.095,0.976,0,0.0338,0.959,0.779,0.4487,0,5455.7,45000.0,0,0,0.0022,0
28618.75,21074.17,8000.0,-455.42,0.2795,1585.0,0.0175,0.913,0.113,0.777,16,-0.133,0.588,0.724,0.0,2,6647.34,192000.0,1,27,0.9999,1
76971.08,38881.35,6000.0,32089.73,0.078,204090.92,0.7073,0.975,0.1,0.92,0,0.0448,0.96,0.777,0.4169,0,6747.08,90000.0,1,3,0.0019,0
110967.63,68702.83,4000.0,38264.8,0.036,157839.51,0.2525,0.846,0.185,0.842,0,0.3012,0.821,0.83,0.3448,0,8666.35,72000.0,1,21,0.055,0
47034.66,28594.69,8000.0,10439.97,0.1701,70558.92,0.7427,0.864,0.174,0.843,0,0.1615,0.96,0.794,0.222,0,7788.48,144000.0,0,0,0.3222,0
39753.03,26228.16,3500.0,10024.88,0.088,51712.07,0.3258,0.887,0.13,0.88,0,0.1107,0.888,0.904,0.2522,0,4244.38,42000.0,0,0,0.3547,0
70651.53,35886.14,3000.0,31765.39,0.0425,195636.49,0.7353,0.971,0.087,0.931,0,0.0626,0.935,0.918,0.4496,0,8734.71,45000.0,1,11,0.0009,0
39287.65,25399.17,2500.0,11388.48,0.0636,58773.19,0.3523,0.884,0.173,0.817,0,-0.0545,0.887,0.911,0.2899,0,3832.15,30000.0,0,0,0.5758,1
28500.31,21729.14,20000.0,-13228.83,0.7017,500.0,0.0175,0.912,0.102,0.563,24,-0.1832,0.769,0.665,0.0,2,5299.67,480000.0,0,0,1.0,1
33269.77,21077.75,0.0,12192.01,0.0,63896.23,0.4571,0.892,0.142,0.934,0,-0.0511,0.911,0.959,0.3665,0,4791.44,0.0,0,0,0.1356,0
24987.19,18968.55,12000.0,-5981.36,0.4802,589.55,0.02,0.946,0.088,0.589,24,-0.0732,0.648,0.731,0.0,1,4726.51,288000.0,1,32,1.0,1
35252.87,21700.51,0.0,13552.36,0.0,74243.77,0.563,0.905,0.114,0.88,0,-0.0893,0.901,0.87,0.3844,1,3282.52,0.0,0,0,0.1889,0
47695.42,29175.69,2500.0,16019.73,0.0524,83851.46,0.4023,0.886,0.15,0.817,0,-0.0419,0.876,0.926,0.3359,0,3442.02,30000.0,0,0,0.2828,0
92648.95,44786.64,0.0,47862.31,0.0,260098.74,0.4781,0.967,0.109,0.964,0,0.0532,0.985,0.829,0.5166,0,6307.37,0.0,0,0,0.0003,0
61718.17,30319.78,0.0,31398.39,0.0,193736.63,0.8254,0.974,0.105,0.934,0,0.0556,0.935,0.895,0.5087,0,7877.42,0.0,0,0,0.0007,0
34739.07,21974.18,2500.0,10264.9,0.072,58052.13,0.4921,0.898,0.114,0.834,0,-0.0863,0.948,0.864,0.2955,0,3562.54,30000.0,0,0,0.2511,0
105090.48,62768.9,4000.0,38321.58,0.0381,169061.98,0.3705,0.853,0.169,0.927,0,0.2567,0.915,0.888,0.3647,0,9110.18,72000.0,0,0,0.012,0
37085.69,24012.05,3500.0,9573.64,0.0944,50489.46,0.3568,0.898,0.156,0.923,0,0.0483,0.898,0.956,0.2581,0,3085.93,42000.0,0,0,0.3803,0
49171.61,30312.36,8000.0,10859.25,0.1627,64092.18,0.5305,0.874,0.145,0.946,0,0.2621,0.867,0.869,0.2208,0,10122.79,144000.0,0,0,0.2575,0
33750.99,21609.98,3500.0,8641.01,0.1037,52745.43,0.5369,0.878,0.127,0.857,0,-0.1083,0.888,0.868,0.256,0,4062.55,42000.0,0,0,0.4397,0
15917.28,12004.64,12000.0,-8087.36,0.7539,680.51,0.0314,0.915,0.099,0.677,24,-0.2071,0.777,0.646,0.0,2,4381.15,288000.0,1,10,1.0,1
112668.21,69888.53,8000.0,34779.68,0.071,153380.62,0.325,0.837,0.189,0.9,0,0.4982,0.839,0.834,0.3087,0,6653.63,144000.0,1,6,0.0383,0
64977.05,32324.95,3000.0,29652.11,0.0462,172953.85,0.5612,0.973,0.093,0.909,0,0.0548,0.959,0.897,0.4563,0,8949.98,45000.0,1,7,0.0027,0
97717.65,61575.46,8000.0,28142.19,0.0819,128642.66,0.3105,0.837,0.191,0.937,0,0.2935,0.931,0.785,0.288,0,6984.39,144000.0,1,11,0.1012,0
46718.99,29848.94,0.0,16870.05,0.0,88947.23,0.3975,0.895,0.121,0.86,0,-0.043,0.921,0.892,0.3611,0,3761.1,0.0,0,0,0.0987,0
30201.05,18560.54,2500.0,9140.51,0.0828,52235.69,0.5082,0.882,0.14,0.807,0,0.1341,0.903,0.831,0.3027,0,4158.97,30000.0,0,0,0.3528,0
80568.69,49533.53,8000.0,23035.16,0.0993,114737.03,0.4126,0.835,0.194,0.852,0,0.2839,0.932,0.815,0.2859,0,10880.97,144000.0,0,0,0.1875,1
42908.59,27730.85,1500.0,13677.74,0.035,76023.51,0.5024,0.886,0.156,0.919,0,0.1383,0.872,0.857,0.3188,0,3104.37,18000.0,0,0,0.1499,1
38497.89,29383.99,12000.0,-2886.11,0.3117,1736.49,0.013,0.92,0.1,0.611,21,-0.1974,0.641,0.589,0.0,2,6771.57,288000.0,0,0,1.0,1
47535.2,30366.11,0.0,17169.09,0.0,87487.41,0.3569,0.887,0.15,0.849,0,-0.0137,0.912,0.93,0.3612,0,4644.78,0.0,0,0,0.1549,0
26295.48,19745.69,16000.0,-9450.21,0.6085,699.88,0.019,0.915,0.107,0.714,24,-0.1681,0.693,0.615,0.0,1,5869.28,384000.0,1,11,1.0,1
74952.11,37777.42,0.0,37174.69,0.0,214320.66,0.6115,0.976,0.085,0.975,0,0.0462,0.948,0.852,0.496,0,5015.25,0.0,1,4,0.0005,0
42427.78,26353.1,1500.0,14574.68,0.0354,73459.86,0.3407,0.911,0.125,0.93,0,-0.0964,0.931,0.91,0.3435,0,4464.27,18000.0,0,0,0.1504,0
59069.72,29291.58,3000.0,26778.14,0.0508,175263.32,0.874,0.979,0.105,0.943,0,0.0328,0.995,0.92,0.4533,0,7249.01,45000.0,0,0,0.0011,0
84861.74,42384.34,3000.0,39477.39,0.0354,226197.12,0.5555,0.974,0.084,0.953,0,0.0547,0.97,0.793,0.4652,0,6235.07,45000.0,0,0,0.0006,0
50815.09,31843.19,1500.0,17471.9,0.0295,84619.18,0.265,0.894,0.11,0.928,0,0.0832,0.896,0.931,0.3438,0,3656.24,18000.0,0,0,0.0876,0
129267.3,80692.95,8000.0,40574.35,0.0619,173288.18,0.2974,0.85,0.112,0.887,0,0.2677,0.931,0.733,0.3139,0,11526.3,144000.0,0,0,0.01,0
60430.77,36732.42,4000.0,19698.35,0.0662,94594.27,0.5139,0.876,0.11,0.833,0,0.1987,0.861,0.753,0.326,0,6303.92,72000.0,1,22,0.0903,0
37111.59,23771.82,2500.0,10839.78,0.0674,64593.35,0.5351,0.894,0.119,0.815,0,-0.0904,0.979,0.83,0.2921,0,4268.75,30000.0,0,0,0.225,1
66874.83,33138.19,3000.0,30736.63,0.0449,187768.55,0.703,0.974,0.099,0.954,0,0.0553,0.975,0.779,0.4596,0,7518.82,45000.0,0,0,0.0016,0
67628.21,33505.41,0.0,34122.81,0.0,214992.03,0.86,0.969,0.098,0.933,0,0.053,0.997,0.764,0.5046,0,6499.13,0.0,0,0,0.0004,0
31471.04,23763.72,20000.0,-12292.68,0.6355,500.0,0.0159,0.922,0.107,0.646,24,-0.1242,0.7,0.683,0.0,2,6375.4,480000.0,0,0,1.0,1
30339.2,23154.63,8000.0,-815.43,0.2637,1245.59,0.0165,0.911,0.109,0.559,16,-0.1963,0.616,0.731,0.0,2,5992.15,192000.0,1,25,1.0,1
68858.77,42964.66,4000.0,21894.11,0.0581,111916.1,0.5305,0.869,0.151,0.908,0,0.1369,0.824,0.724,0.318,0,7865.44,72000.0,0,0,0.118,0
104308.19,63508.72,8000.0,32799.47,0.0767,147744.07,0.3487,0.863,0.168,0.917,0,0.2689,0.932,0.829,0.3144,0,11292.71,144000.0,0,0,0.032,0
70187.54,35075.88,0.0,35111.67,0.0,209879.4,0.7327,0.97,0.09,0.915,0,0.0659,0.926,0.777,0.5003,0,8147.91,0.0,1,13,0.0007,0
130084.29,80994.03,16000.0,33090.25,0.123,142434.31,0.2961,0.838,0.175,0.913,0,0.2122,0.827,0.756,0.2544,0,6671.39,288000.0,0,0,0.1489,0
40396.26,25422.37,1500.0,13473.89,0.0371,73918.46,0.4567,0.891,0.141,0.928,0,0.0083,0.934,0.93,0.3335,0,3808.1,18000.0,0,0,0.1241,0
39509.11,24984.55,0.0,14524.56,0.0,71310.23,0.3531,0.885,0.157,0.889,0,0.1907,0.87,0.951,0.3676,0,4392.03,0.0,0,0,0.1453,0
103259.54,64589.11,12000.0,26670.43,0.1162,115868.92,0.2698,0.844,0.137,0.879,0,0.4675,0.924,0.775,0.2583,0,11962.48,216000.0,1,7,0.0707,1
28979.16,17793.93,0.0,11185.23,0.0,64112.06,0.6713,0.883,0.134,0.91,0,0.0324,0.933,0.846,0.386,0,3223.55,0.0,0,0,0.0802,0
27916.72,20750.97,20000.0,-12834.25,0.7164,501.38,0.0179,0.92,0.093,0.686,24,-0.1621,0.749,0.692,0.0,2,6702.22,480000.0,0,0,1.0,1
37992.42,18964.55,0.0,19027.86,0.0,128108.01,1.0589,0.969,0.092,0.903,0,0.054,0.93,0.822,0.5008,0,8831.58,0.0,1,9,0.0022,0
27710.69,21821.3,12000.0,-6110.61,0.433,610.32,0.018,0.904,0.12,0.775,24,-0.1856,0.682,0.745,0.0,4,6365.07,288000.0,0,0,1.0,1
70001.08,35319.64,6000.0,28681.44,0.0857,170709.62,0.5732,0.976,0.096,0.973,0,0.04,0.985,0.899,0.4097,0,5718.84,90000.0,0,0,0.0028,0
77673.63,39287.65,3000.0,35385.98,0.0386,205558.88,0.6139,0.97,0.087,0.961,0,0.069,0.959,0.769,0.4556,0,6451.26,45000.0,0,0,0.001,0
83853.09,52306.71,4000.0,27546.38,0.0477,130022.61,0.4603,0.861,0.146,0.825,0,0.3111,0.901,0.848,0.3285,0,8953.07,72000.0,1,23,0.0349,0
43330.43,33595.95,8000.0,1734.48,0.1846,7843.85,0.0949,0.911,0.12,0.673,7,-0.1994,0.576,0.561,0.04,4,4165.21,192000.0,0,0,0.9999,1
84367.96,51545.14,8000.0,24822.82,0.0948,113502.07,0.3937,0.841,0.19,0.868,0,0.4863,0.91,0.836,0.2942,1,11062.74,144000.0,0,0,0.1985,0
42719.03,27303.82,1500.0,13915.21,0.0351,72864.01,0.4032,0.898,0.139,0.844,0,-0.0216,0.869,0.947,0.3257,1,4076.63,18000.0,0,0,0.4082,0
111206.23,68874.06,12000.0,30332.18,0.1079,133624.86,0.3219,0.874,0.173,0.837,0,0.2301,0.88,0.793,0.2728,1,10990.38,216000.0,0,0,0.2411,0
46995.75,23499.49,3000.0,20496.26,0.0638,135205.54,0.8957,0.974,0.085,0.954,0,0.0399,0.994,0.875,0.4361,0,8799.11,45000.0,0,0,0.0023,0
42934.43,33414.4,16000.0,-6479.97,0.3727,1100.51,0.0116,0.914,0.095,0.602,24,-0.2145,0.703,0.502,0.0,2,5278.67,384000.0,0,0,1.0,1
69806.64,35073.17,0.0,34733.47,0.0,198207.97,0.5949,0.975,0.077,0.971,0,0.0471,0.939,0.842,0.4976,0,7852.96,0.0,0,0,0.0007,0
28855.86,18690.59,1500.0,8665.27,0.052,51855.58,0.6301,0.893,0.134,0.933,0,0.0971,0.86,0.858,0.3003,0,3873.35,18000.0,0,0,0.1627,0
66564.7,32629.25,0.0,33935.44,0.0,204772.21,0.7541,0.975,0.095,0.904,0,0.0578,0.928,0.802,0.5098,0,8509.3,0.0,0,0,0.0008,0
104753.25,65731.43,8000.0,31021.81,0.0764,135677.03,0.2826,0.86,0.184,0.854,0,0.3415,0.953,0.847,0.2961,0,10635.52,144000.0,0,0,0.0594,0
98996.2,60460.1,8000.0,30536.11,0.0808,134723.15,0.3343,0.873,0.154,0.943,0,0.3506,0.915,0.765,0.3085,0,10162.04,144000.0,1,11,0.0326,0
33946.45,26222.1,8000.0,-275.66,0.2357,2648.82,0.0332,0.933,0.092,0.558,13,-0.1679,0.739,0.715,0.0,2,4198.0,192000.0,1,12,0.9998,1
85166.41,43543.64,3000.0,38622.77,0.0352,224160.38,0.543,0.971,0.107,0.95,0,0.0432,0.938,0.827,0.4535,0,7363.59,45000.0,0,0,0.0011,0
114668.26,73531.11,8000.0,33137.16,0.0698,150111.29,0.3547,0.836,0.163,0.901,0,0.2802,0.881,0.815,0.289,1,9937.1,144000.0,0,0,0.096,0
17702.92,13661.54,12000.0,-7958.61,0.6779,500.0,0.0282,0.928,0.104,0.652,24,-0.0759,0.729,0.636,0.0,1,4010.79,288000.0,0,0,1.0,1
39906.67,29702.53,12000.0,-1795.85,0.3007,2761.52,0.0125,0.907,0.089,0.757,18,-0.1932,0.684,0.713,0.0,2,4192.01,288000.0,0,0,0.9999,1
120215.87,74791.61,4000.0,41424.26,0.0333,182761.41,0.3652,0.823,0.195,0.883,0,0.444,0.869,0.833,0.3446,0,7756.27,72000.0,0,0,0.015,0
106583.31,64166.23,16000.0,26417.09,0.1501,133029.96,0.4039,0.838,0.202,0.934,0,0.4045,0.928,0.84,0.2479,0,8159.37,288000.0,0,0,0.1059,0
64552.44,31260.94,0.0,33291.5,0.0,203497.15,0.8305,0.972,0.093,0.969,0,0.0425,0.97,0.884,0.5157,0,5006.52,0.0,0,0,0.0004,0
33558.22,21278.56,2500.0,9779.65,0.0745,56118.6,0.4976,0.891,0.153,0.859,0,-0.0679,0.959,0.839,0.2914,0,4919.53,30000.0,0,0,0.366,0
27611.87,17647.05,0.0,9964.83,0.0,58693.15,0.6741,0.898,0.112,0.922,0,0.1664,0.956,0.837,0.3609,0,3967.65,0.0,0,0,0.0381,0
16970.11,13070.47,8000.0,-4100.37,0.4714,579.87,0.0295,0.914,0.115,0.738,24,-0.2055,0.532,0.735,0.0,2,5592.42,192000.0,0,0,1.0,1
27750.49,20814.08,20000.0,-13063.59,0.7207,500.0,0.018,0.924,0.099,0.721,24,-0.1328,0.7,0.733,0.0,1,5977.16,480000.0,1,28,1.0,1
48098.32,30517.86,1500.0,16080.45,0.0312,83393.71,0.4287,0.915,0.106,0.887,0,-0.0175,0.852,0.925,0.3343,0,4545.09,18000.0,0,0,0.0931,0
36248.65,22406.6,0.0,13842.05,0.0,70332.22,0.4305,0.881,0.138,0.881,0,0.0598,0.912,0.878,0.3819,0,3490.93,0.0,0,0,0.1392,0
49917.18,31469.91,2500.0,15947.26,0.0501,83213.94,0.416,0.897,0.127,0.893,0,0.1045,0.935,0.926,0.3195,0,3555.72,30000.0,0,0,0.0845,0
50888.29,25488.5,0.0,25399.79,0.0,165175.24,0.9304,0.97,0.102,0.926,0,0.06,0.98,0.881,0.4991,0,6712.21,0.0,0,0,0.0009,0
72754.29,36674.03,0.0,36080.27,0.0,213009.59,0.6554,0.97,0.089,0.967,0,0.0547,0.992,0.832,0.4959,0,6474.49,0.0,0,0,0.0004,0
104653.04,66284.73,12000.0,26368.31,0.1147,114163.86,0.2285,0.863,0.155,0.914,0,0.2292,0.948,0.891,0.252,0,10655.45,216000.0,1,16,0.0998,0
58942.73,29722.97,0.0,29219.76,0.0,179823.25,0.7818,0.973,0.1,0.944,0,0.0432,0.946,0.804,0.4957,0,8795.05,0.0,0,0,0.0013,0
34422.67,26368.15,16000.0,-7945.48,0.4648,503.21,0.0145,0.911,0.111,0.683,24,-0.1838,0.609,0.578,0.0,1,4541.89,384000.0,1,7,1.0,1
42426.44,27002.58,1500.0,13923.86,0.0354,70391.83,0.3739,0.891,0.141,0.907,0,0.0479,0.887,0.896,0.3282,0,4577.93,18000.0,0,0,0.1939,0
66872.55,33487.22,0.0,33385.33,0.0,193291.35,0.6375,0.974,0.08,0.967,0,0.0377,0.966,0.865,0.4992,0,5748.79,0.0,1,1,0.0007,0
23649.11,18370.4,8000.0,-2721.28,0.3383,832.06,0.0211,0.93,0.092,0.73,23,-0.1374,0.713,0.668,0.0,1,4712.82,192000.0,1,15,0.9999,1
18087.57,13938.83,20000.0,-15851.26,1.1057,545.04,0.0276,0.914,0.098,0.74,24,-0.1762,0.67,0.638,0.0,2,5524.05,480000.0,1,8,1.0,1
30001.35,18943.76,1500.0,9557.59,0.05,51114.9,0.3747,0.899,0.122,0.903,0,0.0945,0.932,0.908,0.3186,0,4804.2,18000.0,0,0,0.1881,0
44511.88,27716.09,2500.0,14295.79,0.0562,77404.0,0.4686,0.903,0.137,0.818,0,0.0241,0.95,0.847,0.3212,0,3302.94,30000.0,0,0,0.1748,1
63089.79,31170.42,0.0,31919.37,0.0,190297.42,0.7206,0.976,0.093,0.973,0,0.0519,0.954,0.849,0.5059,0,5981.25,0.0,0,0,0.0007,0
61469.13,30398.37,0.0,31070.76,0.0,194708.74,0.8564,0.973,0.106,0.936,0,0.0595,0.968,0.763,0.5055,0,6836.66,0.0,0,0,0.0008,0
70345.48,34792.37,3000.0,32553.11,0.0426,187090.87,0.567,0.971,0.09,0.925,0,0.0629,0.947,0.917,0.4628,0,7553.52,45000.0,0,0,0.0016,0
31422.05,23866.34,16000.0,-8444.29,0.5092,730.32,0.0159,0.908,0.103,0.773,24,-0.2178,0.649,0.657,0.0,1,6332.82,384000.0,1,28,1.0,1
80212.48,50406.54,12000.0,17805.94,0.1496,97464.8,0.4808,0.861,0.172,0.887,0,0.3255,0.887,0.721,0.222,1,10942.14,216000.0,1,15,0.4521,0
85030.35,53912.19,8000.0,23118.17,0.0941,107511.68,0.3868,0.822,0.189,0.853,0,0.3114,0.823,0.763,0.2719,1,8072.35,144000.0,0,0,0.5176,0
42332.47,26238.41,1500.0,14594.06,0.0354,73472.1,0.3436,0.895,0.098,0.818,0,0.1173,0.908,0.877,0.3447,0,3893.87,18000.0,0,0,0.1253,0
95529.83,59091.02,12000.0,24438.81,0.1256,115240.74,0.3314,0.857,0.158,0.895,0,0.1921,0.919,0.898,0.2558,0,8053.71,216000.0,0,0,0.129,0
38479.91,24079.47,3500.0,10900.44,0.091,59738.7,0.4021,0.901,0.123,0.825,0,-0.0115,0.955,0.847,0.2833,0,3822.92,42000.0,0,0,0.314,0
70054.05,35231.55,3000.0,31822.5,0.0428,190002.55,0.6155,0.977,0.11,0.945,0,0.0457,0.945,0.843,0.4543,0,8250.5,45000.0,0,0,0.0022,0
36328.23,28420.99,12000.0,-4092.76,0.3303,1180.29,0.0138,0.915,0.096,0.704,24,-0.1624,0.767,0.695,0.0,1,6949.04,288000.0,0,0,0.9999,1
33177.44,25150.61,12000.0,-3973.17,0.3617,633.72,0.0151,0.909,0.12,0.562,23,-0.1958,0.774,0.53,0.0,2,6593.27,288000.0,0,0,1.0,1
42088.77,26109.13,2500.0,13479.64,0.0594,68831.28,0.3295,0.89,0.147,0.801,0,-0.0471,0.953,0.875,0.3203,0,4394.23,30000.0,0,0,0.3736,1
34932.37,22039.46,3500.0,9392.91,0.1002,48784.13,0.3924,0.909,0.11,0.845,0,0.0552,0.86,0.888,0.2689,0,3031.03,42000.0,0,0,0.347,1
35934.37,27695.01,16000.0,-7760.64,0.4453,791.03,0.0139,0.902,0.09,0.736,24,-0.2374,0.666,0.587,0.0,1,5741.24,384000.0,0,0,1.0,1
90325.72,57428.51,8000.0,24897.21,0.0886,129456.0,0.4649,0.872,0.159,0.897,0,0.2318,0.869,0.756,0.2756,0,9394.34,144000.0,0,0,0.0832,0
38994.11,24031.94,2500.0,12462.17,0.0641,66642.32,0.4311,0.887,0.14,0.84,0,0.0061,0.892,0.91,0.3196,0,4964.55,30000.0,0,0,0.2911,0
146244.41,91805.37,16000.0,38439.04,0.1094,173924.45,0.3041,0.844,0.175,0.825,0,0.2745,0.854,0.841,0.2628,0,8739.04,288000.0,1,22,0.0573,0
68459.58,33164.59,0.0,35294.99,0.0,215502.84,0.8054,0.974,0.089,0.918,0,0.0521,0.973,0.783,0.5156,0,6682.17,0.0,1,3,0.0004,0
104973.45,66155.26,4000.0,34818.19,0.0381,149074.57,0.3148,0.876,0.161,0.941,0,0.122,0.866,0.819,0.3317,0,9846.96,72000.0,0,0,0.0343,0
69003.0,36047.65,3000.0,29955.34,0.0435,186629.38,0.7548,0.974,0.074,0.927,0,0.0518,0.994,0.797,0.4341,0,5724.18,45000.0,0,0,0.001,0
47156.23,31419.66,3500.0,12236.58,0.0742,69105.68,0.4532,0.907,0.104,0.9,0,-0.0716,0.912,0.913,0.2595,0,4572.04,42000.0,0,0,0.1536,0
39556.47,24396.7,2500.0,12659.77,0.0632,70441.86,0.5224,0.904,0.135,0.858,0,-0.0622,0.918,0.887,0.32,0,3162.86,30000.0,0,0,0.1993,0
60930.35,37888.56,16000.0,7041.79,0.2626,43135.15,0.3526,0.843,0.149,0.928,1,0.3126,0.869,0.861,0.1156,0,6290.3,288000.0,0,0,0.7533,0
37438.96,23533.31,0.0,13905.65,0.0,69484.72,0.3822,0.899,0.135,0.81,0,-0.0296,0.942,0.863,0.3714,0,4664.7,0.0,0,0,0.1961,0
61881.2,30624.65,0.0,31256.56,0.0,190118.2,0.7368,0.972,0.11,0.948,0,0.0678,0.988,0.803,0.5051,0,6862.85,0.0,1,6,0.001,0
30391.21,19858.67,2500.0,8032.54,0.0823,48845.29,0.5347,0.898,0.133,0.919,0,0.0134,0.966,0.945,0.2643,0,3968.72,30000.0,0,0,0.1809,0
89376.13,44474.33,0.0,44901.8,0.0,247072.55,0.4739,0.974,0.096,0.931,0,0.0583,0.988,0.795,0.5024,0,5597.54,0.0,0,0,0.0004,0
34281.64,22143.77,2500.0,9637.87,0.0729,55761.49,0.5423,0.87,0.153,0.912,0,0.21,0.977,0.841,0.2811,0,3444.13,30000.0,0,0,0.1695,0
68232.78,41920.31,4000.0,22312.47,0.0586,110503.28,0.457,0.869,0.159,0.876,0,0.1114,0.849,0.845,0.327,1,11479.64,72000.0,1,11,0.2591,0
37032.55,28487.45,8000.0,545.1,0.216,6067.74,0.1203,0.914,0.087,0.638,9,-0.1731,0.777,0.703,0.0147,2,6930.96,192000.0,1,15,0.999,1
52943.35,32998.95,2500.0,17444.4,0.0472,87860.21,0.3339,0.914,0.106,0.833,0,0.0798,0.906,0.866,0.3295,0,4746.4,30000.0,0,0,0.1046,0
32176.46,24155.69,8000.0,20.77,0.2486,3964.26,0.0773,0.931,0.069,0.724,13,-0.0874,0.582,0.507,0.0006,1,5034.3,192000.0,1,17,0.9994,1
44947.04,28671.07,3500.0,12775.97,0.0779,62838.38,0.2655,0.884,0.144,0.885,0,0.1076,0.854,0.882,0.2842,0,3068.54,42000.0,0,0,0.4044,0
33391.43,25429.6,12000.0,-4038.17,0.3594,703.31,0.015,0.929,0.087,0.703,24,-0.124,0.69,0.566,0.0,2,5579.64,288000.0,0,0,1.0,1
39607.77,25832.35,0.0,13775.41,0.0,71213.81,0.4011,0.898,0.118,0.937,0,0.137,0.859,0.866,0.3478,0,4447.46,0.0,0,0,0.0897,0
74011.32,37341.61,0.0,36669.71,0.0,211403.12,0.536,0.972,0.095,0.971,0,0.0444,0.984,0.901,0.4955,0,8886.8,0.0,0,0,0.0006,0
53932.5,27576.23,6000.0,20356.27,0.1113,125823.55,0.6491,0.97,0.081,0.922,0,0.0709,0.986,0.823,0.3774,0,7293.3,90000.0,0,0,0.0093,0
34294.8,25753.21,12000.0,-3458.41,0.3499,614.84,0.0146,0.905,0.119,0.646,24,-0.21,0.596,0.745,0.0,1,6325.23,288000.0,0,0,1.0,1
54011.94,27703.51,6000.0,20308.42,0.1111,143516.93,0.9509,0.972,0.086,0.977,0,0.0448,0.944,0.751,0.376,0,6548.85,90000.0,0,0,0.0041,0
120226.48,75497.93,4000.0,40728.54,0.0333,177455.05,0.3033,0.887,0.155,0.831,0,0.3045,0.919,0.802,0.3388,0,7175.74,72000.0,0,0,0.0109,0
32719.9,25334.69,8000.0,-614.78,0.2445,4287.43,0.0568,0.909,0.107,0.562,14,-0.2278,0.666,0.74,0.0,2,6886.68,192000.0,1,21,0.9999,1
82529.18,40473.92,0.0,42055.26,0.0,242560.06,0.6031,0.974,0.089,0.968,0,0.0594,0.938,0.822,0.5096,0,8471.16,0.0,1,12,0.0003,0
33791.51,21668.18,0.0,12123.33,0.0,66126.92,0.5136,0.892,0.134,0.894,0,-0.0741,0.946,0.889,0.3588,0,4786.27,0.0,0,0,0.1278,0
22225.45,16901.64,12000.0,-6676.19,0.5399,531.51,0.0225,0.917,0.088,0.585,24,-0.1574,0.567,0.658,0.0,1,5191.07,288000.0,0,0,1.0,1
42782.44,26892.26,1500.0,14390.18,0.0351,74604.96,0.4676,0.904,0.1,0.892,0,0.0467,0.936,0.839,0.3364,0,3171.09,18000.0,0,0,0.0746,0
36272.36,23440.27,1500.0,11332.09,0.0414,59666.21,0.3755,0.883,0.135,0.915,0,-0.1473,0.891,0.842,0.3124,0,3506.06,18000.0,0,0,0.3814,0
40670.7,25244.52,3500.0,11926.18,0.0861,66057.99,0.4461,0.89,0.128,0.845,0,0.0282,0.913,0.886,0.2932,1,3438.64,42000.0,0,0,0.4526,0
59275.94,29055.26,0.0,30220.68,0.0,183098.53,0.7658,0.973,0.096,0.956,0,0.0522,0.954,0.864,0.5098,0,5558.09,0.0,0,0,0.0009,0
42779.37,32387.82,16000.0,-5608.44,0.374,901.72,0.0117,0.911,0.12,0.748,24,-0.1991,0.625,0.748,0.0,2,5594.87,384000.0,1,26,1.0,1
62072.2,37459.33,8000.0,16612.87,0.1289,82534.95,0.4473,0.877,0.159,0.86,0,0.3174,0.926,0.791,0.2676,0,7298.47,144000.0,0,0,0.2003,0
62877.91,31239.42,0.0,31638.49,0.0,184050.83,0.6122,0.972,0.107,0.945,0,0.0637,0.998,0.808,0.5032,0,6333.34,0.0,1,2,0.0014,0
40268.81,30566.93,12000.0,-2298.12,0.298,2155.88,0.0124,0.899,0.109,0.674,20,-0.2438,0.67,0.51,0.0,1,6463.1,288000.0,1,30,1.0,1
27972.25,17971.23,0.0,10001.02,0.0,58026.2,0.6586,0.903,0.142,0.904,0,0.1601,0.93,0.867,0.3575,0,3095.96,0.0,0,0,0.0668,0
61007.26,38629.26,4000.0,18378.0,0.0656,95648.56,0.5188,0.85,0.168,0.904,0,0.3469,0.83,0.763,0.3012,0,9179.93,72000.0,1,10,0.1468,0
29428.61,22699.05,12000.0,-5270.44,0.4078,869.36,0.017,0.909,0.112,0.735,24,-0.167,0.661,0.634,0.0,3,4951.28,288000.0,1,29,1.0,1
37191.1,23968.72,0.0,13222.37,0.0,72059.63,0.4806,0.878,0.139,0.907,0,0.0374,0.896,0.847,0.3555,0,3767.52,0.0,0,0,0.1415,0
125767.67,76413.77,12000.0,37353.9,0.0954,174555.47,0.3446,0.84,0.211,0.916,0,0.308,0.92,0.772,0.297,0,7825.44,216000.0,0,0,0.048,0
48413.8,31357.45,2500.0,14556.35,0.0516,73180.82,0.2909,0.877,0.149,0.883,0,0.127,0.867,0.921,0.3007,1,4657.37,30000.0,0,0,0.4664,1
34412.02,21372.63,3500.0,9539.39,0.1017,52850.43,0.4215,0.893,0.137,0.936,0,0.0104,0.98,0.884,0.2772,0,3135.2,42000.0,0,0,0.2595,1
51626.35,25945.97,3000.0,22680.38,0.0581,140277.78,0.7744,0.969,0.1,0.979,0,0.0665,0.982,0.92,0.4393,0,8895.6,45000.0,0,0,0.0026,0
41309.17,26399.49,0.0,14909.69,0.0,72058.19,0.3195,0.881,0.115,0.812,0,0.013,0.926,0.94,0.3609,0,3271.65,0.0,0,0,0.1515,0
40565.36,26230.05,2500.0,11835.3,0.0616,64476.84,0.4312,0.904,0.127,0.806,0,0.1397,0.918,0.825,0.2918,0,3892.6,30000.0,0,0,0.2175,0
109735.52,69327.15,16000.0,24408.36,0.1458,110964.76,0.2526,0.822,0.142,0.939,0,0.4474,0.96,0.858,0.2224,0,7273.23,288000.0,1,3,0.0831,1
53886.27,26437.23,0.0,27449.04,0.0,171967.9,0.8706,0.972,0.104,0.931,0,0.0524,0.921,0.858,0.5094,0,5599.89,0.0,0,0,0.0013,0
56933.14,28250.96,0.0,28682.18,0.0,172722.7,0.7694,0.973,0.081,0.926,0,0.0383,0.951,0.845,0.5038,0,8840.47,0.0,0,0,0.0011,0
61021.25,30635.65,0.0,30385.6,0.0,189577.28,0.8544,0.972,0.08,0.955,0,0.0385,0.984,0.857,0.498,1,7791.13,0.0,0,0,0.001,0
73176.97,37390.85,3000.0,32786.12,0.041,197874.91,0.6268,0.975,0.09,0.965,0,0.0506,0.952,0.805,0.448,0,8859.29,45000.0,0,0,0.0013,0
80634.9,50951.1,12000.0,17683.8,0.1488,97841.85,0.4952,0.839,0.221,0.931,0,0.3102,0.898,0.824,0.2193,0,7696.37,216000.0,1,5,0.3417,0
117157.0,70444.05,4000.0,42712.95,0.0341,189005.77,0.3607,0.837,0.216,0.932,0,0.2949,0.952,0.754,0.3646,0,7538.73,72000.0,1,14,0.0161,0
39865.35,25393.04,0.0,14472.31,0.0,77187.55,0.4437,0.894,0.125,0.899,0,0.0605,0.933,0.858,0.363,0,3092.94,0.0,0,0,0.0838,0
51346.84,25139.02,0.0,26207.83,0.0,163262.25,0.827,0.973,0.1,0.917,0,0.0638,0.981,0.893,0.5104,0,6997.81,0.0,0,0,0.0012,0
64339.39,31864.0,0.0,32475.38,0.0,191392.44,0.6796,0.969,0.088,0.92,0,0.0595,0.934,0.903,0.5048,0,8658.11,0.0,0,0,0.0009,0
77662.34,47539.83,12000.0,18122.52,0.1545,97567.29,0.4412,0.857,0.174,0.935,0,0.2891,0.954,0.778,0.2334,0,11894.83,216000.0,0,0,0.1973,0
39483.02,24511.36,1500.0,13471.65,0.038,67325.37,0.3372,0.889,0.124,0.831,0,0.0221,0.905,0.828,0.3412,0,3362.18,18000.0,0,0,0.272,0
29619.13,22471.11,12000.0,-4851.99,0.4051,704.53,0.0169,0.92,0.089,0.711,24,-0.1861,0.576,0.538,0.0,2,4299.8,288000.0,1,12,1.0,1
105652.14,65479.41,8000.0,32172.73,0.0757,135165.56,0.2918,0.83,0.168,0.835,0,0.3111,0.921,0.839,0.3045,0,10638.52,144000.0,1,13,0.0713,0
32223.93,24827.59,20000.0,-12603.67,0.6207,567.19,0.0155,0.925,0.108,0.755,24,-0.1252,0.625,0.528,0.0,2,4731.09,480000.0,1,15,1.0,1
100182.7,49861.27,3000.0,47321.43,0.0299,273480.79,0.573,0.971,0.107,0.978,0,0.0508,0.986,0.753,0.4724,0,7150.48,45000.0,1,6,0.0003,0
39980.57,30173.87,12000.0,-2193.3,0.3001,1085.99,0.0125,0.912,0.108,0.669,22,-0.1809,0.554,0.685,0.0,4,6840.33,288000.0,1,20,1.0,1
35579.23,22476.33,0.0,13102.9,0.0,69680.97,0.4788,0.897,0.134,0.835,0,0.0583,0.873,0.87,0.3683,0,4125.14,0.0,0,0,0.1557,0
46775.59,36007.65,16000.0,-5232.06,0.3421,792.95,0.0107,0.927,0.097,0.637,24,-0.1485,0.747,0.521,0.0,1,4113.71,384000.0,0,0,1.0,1
38884.84,29981.48,8000.0,903.36,0.2057,7652.62,0.1323,0.914,0.09,0.627,9,-0.19,0.573,0.52,0.0232,1,4873.8,192000.0,1,24,0.9994,1
55021.22,26707.98,0.0,28313.24,0.0,179327.65,0.9487,0.973,0.077,0.901,0,0.0507,0.988,0.755,0.5146,0,7537.7,0.0,0,0,0.0006,0
92268.05,58293.22,8000.0,25974.84,0.0867,123390.21,0.3652,0.851,0.174,0.946,0,0.2333,0.943,0.847,0.2815,0,11979.5,144000.0,0,0,0.0736,0
80531.31,40896.44,0.0,39634.87,0.0,234538.01,0.729,0.972,0.096,0.934,0,0.0521,0.922,0.833,0.4922,0,6201.84,0.0,0,0,0.0004,0
30025.19,23110.81,8000.0,-1085.62,0.2664,3204.13,0.0167,0.912,0.096,0.569,17,-0.1819,0.682,0.741,0.0,4,6481.13,192000.0,0,0,1.0,1
46541.1,30023.0,2500.0,14018.1,0.0537,72269.3,0.3509,0.903,0.115,0.813,0,-0.0229,0.855,0.88,0.3012,0,3330.26,30000.0,0,0,0.2799,0
20391.63,15712.45,8000.0,-3320.82,0.3923,682.97,0.0245,0.921,0.109,0.696,24,-0.1636,0.755,0.559,0.0,2,4381.01,192000.0,1,19,1.0,1
37026.37,23599.07,0.0,13427.3,0.0,68859.23,0.3753,0.899,0.094,0.86,0,0.1361,0.904,0.943,0.3626,0,4850.89,0.0,0,0,0.0674,0
63448.43,30847.85,3000.0,29600.58,0.0473,177440.71,0.6838,0.972,0.095,0.972,0,0.0506,0.956,0.762,0.4665,0,7447.38,45000.0,0,0,0.0021,0
52262.0,25718.21,3000.0,23543.79,0.0574,143524.4,0.684,0.975,0.117,0.944,0,0.0446,0.993,0.897,0.4505,0,5581.24,45000.0,0,0,0.0047,0
32123.38,20439.87,1500.0,10183.5,0.0467,56636.95,0.4681,0.898,0.108,0.892,0,0.1708,0.853,0.95,0.317,0,4776.85,18000.0,0,0,0.1207,0
26548.31,20473.84,12000.0,-5925.53,0.452,530.76,0.0188,0.909,0.117,0.665,24,-0.1986,0.657,0.548,0.0,1,6178.7,288000.0,0,0,1.0,1
121812.6,76165.15,8000.0,37647.45,0.0657,164686.51,0.2917,0.846,0.169,0.84,0,0.4846,0.919,0.75,0.3091,0,7358.64,144000.0,1,21,0.0233,0
76522.05,46232.85,8000.0,22289.21,0.1045,103772.43,0.3671,0.836,0.162,0.901,0,0.3331,0.877,0.782,0.2913,0,9480.88,144000.0,0,0,0.1689,0
71279.08,33309.07,0.0,37970.01,0.0,232177.7,0.8309,0.975,0.087,0.951,0,0.0486,0.947,0.884,0.5327,0,7342.37,0.0,0,0,0.0002,0
60299.14,30776.58,6000.0,23522.56,0.0995,154187.54,0.8303,0.972,0.087,0.931,0,0.061,0.952,0.865,0.3901,0,7818.61,90000.0,0,0,0.0032,0
34971.05,22484.65,0.0,12486.39,0.0,69935.43,0.5318,0.87,0.129,0.859,0,0.0445,0.922,0.832,0.357,0,4124.94,0.0,0,0,0.1332,0
78614.54,39669.84,3000.0,35944.7,0.0382,216093.86,0.6852,0.973,0.099,0.907,0,0.0456,0.987,0.84,0.4572,0,6488.6,45000.0,0,0,0.0008,0
34637.04,22134.4,3500.0,9002.64,0.101,48488.33,0.3367,0.883,0.14,0.873,0,-0.1799,0.94,0.9,0.2599,0,3051.47,42000.0,0,0,0.5842,0
87565.54,44471.91,6000.0,37093.63,0.0685,218746.61,0.5487,0.974,0.101,0.941,0,0.0397,0.991,0.887,0.4236,0,8774.04,90000.0,0,0,0.0011,0
31980.93,25086.25,16000.0,-9105.32,0.5003,726.6,0.0156,0.919,0.1,0.643,24,-0.1679,0.6,0.581,0.0,2,4896.74,384000.0,0,0,1.0,1
22471.79,16768.49,8000.0,-2296.7,0.356,570.23,0.0223,0.903,0.125,0.672,24,-0.1491,0.773,0.689,0.0,2,6816.43,192000.0,0,0,1.0,1
62932.29,32090.93,3000.0,27841.36,0.0477,179170.02,0.8306,0.976,0.083,0.965,0,0.0444,0.995,0.768,0.4424,0,6426.8,45000.0,0,0,0.0011,0
95543.57,59779.57,4000.0,31764.0,0.0419,145889.59,0.3708,0.862,0.185,0.862,0,0.3313,0.856,0.735,0.3325,0,8524.35,72000.0,0,0,0.0614,0
62016.45,31323.73,6000.0,24692.72,0.0967,147630.97,0.5312,0.971,0.092,0.977,0,0.0413,0.976,0.91,0.3982,0,7727.48,90000.0,1,10,0.0059,0
30340.55,23598.58,8000.0,-1258.03,0.2637,2462.17,0.0165,0.912,0.098,0.774,18,-0.1899,0.678,0.692,0.0,1,4090.75,192000.0,1,33,0.9997,1
82208.02,41379.15,0.0,40828.87,0.0,235448.52,0.5971,0.973,0.094,0.945,0,0.0639,0.977,0.843,0.4967,0,8600.89,0.0,1,12,0.0003,0
18819.45,14591.04,16000.0,-11771.59,0.8502,512.59,0.0266,0.929,0.1,0.658,24,-0.0992,0.7,0.544,0.0,1,6135.9,384000.0,1,16,1.0,1
76792.28,37626.27,0.0,39166.0,0.0,218866.15,0.563,0.972,0.08,0.935,0,0.0475,0.949,0.773,0.51,0,7721.82,0.0,0,0,0.0006,0
67143.6,41989.56,4000.0,21154.04,0.0596,110424.68,0.5597,0.855,0.195,0.848,0,0.418,0.896,0.801,0.3151,1,8869.74,72000.0,1,22,0.1888,0
28642.25,18396.9,2500.0,7745.35,0.0873,44673.28,0.4425,0.883,0.119,0.8,0,0.0624,0.877,0.907,0.2704,0,3981.65,30000.0,0,0,0.415,1
37415.99,24141.98,1500.0,11774.01,0.0401,64901.19,0.5087,0.891,0.131,0.858,0,0.1582,0.856,0.949,0.3147,0,3752.59,18000.0,0,0,0.1395,0
35912.26,22707.63,0.0,13204.63,0.0,67265.69,0.4253,0.888,0.141,0.822,0,-0.0315,0.857,0.868,0.3677,0,3995.0,0.0,0,0,0.2767,0
36401.59,27824.44,16000.0,-7422.85,0.4395,527.12,0.0137,0.918,0.101,0.777,24,-0.0987,0.619,0.742,0.0,1,4860.23,384000.0,0,0,1.0,1
67673.38,33157.28,6000.0,28516.1,0.0887,179024.0,0.7323,0.973,0.092,0.956,0,0.0554,0.935,0.879,0.4214,0,6178.09,90000.0,1,2,0.0022,0
44451.2,27549.49,1500.0,15401.71,0.0337,78338.43,0.3566,0.884,0.132,0.862,0,0.051,0.87,0.917,0.3465,0,3580.35,18000.0,0,0,0.189,1
44342.11,28767.37,2500.0,13074.74,0.0564,72882.03,0.4272,0.903,0.138,0.833,0,-0.1015,0.949,0.908,0.2949,0,4494.52,30000.0,0,0,0.2437,0
69133.16,33384.65,6000.0,29748.51,0.0868,180611.22,0.6374,0.973,0.11,0.965,0,0.0487,0.962,0.819,0.4303,0,6380.63,90000.0,1,4,0.0033,0
40180.31,25716.98,0.0,14463.33,0.0,77678.96,0.5019,0.875,0.156,0.936,0,0.1274,0.857,0.89,0.36,0,4561.22,0.0,0,0,0.1145,0
33618.09,21530.36,0.0,12087.73,0.0,69492.33,0.597,0.894,0.111,0.883,0,-0.0129,0.942,0.853,0.3596,0,4467.99,0.0,0,0,0.0707,0
38997.15,29708.55,16000.0,-6711.41,0.4103,707.81,0.0128,0.918,0.093,0.61,24,-0.1957,0.641,0.543,0.0,1,4775.56,384000.0,0,0,1.0,1
56002.17,27320.8,0.0,28681.37,0.0,175125.57,0.7823,0.975,0.092,0.942,0,0.0408,0.977,0.776,0.5121,0,5642.62,0.0,0,0,0.0011,0
29072.18,18695.07,1500.0,8877.1,0.0516,48015.18,0.443,0.883,0.146,0.85,0,0.0166,0.854,0.895,0.3053,0,3969.13,18000.0,0,0,0.4294,1
32473.29,20856.64,1500.0,10116.65,0.0462,50877.68,0.3747,0.887,0.136,0.845,0,0.1103,0.965,0.866,0.3115,0,4578.41,18000.0,0,0,0.252,0
76870.68,47430.91,16000.0,13439.76,0.2081,74701.33,0.4019,0.838,0.15,0.949,0,0.2847,0.85,0.759,0.1748,0,6956.18,288000.0,0,0,0.499,1
68896.64,42500.46,8000.0,18396.19,0.1161,98464.62,0.5178,0.873,0.147,0.876,0,0.2165,0.878,0.865,0.267,0,9602.81,144000.0,1,21,0.1296,0
58854.25,29300.72,0.0,29553.53,0.0,186346.58,0.8888,0.975,0.107,0.905,0,0.0497,0.921,0.823,0.5021,0,5398.79,0.0,0,0,0.0011,0
58393.54,36289.01,8000.0,14104.53,0.137,82922.09,0.6045,0.856,0.187,0.936,0,0.2411,0.857,0.811,0.2415,0,11167.08,144000.0,1,5,0.2916,0
76862.51,37911.25,0.0,38951.26,0.0,223787.88,0.6152,0.97,0.095,0.922,0,0.0558,0.954,0.824,0.5068,0,7494.15,0.0,0,0,0.0006,0
33346.57,25959.85,12000.0,-4613.28,0.3599,694.83,0.015,0.929,0.065,0.653,24,-0.1162,0.582,0.606,0.0,2,6361.4,288000.0,0,0,1.0,1
76752.01,38532.79,6000.0,32219.22,0.0782,203053.71,0.7201,0.975,0.096,0.961,0,0.0567,0.967,0.758,0.4198,0,7308.41,90000.0,0,0,0.0014,0
88703.85,44734.71,3000.0,40969.14,0.0338,233760.54,0.5372,0.973,0.079,0.94,0,0.0549,0.99,0.871,0.4619,0,6425.87,45000.0,0,0,0.0004,0
38838.28,24225.23,0.0,14613.05,0.0,71101.54,0.3726,0.892,0.097,0.832,0,0.1143,0.856,0.956,0.3763,0,3365.03,0.0,0,0,0.093,0
69831.01,35960.18,3000.0,30870.84,0.043,189147.16,0.7509,0.971,0.088,0.949,0,0.0664,0.95,0.794,0.4421,0,8236.31,45000.0,0,0,0.0012,0
28501.82,22190.36,8000.0,-1688.54,0.2807,807.05,0.0175,0.942,0.085,0.736,22,-0.0724,0.682,0.682,0.0,4,5801.59,192000.0,1,17,1.0,1
69175.63,35042.81,3000.0,31132.82,0.0434,197412.1,0.7981,0.975,0.092,0.926,0,0.0567,0.963,0.827,0.4501,0,7958.93,45000.0,0,0,0.0009,0
34748.71,25780.92,8000.0,967.78,0.2302,8931.33,0.1813,0.93,0.076,0.656,5,-0.0996,0.747,0.619,0.0279,2,6677.2,192000.0,0,0,0.9978,1
57616.13,28780.68,0.0,28835.46,0.0,169929.4,0.691,0.97,0.088,0.902,0,0.0605,0.966,0.906,0.5005,0,7165.87,0.0,1,7,0.0013,0
18946.09,14350.79,8000.0,-3404.7,0.4223,709.49,0.0264,0.902,0.129,0.626,24,-0.1708,0.694,0.6,0.0,1,4220.89,192000.0,1,25,1.0,1
24981.43,19678.04,16000.0,-10696.62,0.6405,567.04,0.02,0.897,0.116,0.762,24,-0.2597,0.561,0.537,0.0,3,4635.03,384000.0,1,27,1.0,1
22475.7,17630.06,8000.0,-3154.36,0.3559,1197.04,0.0222,0.906,0.108,0.598,24,-0.2235,0.695,0.66,0.0,1,6986.42,192000.0,0,0,1.0,1
77363.93,49050.8,12000.0,16313.12,0.1551,76916.08,0.3271,0.847,0.137,0.885,0,0.315,0.835,0.765,0.2109,1,8257.33,216000.0,0,0,0.6012,0
43425.82,26862.23,12000.0,4563.59,0.2763,52811.83,0.8094,0.844,0.157,0.903,4,0.3901,0.92,0.882,0.1051,0,10339.8,216000.0,0,0,0.4896,0
31427.44,19480.58,0.0,11946.86,0.0,62534.82,0.4498,0.88,0.15,0.935,0,-0.0553,0.922,0.847,0.3801,0,4145.27,0.0,0,0,0.2062,0
121703.97,75566.1,12000.0,34137.87,0.0986,143309.94,0.229,0.875,0.163,0.837,0,0.2115,0.865,0.742,0.2805,0,8349.96,216000.0,0,0,0.1106,0
81323.71,39991.06,0.0,41332.65,0.0,244025.12,0.7195,0.975,0.094,0.917,0,0.0515,0.99,0.876,0.5082,0,5671.62,0.0,0,0,0.0002,0
57511.56,28314.47,3000.0,26197.09,0.0522,175113.61,0.9239,0.972,0.109,0.917,0,0.0618,0.983,0.845,0.4555,0,7877.38,45000.0,0,0,0.0015,0
61497.25,30316.33,0.0,31180.92,0.0,191029.87,0.7603,0.974,0.104,0.929,0,0.0429,0.981,0.847,0.507,0,7016.02,0.0,1,6,0.0009,0
55164.78,27165.17,0.0,27999.62,0.0,184432.77,0.9995,0.975,0.087,0.978,0,0.0521,0.949,0.834,0.5076,0,6009.45,0.0,0,0,0.0004,0
69504.06,35992.54,3000.0,30511.53,0.0432,191240.67,0.7965,0.971,0.101,0.977,0,0.049,0.947,0.752,0.439,0,6642.81,45000.0,1,9,0.0013,0
64546.59,33083.78,3000.0,28462.81,0.0465,180208.94,0.7624,0.972,0.098,0.98,0,0.0407,0.969,0.751,0.441,0,5955.36,45000.0,0,0,0.0017,0
46301.21,23129.09,3000.0,20172.12,0.0648,127030.3,0.7432,0.973,0.098,0.977,0,0.0521,0.966,0.842,0.4357,0,6675.04,45000.0,0,0,0.0055,0
76653.61,37477.39,0.0,39176.22,0.0,222681.17,0.535,0.973,0.11,0.947,0,0.0323,0.971,0.833,0.5111,0,6317.88,0.0,0,0,0.0008,0
41085.37,25994.23,1500.0,13591.14,0.0365,74222.19,0.4611,0.885,0.126,0.914,0,-0.0717,0.907,0.852,0.3308,0,3306.32,18000.0,0,0,0.1733,0
52065.79,25485.35,6000.0,20580.44,0.1152,142754.46,0.9432,0.974,0.107,0.945,0,0.0564,0.948,0.853,0.3953,0,7217.16,90000.0,0,0,0.0047,0
107486.53,65849.66,8000.0,33636.86,0.0744,139691.54,0.2891,0.839,0.195,0.92,0,0.3834,0.952,0.745,0.3129,0,9124.05,144000.0,1,18,0.0543,0
79694.15,50010.22,16000.0,13683.93,0.2008,65508.35,0.2764,0.834,0.168,0.823,0,0.3454,0.93,0.875,0.1717,0,7771.98,288000.0,1,9,0.5969,1
59603.94,30094.7,3000.0,26509.25,0.0503,165474.55,0.7424,0.973,0.106,0.929,0,0.0533,0.974,0.84,0.4448,0,8548.55,45000.0,1,2,0.0027,0
76367.74,38311.75,3000.0,35056.0,0.0393,206426.96,0.5816,0.977,0.101,0.957,0,0.0415,0.982,0.77,0.459,0,6872.98,45000.0,1,7,0.0013,0
93828.47,58548.71,16000.0,19279.77,0.1705,92968.45,0.3098,0.866,0.185,0.9,0,0.3722,0.897,0.829,0.2055,1,8845.18,288000.0,0,0,0.5191,1
48582.9,24330.22,3000.0,21252.68,0.0618,145458.78,0.9354,0.971,0.122,0.916,0,0.0517,0.964,0.878,0.4375,0,7288.71,45000.0,0,0,0.0038,0
25372.94,19282.69,8000.0,-1909.75,0.3153,2077.17,0.0197,0.925,0.1,0.751,22,-0.1154,0.54,0.678,0.0,3,6274.77,192000.0,0,0,1.0,1
40965.79,25578.97,1500.0,13886.82,0.0366,74504.73,0.4013,0.889,0.122,0.832,0,-0.1494,0.967,0.946,0.339,0,4680.97,18000.0,0,0,0.1892,1
94188.08,48978.25,3000.0,42209.83,0.0319,240683.61,0.5354,0.97,0.078,0.927,0,0.0493,0.941,0.823,0.4481,0,8018.24,45000.0,0,0,0.0005,0
29584.06,18958.75,0.0,10625.32,0.0,60349.52,0.6134,0.9,0.135,0.934,0,0.0477,0.932,0.93,0.3592,0,3485.03,0.0,0,0,0.0668,0
34475.5,21971.48,3500.0,9004.02,0.1015,54740.01,0.5511,0.891,0.123,0.928,0,0.0074,0.915,0.869,0.2612,0,3817.22,42000.0,0,0,0.2239,0
40441.01,25654.11,2500.0,12286.9,0.0618,65732.1,0.3647,0.896,0.127,0.821,0,0.0857,0.858,0.908,0.3038,0,4906.03,30000.0,0,0,0.2877,0
35601.29,22386.8,2500.0,10714.49,0.0702,60859.38,0.4816,0.906,0.12,0.908,0,0.0276,0.899,0.96,0.301,0,4658.87,30000.0,0,0,0.1494,0
38027.79,24594.76,0.0,13433.02,0.0,67248.54,0.3314,0.905,0.142,0.834,0,0.181,0.952,0.857,0.3532,0,4902.24,0.0,0,0,0.1379,0
26156.48,19859.85,12000.0,-5703.36,0.4588,543.07,0.0191,0.93,0.083,0.561,24,-0.1448,0.74,0.507,0.0,1,4916.77,288000.0,1,14,1.0,1
61672.26,30547.0,0.0,31125.25,0.0,190312.48,0.7742,0.972,0.084,0.901,0,0.052,0.932,0.873,0.5047,0,5125.75,0.0,0,0,0.0008,0
26722.53,20226.36,12000.0,-5503.82,0.4491,935.69,0.0187,0.909,0.115,0.567,24,-0.238,0.657,0.655,0.0,1,5821.96,288000.0,0,0,1.0,1
89922.29,55281.23,4000.0,30641.07,0.0445,144847.12,0.4446,0.849,0.197,0.821,0,0.3198,0.913,0.804,0.3408,0,6311.55,72000.0,0,0,0.0572,0
108230.1,68939.12,4000.0,35290.98,0.037,160864.7,0.3889,0.834,0.174,0.872,0,0.23,0.852,0.797,0.3261,0,11939.69,72000.0,1,20,0.0426,0
75931.23,37511.44,0.0,38419.79,0.0,222125.43,0.651,0.972,0.083,0.939,0,0.0534,0.989,0.85,0.506,0,8347.65,0.0,0,0,0.0003,0
58444.0,29094.27,6000.0,23349.73,0.1027,141969.26,0.5898,0.975,0.101,0.909,0,0.0498,0.992,0.775,0.3995,0,7920.26,90000.0,0,0,0.0112,0
67504.84,34611.06,0.0,32893.78,0.0,206609.21,0.8414,0.971,0.078,0.958,0,0.0422,0.93,0.906,0.4873,0,6884.14,0.0,1,12,0.0003,0
53030.98,26681.98,0.0,26349.0,0.0,154716.28,0.6795,0.974,0.096,0.972,0,0.0379,0.942,0.772,0.4969,0,7275.08,0.0,1,6,0.0026,0
65463.8,32479.92,0.0,32983.88,0.0,204140.45,0.8039,0.972,0.084,0.955,0,0.0399,0.988,0.753,0.5038,0,6804.45,0.0,0,0,0.0005,0
31986.87,19606.23,2500.0,9880.64,0.0782,56265.94,0.5021,0.899,0.129,0.938,0,0.0919,0.887,0.92,0.3089,1,4540.13,30000.0,0,0,0.3231,0
42849.05,27711.88,1500.0,13637.17,0.035,72898.69,0.3971,0.894,0.147,0.903,0,-0.0385,0.859,0.946,0.3183,0,4644.32,18000.0,0,0,0.2346,1
39409.96,25359.25,0.0,14050.71,0.0,75485.86,0.5071,0.885,0.159,0.855,0,-0.0272,0.912,0.838,0.3565,1,4297.61,0.0,0,0,0.364,0
38715.15,23813.79,1500.0,13401.37,0.0387,72083.18,0.4511,0.878,0.154,0.802,0,0.0505,0.859,0.899,0.3462,0,3005.54,18000.0,0,0,0.3144,0
40900.99,25082.01,1500.0,14318.98,0.0367,74378.48,0.4148,0.885,0.147,0.927,0,0.1337,0.886,0.888,0.3501,0,4217.54,18000.0,0,0,0.1453,0
75515.93,38101.88,6000.0,31414.04,0.0795,190107.47,0.6464,0.973,0.105,0.959,0,0.0434,0.955,0.892,0.416,0,8072.38,90000.0,0,0,0.002,0
45184.44,23050.14,0.0,22134.29,0.0,138845.11,0.8349,0.973,0.092,0.904,0,0.0429,0.938,0.877,0.4899,0,5072.01,0.0,0,0,0.0025,0
33583.21,21133.92,0.0,12449.28,0.0,66580.79,0.5107,0.885,0.118,0.837,0,0.1523,0.974,0.852,0.3707,1,3520.92,0.0,0,0,0.1561,0
59811.56,30068.51,0.0,29743.05,0.0,173946.83,0.6421,0.972,0.075,0.913,0,0.0582,0.945,0.876,0.4973,0,7317.92,0.0,0,0,0.0013,0
35829.58,22162.36,0.0,13667.22,0.0,75244.06,0.5363,0.908,0.123,0.895,0,-0.0706,0.943,0.865,0.3815,0,3663.95,0.0,0,0,0.0811,0
58891.31,28874.68,3000.0,27016.63,0.0509,166299.19,0.7644,0.975,0.099,0.926,0,0.0337,0.995,0.77,0.4588,0,5622.93,45000.0,0,0,0.0025,0
57256.52,28358.07,0.0,28898.45,0.0,178290.0,0.8288,0.973,0.088,0.927,0,0.0509,0.93,0.883,0.5047,0,5972.86,0.0,1,2,0.0009,0
33777.38,21270.07,1500.0,11007.31,0.0444,59682.19,0.4517,0.885,0.119,0.919,0,-0.0254,0.927,0.854,0.3259,0,4706.34,18000.0,0,0,0.1871,1
31934.22,21109.46,1500.0,9324.77,0.047,53009.25,0.4563,0.886,0.155,0.893,0,0.01,0.875,0.866,0.292,0,4348.96,18000.0,0,0,0.3731,1
21295.02,16280.44,8000.0,-2985.42,0.3757,590.11,0.0235,0.932,0.1,0.65,24,-0.1199,0.548,0.604,0.0,3,5744.82,192000.0,0,0,1.0,1
32172.83,24720.36,8000.0,-547.53,0.2487,2217.91,0.0291,0.921,0.115,0.755,13,-0.1463,0.761,0.734,0.0,3,4201.68,192000.0,0,0,0.9998,1
34030.12,20988.19,2500.0,10541.93,0.0735,55037.04,0.3628,0.912,0.109,0.927,0,0.0356,0.923,0.883,0.3098,0,4298.67,30000.0,0,0,0.1835,0
69456.42,33502.06,0.0,35954.36,0.0,217634.01,0.7821,0.97,0.097,0.941,0,0.0682,0.987,0.857,0.5177,0,8461.34,0.0,1,8,0.0003,0
49675.87,32185.89,1500.0,15989.97,0.0302,81589.62,0.3281,0.899,0.102,0.929,0,0.0033,0.919,0.853,0.3219,1,3325.38,18000.0,0,0,0.1998,0
63194.98,32338.91,0.0,30856.07,0.0,184823.98,0.6706,0.975,0.087,0.903,0,0.0533,0.985,0.89,0.4883,0,8645.57,0.0,1,12,0.0009,0
66895.56,33355.32,3000.0,30540.24,0.0448,177500.65,0.6174,0.97,0.097,0.924,0,0.0706,0.997,0.86,0.4565,0,6183.52,45000.0,1,4,0.0018,0
107147.87,64250.39,12000.0,30897.48,0.112,141502.59,0.3422,0.824,0.223,0.825,0,0.2562,0.839,0.841,0.2884,0,10264.58,216000.0,1,23,0.2697,1
58594.89,29348.11,6000.0,23246.78,0.1024,151152.66,0.8277,0.977,0.087,0.95,0,0.0369,0.955,0.858,0.3967,0,6752.94,90000.0,1,9,0.0033,0
39024.7,25148.13,1500.0,12376.57,0.0384,66040.49,0.4277,0.908,0.106,0.883,0,0.0469,0.892,0.836,0.3171,0,3904.05,18000.0,0,0,0.1402,0
48095.92,23978.38,0.0,24117.54,0.0,163524.72,1.0931,0.97,0.088,0.98,0,0.0607,0.922,0.914,0.5014,0,8506.26,0.0,0,0,0.0005,0
52259.17,26395.22,3000.0,22863.95,0.0574,153355.64,0.9342,0.974,0.097,0.9,0,0.0557,0.934,0.762,0.4375,0,7588.78,45000.0,0,0,0.0033,0
112651.15,70459.6,4000.0,38191.54,0.0355,162447.77,0.2816,0.862,0.166,0.85,0,0.2243,0.828,0.766,0.339,0,9542.1,72000.0,0,0,0.0443,0
65325.09,32801.03,0.0,32524.06,0.0,191340.92,0.649,0.974,0.093,0.916,0,0.037,0.966,0.819,0.4979,0,6777.95,0.0,0,0,0.0012,0
35733.13,22008.02,0.0,13725.11,0.0,73473.67,0.5069,0.905,0.107,0.833,0,-0.0648,0.969,0.896,0.3841,1,3375.81,0.0,0,0,0.1621,1
44287.16,27775.22,2500.0,14011.93,0.0564,76895.65,0.4467,0.879,0.142,0.879,0,0.1107,0.861,0.95,0.3164,0,3077.54,30000.0,0,0,0.1773,0
120103.16,74312.53,16000.0,29790.63,0.1332,129925.39,0.2984,0.809,0.206,0.883,0,0.5,0.897,0.858,0.248,0,7483.34,288000.0,1,19,0.1362,0
36214.66,22941.14,1500.0,11773.52,0.0414,67837.77,0.5074,0.884,0.135,0.903,0,-0.0251,0.979,0.868,0.3251,0,3646.93,18000.0,0,0,0.1447,0
28592.68,18427.02,1500.0,8665.66,0.0525,46119.31,0.4319,0.901,0.133,0.875,0,0.1114,0.907,0.847,0.3031,1,4552.21,18000.0,0,0,0.4585,1
98465.13,60308.46,8000.0,30156.67,0.0812,141966.82,0.412,0.843,0.205,0.839,0,0.4478,0.903,0.841,0.3063,0,10150.89,144000.0,1,22,0.065,0
60499.81,30384.78,3000.0,27115.03,0.0496,165922.2,0.6978,0.972,0.104,0.979,0,0.0687,0.954,0.902,0.4482,0,6127.61,45000.0,1,2,0.0021,0
84282.53,53284.61,12000.0,18997.92,0.1424,102389.94,0.4486,0.848,0.151,0.883,0,0.3204,0.944,0.744,0.2254,0,10241.0,216000.0,1,9,0.1623,0
72230.85,36649.89,6000.0,29580.95,0.0831,187359.61,0.7624,0.973,0.083,0.968,0,0.052,0.94,0.843,0.4095,0,7732.82,90000.0,0,0,0.0014,0
61693.77,38270.9,12000.0,11422.87,0.1945,67617.92,0.4957,0.861,0.139,0.828,0,0.2056,0.944,0.728,0.1852,0,7205.63,216000.0,0,0,0.4643,1
67161.88,33212.93,0.0,33948.94,0.0,209436.87,0.8061,0.979,0.092,0.913,0,0.0409,0.975,0.9,0.5055,0,8678.61,0.0,0,0,0.0004,0
35795.31,17969.35,0.0,17825.96,0.0,133706.29,1.4764,0.975,0.106,0.946,0,0.0509,0.971,0.766,0.498,0,6560.86,0.0,0,0,0.0006,0
60979.82,31084.3,6000.0,23895.52,0.0984,156350.18,0.7689,0.976,0.101,0.962,0,0.0452,0.96,0.839,0.3919,0,5417.35,90000.0,0,0,0.0041,0
86018.59,42719.33,0.0,43299.27,0.0,246052.57,0.5769,0.975,0.082,0.969,0,0.0416,0.992,0.87,0.5034,0,5473.8,0.0,0,0,0.0002,0
34361.41,22049.74,2500.0,9811.67,0.0728,52175.16,0.3816,0.891,0.158,0.925,0,-0.0409,0.966,0.859,0.2855,0,4966.61,30000.0,0,0,0.3737,1
117149.56,72220.02,8000.0,36929.53,0.0683,155488.12,0.2818,0.875,0.124,0.891,0,0.1487,0.884,0.773,0.3152,0,7824.15,144000.0,0,0,0.0262,0
70731.5,34597.44,0.0,36134.05,0.0,208936.69,0.5948,0.98,0.09,0.913,0,0.0369,0.981,0.869,0.5109,0,8726.68,0.0,0,0,0.0007,0
108887.47,66895.53,8000.0,33991.94,0.0735,150297.94,0.3581,0.848,0.189,0.906,0,0.3446,0.851,0.777,0.3122,0,11373.08,144000.0,1,4,0.0564,0
95497.17,59166.35,4000.0,32330.82,0.0419,144277.49,0.3762,0.862,0.155,0.902,0,0.2065,0.94,0.798,0.3386,0,10006.92,72000.0,0,0,0.0268,0
61834.49,32134.57,3000.0,26699.92,0.0485,174315.78,0.8324,0.974,0.093,0.93,0,0.0393,0.937,0.813,0.4318,0,7677.45,45000.0,1,3,0.0019,0
41372.35,26111.8,0.0,15260.55,0.0,77525.03,0.4621,0.882,0.124,0.853,0,-0.0794,0.972,0.887,0.3689,0,4383.94,0.0,0,0,0.1063,0
29632.82,18672.3,2500.0,8460.52,0.0844,53005.33,0.6093,0.905,0.119,0.929,0,-0.0734,0.942,0.88,0.2855,0,4802.4,30000.0,0,0,0.1688,0
77036.12,47473.39,4000.0,25562.73,0.0519,118080.33,0.4294,0.871,0.177,0.915,0,0.3808,0.861,0.832,0.3318,1,10281.51,72000.0,1,16,0.1173,0
32140.95,24507.84,20000.0,-12366.89,0.6223,701.76,0.0156,0.918,0.117,0.741,24,-0.1533,0.526,0.724,0.0,2,6275.43,480000.0,1,28,1.0,1
64042.33,31835.81,0.0,32206.52,0.0,186322.34,0.6777,0.971,0.084,0.924,0,0.0489,0.984,0.832,0.5029,0,7575.51,0.0,0,0,0.0009,0
48991.4,24639.28,3000.0,21352.13,0.0612,132864.71,0.7173,0.972,0.098,0.957,0,0.0405,0.943,0.811,0.4358,0,7005.57,45000.0,0,0,0.0067,0
118718.77,72747.53,8000.0,37971.23,0.0674,159065.3,0.2991,0.851,0.194,0.886,0,0.3478,0.935,0.859,0.3198,0,6385.5,144000.0,1,18,0.0276,0
104715.76,64636.28,12000.0,28079.48,0.1146,134100.55,0.3406,0.868,0.177,0.87,0,0.2656,0.895,0.791,0.2681,0,9344.73,216000.0,0,0,0.1174,0
39907.47,25292.62,0.0,14614.85,0.0,69858.72,0.3202,0.886,0.124,0.804,0,0.0965,0.885,0.871,0.3662,0,4511.8,0.0,0,0,0.1957,1
40203.15,25270.82,1500.0,13432.33,0.0373,65646.99,0.3277,0.901,0.126,0.814,0,-0.0331,0.856,0.953,0.3341,0,4104.46,18000.0,0,0,0.295,0
71699.72,45524.22,8000.0,18175.5,0.1116,86866.91,0.3226,0.846,0.187,0.879,0,0.4617,0.938,0.889,0.2535,0,9878.06,144000.0,0,0,0.195,0
91695.52,55409.85,4000.0,32285.68,0.0436,149356.95,0.4893,0.83,0.16,0.838,0,0.3054,0.929,0.764,0.3521,0,8958.96,72000.0,0,0,0.0284,0
30848.02,19716.02,1500.0,9632.0,0.0486,56469.38,0.6015,0.894,0.13,0.861,0,-0.168,0.932,0.943,0.3122,0,4499.13,18000.0,0,0,0.2148,0
44059.71,28468.61,0.0,15591.09,0.0,79010.59,0.341,0.904,0.131,0.813,0,-0.0458,0.888,0.941,0.3539,0,3574.48,0.0,0,0,0.179,0
30461.99,23049.62,20000.0,-12587.62,0.6566,500.0,0.0164,0.921,0.092,0.726,24,-0.1708,0.696,0.582,0.0,1,4373.57,480000.0,0,0,1.0,1
86585.71,54809.04,12000.0,19776.67,0.1386,93625.69,0.3369,0.856,0.162,0.861,0,0.3516,0.913,0.829,0.2284,0,8282.46,216000.0,1,5,0.2207,0
63756.76,31319.8,6000.0,26436.96,0.0941,170882.45,0.7924,0.977,0.085,0.968,0,0.0371,0.926,0.785,0.4147,0,8335.44,90000.0,0,0,0.0027,0
21719.16,16614.59,8000.0,-2895.43,0.3683,1435.19,0.023,0.917,0.105,0.698,24,-0.2052,0.702,0.609,0.0,4,5821.71,192000.0,0,0,1.0,1
42632.18,27059.06,0.0,15573.11,0.0,79699.82,0.3829,0.898,0.139,0.882,0,0.0366,0.865,0.843,0.3653,0,3104.74,0.0,0,0,0.1609,0
71861.25,45077.6,8000.0,18783.64,0.1113,100194.96,0.504,0.824,0.199,0.938,0,0.3811,0.825,0.729,0.2614,0,7953.52,144000.0,0,0,0.2837,0
53721.61,25880.58,6000.0,21841.03,0.1117,149957.07,0.9289,0.973,0.099,0.947,0,0.0558,0.972,0.803,0.4066,0,5066.57,90000.0,1,5,0.0037,0
27079.2,20796.24,20000.0,-13717.03,0.7386,539.01,0.0185,0.935,0.095,0.567,24,-0.0361,0.65,0.744,0.0,3,4550.79,480000.0,0,0,1.0,1
34612.54,21954.77,0.0,12657.78,0.0,67062.46,0.4757,0.892,0.128,0.905,0,0.0879,0.86,0.931,0.3657,1,4030.17,0.0,0,0,0.2169,0
26932.36,17106.43,1500.0,8325.93,0.0557,46157.07,0.5115,0.907,0.11,0.807,0,0.0356,0.861,0.882,0.3091,0,3594.45,18000.0,0,0,0.2712,1
68622.29,43677.9,4000.0,20944.39,0.0583,107493.62,0.5124,0.875,0.165,0.914,0,0.2547,0.939,0.733,0.3052,0,7874.05,72000.0,1,15,0.071,0
43940.63,27850.74,2500.0,13589.88,0.0569,67498.01,0.2748,0.895,0.104,0.921,0,-0.0098,0.894,0.908,0.3093,0,3048.35,30000.0,0,0,0.1923,0
39069.8,30066.48,16000.0,-6996.68,0.4095,500.0,0.0128,0.922,0.101,0.665,24,-0.2208,0.567,0.501,0.0,2,5891.68,384000.0,0,0,1.0,1
32598.92,20950.16,1500.0,10148.76,0.046,56201.73,0.4651,0.895,0.136,0.92,0,-0.0308,0.927,0.935,0.3113,0,4288.95,18000.0,0,0,0.1953,0
94617.85,60937.2,8000.0,25680.65,0.0846,110725.78,0.2534,0.816,0.192,0.933,0,0.4272,0.863,0.887,0.2714,0,10604.62,144000.0,1,4,0.1511,0
76811.43,37801.95,0.0,39009.48,0.0,235190.42,0.7831,0.972,0.1,0.95,0,0.0474,0.996,0.82,0.5079,0,5429.28,0.0,0,0,0.0002,0
112922.78,70779.31,12000.0,30143.48,0.1063,139518.48,0.3589,0.845,0.182,0.837,0,0.4169,0.824,0.876,0.2669,0,8111.02,216000.0,0,0,0.0934,0
95612.4,60214.65,4000.0,31397.75,0.0418,148569.86,0.4272,0.87,0.142,0.877,0,0.1429,0.826,0.726,0.3284,0,8685.7,72000.0,0,0,0.0482,0
49883.11,24972.0,3000.0,21911.1,0.0601,150589.73,0.9728,0.969,0.101,0.925,0,0.0597,0.955,0.913,0.4392,0,6372.66,45000.0,0,0,0.002,0
61275.35,30890.74,6000.0,24384.61,0.0979,149115.45,0.6231,0.973,0.079,0.918,0,0.049,0.958,0.912,0.398,0,5124.58,90000.0,0,0,0.0049,0
22332.02,17007.73,16000.0,-10675.71,0.7165,550.52,0.0224,0.919,0.089,0.577,24,-0.1598,0.622,0.597,0.0,4,5264.87,384000.0,0,0,1.0,1
38718.67,24791.61,2500.0,11427.06,0.0646,61526.58,0.3823,0.885,0.144,0.886,0,0.0875,0.867,0.843,0.2951,0,4101.59,30000.0,0,0,0.3432,1
34295.19,25771.17,16000.0,-7475.98,0.4665,619.31,0.0146,0.908,0.1,0.761,24,-0.195,0.763,0.566,0.0,2,5187.96,384000.0,0,0,1.0,1
83764.51,52476.67,8000.0,23287.84,0.0955,117841.89,0.4769,0.819,0.233,0.928,0,0.4094,0.889,0.861,0.278,0,6614.67,144000.0,1,3,0.1642,0
92828.25,57663.59,8000.0,27164.66,0.0862,130422.82,0.4162,0.878,0.152,0.826,0,0.2599,0.834,0.872,0.2926,0,8103.62,144000.0,1,4,0.0743,1
41130.72,26385.51,1500.0,13245.21,0.0365,72005.8,0.4057,0.9,0.144,0.906,0,-0.0671,0.944,0.898,0.322,0,4301.14,18000.0,0,0,0.1894,0
93201.56,56736.65,4000.0,32464.91,0.0429,151947.91,0.4164,0.856,0.167,0.901,0,0.2071,0.959,0.875,0.3483,0,10433.64,72000.0,0,0,0.0207,0
57577.27,36207.73,4000.0,17369.54,0.0695,92548.15,0.5731,0.839,0.201,0.87,0,0.1833,0.852,0.824,0.3017,0,6297.49,72000.0,1,7,0.2898,0
26334.05,17299.77,1500.0,7534.28,0.057,42868.75,0.4865,0.887,0.145,0.817,0,-0.1219,0.967,0.892,0.2861,0,3581.66,18000.0,0,0,0.4327,0
84893.0,44009.03,3000.0,37883.97,0.0353,211139.64,0.4556,0.974,0.082,0.935,0,0.0435,0.93,0.92,0.4463,0,7670.45,45000.0,1,6,0.0011,0
70810.66,35482.72,0.0,35327.94,0.0,218679.89,0.7591,0.969,0.107,0.901,0,0.0377,0.987,0.859,0.4989,0,8910.82,0.0,0,0,0.0006,0
31310.31,23949.15,12000.0,-4638.85,0.3833,654.54,0.016,0.911,0.113,0.765,24,-0.1847,0.558,0.736,0.0,1,4254.25,288000.0,0,0,1.0,1
36876.73,23902.41,0.0,12974.32,0.0,68217.58,0.4129,0.889,0.135,0.846,0,-0.0271,0.945,0.92,0.3518,0,4835.33,0.0,0,0,0.1601,0
42298.66,26141.41,1500.0,14657.25,0.0355,78924.9,0.4651,0.897,0.156,0.832,0,-0.0156,0.96,0.877,0.3465,0,4700.15,18000.0,0,0,0.1844,0
59550.69,36741.31,8000.0,14809.38,0.1343,84093.15,0.6153,0.828,0.192,0.842,0,0.323,0.899,0.893,0.2487,0,7726.49,144000.0,0,0,0.2763,0
67938.14,35199.44,0.0,32738.7,0.0,203940.37,0.7713,0.972,0.088,0.966,0,0.0465,0.988,0.841,0.4819,0,6535.47,0.0,1,8,0.0004,0
71324.44,36319.34,6000.0,29005.09,0.0841,185293.83,0.7475,0.969,0.094,0.942,0,0.0438,0.954,0.796,0.4067,0,5481.75,90000.0,1,1,0.0024,0
60632.32,30504.82,0.0,30127.5,0.0,178355.28,0.691,0.974,0.102,0.946,0,0.0384,0.989,0.855,0.4969,0,5735.6,0.0,0,0,0.0012,0
36367.43,23183.46,1500.0,11683.97,0.0412,66004.33,0.5807,0.893,0.114,0.882,0,-0.0622,0.948,0.883,0.3213,1,3415.83,18000.0,0,0,0.2283,0
111507.09,68800.56,8000.0,34706.53,0.0717,148195.39,0.3313,0.864,0.14,0.939,0,0.2901,0.9,0.806,0.3112,1,6282.58,144000.0,1,22,0.0446,0
30285.72,19651.99,0.0,10633.72,0.0,58384.27,0.5876,0.896,0.121,0.916,0,0.1597,0.974,0.833,0.3511,1,4246.09,0.0,0,0,0.1151,0
17141.18,13380.47,16000.0,-12239.29,0.9334,563.4,0.0292,0.898,0.109,0.68,24,-0.2326,0.675,0.734,0.0,2,6791.79,384000.0,0,0,1.0,1
118188.3,73452.72,8000.0,36735.58,0.0677,164943.49,0.3365,0.831,0.193,0.874,0,0.4197,0.871,0.852,0.3108,0,7906.91,144000.0,0,0,0.0347,0
78038.24,39397.37,0.0,38640.86,0.0,229361.14,0.7109,0.976,0.089,0.914,0,0.0349,0.968,0.831,0.4952,0,8712.84,0.0,1,11,0.0004,0
39025.15,25436.29,1500.0,12088.86,0.0384,65464.39,0.4176,0.891,0.134,0.885,0,-0.0499,0.966,0.877,0.3098,0,4740.81,18000.0,0,0,0.1967,0
38070.58,24238.0,1500.0,12332.58,0.0394,67011.45,0.3941,0.906,0.117,0.821,0,-0.0556,0.948,0.857,0.3239,0,4098.9,18000.0,0,0,0.2128,0
74753.76,46993.23,4000.0,23760.52,0.0535,108085.16,0.3646,0.873,0.183,0.874,0,0.2409,0.87,0.779,0.3179,0,10515.16,72000.0,0,0,0.1553,0
108302.51,69324.83,4000.0,34977.68,0.0369,156739.53,0.4025,0.825,0.195,0.841,0,0.3794,0.96,0.862,0.323,0,9863.41,72000.0,0,0,0.0252,0
83768.87,51973.92,12000.0,19794.94,0.1433,101623.02,0.4784,0.837,0.164,0.941,0,0.3442,0.938,0.736,0.2363,0,9543.36,216000.0,1,19,0.1454,0
38626.51,24712.85,1500.0,12413.67,0.0388,65400.09,0.3778,0.903,0.132,0.892,0,-0.0896,0.926,0.827,0.3214,0,4047.14,18000.0,0,0,0.2624,1
46910.77,23554.85,6000.0,17355.92,0.1279,117155.35,0.7871,0.975,0.112,0.973,0,0.0437,0.998,0.756,0.37,0,8527.69,90000.0,1,5,0.014,0
21134.67,15886.32,16000.0,-10751.65,0.757,525.1,0.0237,0.902,0.111,0.616,24,-0.2041,0.57,0.738,0.0,3,5276.37,384000.0,1,16,1.0,1
60703.11,30708.75,0.0,29994.36,0.0,179203.03,0.6683,0.977,0.108,0.928,0,0.048,0.953,0.82,0.4941,0,7673.87,0.0,0,0,0.0018,0
48909.83,29790.82,4000.0,15119.01,0.0818,88167.48,0.7772,0.838,0.204,0.928,0,0.4096,0.94,0.813,0.3091,0,8944.61,72000.0,0,0,0.0829,0
33973.64,21795.32,3500.0,8678.31,0.103,45918.95,0.3657,0.897,0.136,0.847,0,-0.0092,0.892,0.837,0.2554,0,4663.08,42000.0,0,0,0.5444,0
60275.43,29899.91,0.0,30375.52,0.0,192470.32,0.9087,0.974,0.089,0.905,0,0.0575,0.938,0.793,0.5039,0,7217.92,0.0,0,0,0.0007,0
34625.69,26655.81,16000.0,-8030.12,0.4621,500.0,0.0144,0.927,0.099,0.675,24,-0.1332,0.698,0.587,0.0,1,4345.06,384000.0,0,0,1.0,1
128677.52,79734.33,12000.0,36943.19,0.0933,165690.02,0.2996,0.823,0.227,0.89,0,0.2457,0.832,0.779,0.2871,0,8160.91,216000.0,1,17,0.1526,0
18714.78,14475.67,16000.0,-11760.89,0.8549,572.84,0.0267,0.905,0.11,0.612,24,-0.2211,0.614,0.524,0.0,1,6353.04,384000.0,1,15,1.0,1
106440.05,64948.45,4000.0,37491.6,0.0376,164744.13,0.3305,0.816,0.213,0.89,0,0.466,0.841,0.75,0.3522,0,10281.94,72000.0,1,11,0.0484,0
61798.1,29785.73,3000.0,29012.38,0.0485,175781.01,0.7164,0.972,0.081,0.919,0,0.0574,0.967,0.873,0.4695,0,6553.64,45000.0,0,0,0.0014,0
70602.59,43939.75,8000.0,18662.85,0.1133,88822.4,0.3164,0.855,0.186,0.887,0,0.2808,0.92,0.761,0.2643,0,9798.46,144000.0,0,0,0.3402,0
101824.2,63327.09,12000.0,26497.11,0.1179,123066.16,0.3275,0.851,0.174,0.905,0,0.2565,0.884,0.868,0.2602,0,9867.87,216000.0,0,0,0.1305,1
28455.32,18400.5,0.0,10054.82,0.0,54464.57,0.4394,0.888,0.148,0.926,0,-0.1095,0.867,0.874,0.3534,0,4015.73,0.0,0,0,0.3098,0
42924.25,32780.84,16000.0,-5856.59,0.3727,579.35,0.0116,0.908,0.132,0.671,24,-0.2139,0.536,0.629,0.0,3,5109.18,384000.0,0,0,1.0,1
39641.43,25054.93,0.0,14586.5,0.0,77841.83,0.524,0.918,0.136,0.855,0,-0.0248,0.895,0.826,0.368,0,4129.22,0.0,0,0,0.1181,0
40467.49,25345.85,1500.0,13621.64,0.0371,72731.79,0.4118,0.892,0.133,0.907,0,-0.0807,0.922,0.925,0.3366,0,4453.46,18000.0,0,0,0.1763,0
76936.91,39149.2,3000.0,34787.71,0.039,196249.12,0.5234,0.97,0.084,0.923,0,0.054,0.98,0.832,0.4522,0,8145.37,45000.0,0,0,0.0014,0
36021.52,18021.74,0.0,17999.78,0.0,122041.06,1.0924,0.971,0.086,0.922,0,0.0678,0.922,0.763,0.4997,0,7831.25,0.0,0,0,0.0022,0
107370.36,67648.79,4000.0,35721.56,0.0373,149480.27,0.2463,0.848,0.176,0.902,0,0.361,0.888,0.896,0.3327,0,6030.62,72000.0,0,0,0.0277,0
19987.26,15431.58,8000.0,-3444.32,0.4003,680.98,0.025,0.913,0.092,0.573,24,-0.1671,0.667,0.617,0.0,2,6036.96,192000.0,1,14,1.0,1
75800.29,45538.78,8000.0,22261.51,0.1055,103785.18,0.383,0.866,0.165,0.859,0,0.3232,0.825,0.896,0.2937,0,8345.25,144000.0,1,22,0.1594,0
60986.86,31069.36,0.0,29917.5,0.0,182319.34,0.7696,0.972,0.072,0.92,0,0.0399,0.976,0.835,0.4906,0,8081.35,0.0,0,0,0.0007,0
34200.98,26321.12,12000.0,-4120.14,0.3509,1209.03,0.0146,0.913,0.094,0.652,23,-0.1623,0.608,0.525,0.0,4,5263.87,288000.0,1,28,1.0,1
40485.2,25463.32,0.0,15021.88,0.0,80725.09,0.5043,0.884,0.103,0.851,0,0.1249,0.934,0.905,0.371,0,4201.62,0.0,0,0,0.047,0
41191.07,25917.44,0.0,15273.63,0.0,74587.63,0.3571,0.9,0.091,0.895,0,-0.0317,0.905,0.912,0.3708,0,3320.12,0.0,0,0,0.0798,0
17129.47,13112.8,16000.0,-11983.33,0.9341,527.68,0.0292,0.907,0.133,0.64,24,-0.2025,0.774,0.741,0.0,2,6160.03,384000.0,1,20,1.0,1
33052.36,24910.49,16000.0,-7858.13,0.4841,616.16,0.0151,0.905,0.118,0.664,24,-0.1867,0.651,0.749,0.0,3,4538.28,384000.0,1,12,1.0,1
58860.37,29412.7,0.0,29447.67,0.0,187581.68,0.89,0.974,0.118,0.901,0,0.044,0.988,0.793,0.5003,0,8770.54,0.0,0,0,0.0011,0
34525.03,26112.58,8000.0,412.45,0.2317,5730.01,0.1145,0.925,0.096,0.584,10,-0.1282,0.627,0.643,0.0119,3,6734.96,192000.0,1,10,0.9999,1
79175.77,40062.0,0.0,39113.76,0.0,226599.66,0.5962,0.973,0.085,0.927,0,0.0448,0.931,0.888,0.494,0,7077.17,0.0,0,0,0.0005,0
30970.52,23990.21,12000.0,-5019.69,0.3875,910.51,0.0161,0.941,0.083,0.623,24,-0.0733,0.645,0.643,0.0,3,6509.24,288000.0,0,0,1.0,1
74595.54,38965.23,0.0,35630.32,0.0,205713.66,0.5552,0.975,0.085,0.92,0,0.0474,0.977,0.894,0.4776,0,7052.95,0.0,0,0,0.0007,0
39428.65,23906.07,16000.0,-477.42,0.4058,24446.22,0.5464,0.854,0.163,0.901,13,0.4579,0.878,0.828,0.0,0,7368.59,288000.0,0,0,0.9753,1
39904.43,25616.36,2500.0,11788.07,0.0626,62146.86,0.3919,0.893,0.105,0.808,0,0.0201,0.899,0.865,0.2954,0,4473.36,30000.0,0,0,0.2571,0
70554.82,35714.93,3000.0,31839.89,0.0425,187173.59,0.6566,0.971,0.097,0.971,0,0.0483,0.981,0.89,0.4513,0,8072.0,45000.0,1,12,0.0011,0
37616.79,23865.24,2500.0,11251.56,0.0665,57928.02,0.298,0.884,0.126,0.854,0,0.0647,0.964,0.916,0.2991,0,4574.82,30000.0,0,0,0.2657,0
104938.71,65826.74,4000.0,35111.97,0.0381,152396.71,0.3414,0.829,0.167,0.864,0,0.381,0.911,0.896,0.3346,0,6355.57,72000.0,0,0,0.0214,0
81196.53,52237.59,12000.0,16958.94,0.1478,82998.58,0.347,0.856,0.157,0.873,0,0.3308,0.879,0.821,0.2089,1,11559.4,216000.0,1,6,0.5174,1
32882.84,20591.24,1500.0,10791.6,0.0456,59230.7,0.4589,0.903,0.126,0.839,0,-0.0698,0.93,0.846,0.3282,0,3574.12,18000.0,0,0,0.262,1
44622.99,28181.3,1500.0,14941.69,0.0336,75963.53,0.3777,0.89,0.143,0.925,0,-0.0288,0.892,0.906,0.3348,1,3539.72,18000.0,0,0,0.3507,0
37383.59,28280.14,12000.0,-2896.54,0.321,1021.41,0.0134,0.919,0.096,0.689,22,-0.1344,0.645,0.645,0.0,2,5583.08,288000.0,0,0,1.0,1
33707.06,22020.73,2500.0,9186.33,0.0742,53306.79,0.4659,0.904,0.129,0.84,0,-0.1289,0.853,0.936,0.2725,0,3331.08,30000.0,0,0,0.4167,1
30470.39,20277.91,0.0,10192.48,0.0,55195.63,0.5137,0.9,0.132,0.875,0,0.0344,0.958,0.938,0.3345,0,4597.29,0.0,0,0,0.1051,0
66285.84,32045.04,0.0,34240.8,0.0,202723.44,0.729,0.979,0.09,0.923,0,0.0409,0.96,0.838,0.5166,0,6696.4,0.0,0,0,0.0006,0
29714.37,18848.89,3500.0,7365.48,0.1178,43514.82,0.466,0.883,0.135,0.802,0,-0.0371,0.85,0.823,0.2479,0,3421.28,42000.0,0,0,0.6646,1
42399.73,32597.95,20000.0,-10198.21,0.4717,680.58,0.0118,0.916,0.078,0.658,24,-0.2032,0.65,0.667,0.0,3,4311.24,480000.0,0,0,1.0,1
81964.24,50533.77,12000.0,19430.47,0.1464,95455.73,0.338,0.866,0.159,0.869,0,0.2781,0.927,0.848,0.2371,0,10509.33,216000.0,0,0,0.2205,0
35633.79,22261.8,1500.0,11871.99,0.0421,66177.12,0.5145,0.89,0.145,0.804,0,-0.0658,0.966,0.876,0.3332,0,4142.37,18000.0,0,0,0.2451,0
28744.73,18414.48,0.0,10330.25,0.0,60092.97,0.6587,0.881,0.139,0.847,0,-0.085,0.881,0.832,0.3594,0,3946.63,0.0,0,0,0.2062,1
61098.11,30404.56,0.0,30693.54,0.0,191814.63,0.8634,0.973,0.092,0.965,0,0.0466,0.966,0.865,0.5024,0,5942.03,0.0,0,0,0.0005,0
44026.7,28662.0,3500.0,11864.7,0.0795,65507.93,0.3957,0.883,0.129,0.846,0,-0.0356,0.97,0.869,0.2695,0,3455.65,42000.0,0,0,0.2881,1
67701.79,33639.36,6000.0,28062.43,0.0886,171187.23,0.6305,0.975,0.091,0.93,0,0.0376,0.984,0.774,0.4145,0,8301.52,90000.0,0,0,0.0039,0
48449.6,31464.15,1500.0,15485.45,0.031,79538.71,0.3195,0.911,0.11,0.825,0,0.0098,0.97,0.921,0.3196,0,3328.7,18000.0,0,0,0.108,1
52053.72,26268.71,0.0,25785.02,0.0,161382.9,0.8413,0.972,0.098,0.947,0,0.0635,0.92,0.857,0.4954,0,8849.4,0.0,0,0,0.0015,0
68206.37,43008.99,12000.0,13197.38,0.1759,75750.03,0.5083,0.836,0.187,0.942,0,0.3607,0.926,0.894,0.1935,0,11976.47,216000.0,0,0,0.293,1
36354.12,23707.59,1500.0,11146.53,0.0413,59516.6,0.4033,0.892,0.143,0.843,0,0.2314,0.888,0.837,0.3066,0,4871.06,18000.0,0,0,0.2304,0
41332.11,31098.19,20000.0,-9766.08,0.4839,615.13,0.0121,0.924,0.107,0.705,24,-0.1334,0.553,0.576,0.0,1,6461.08,480000.0,1,19,1.0,1
42910.15,27246.12,1500.0,14164.04,0.035,77025.12,0.4559,0.89,0.151,0.915,0,-0.0939,0.943,0.93,0.3301,1,4435.66,18000.0,0,0,0.3185,1
42139.45,27435.13,0.0,14704.31,0.0,80325.03,0.5085,0.899,0.117,0.826,0,0.0458,0.957,0.939,0.3489,0,4501.72,0.0,0,0,0.0587,0
51584.56,26322.55,3000.0,22262.01,0.0582,146986.77,0.9253,0.971,0.08,0.932,0,0.0556,0.999,0.903,0.4316,0,5399.0,45000.0,1,11,0.0014,0
61981.29,30886.0,0.0,31095.29,0.0,186563.45,0.7103,0.971,0.105,0.914,0,0.0584,0.987,0.792,0.5017,0,5570.22,0.0,1,5,0.0013,0
46599.55,29869.44,1500.0,15230.12,0.0322,74222.72,0.3265,0.881,0.136,0.926,0,0.002,0.858,0.934,0.3268,0,4482.71,18000.0,0,0,0.2046,0
59922.57,30247.85,0.0,29674.72,0.0,181107.75,0.7885,0.972,0.095,0.901,0,0.049,0.989,0.839,0.4952,0,6594.58,0.0,0,0,0.001,0
27228.48,20431.36,12000.0,-5202.88,0.4407,931.45,0.0184,0.905,0.109,0.676,24,-0.1918,0.59,0.659,0.0,2,5598.59,288000.0,0,0,1.0,1
37404.26,23582.08,1500.0,12322.18,0.0401,69551.72,0.5164,0.887,0.144,0.863,0,-0.1233,0.902,0.913,0.3294,0,3794.55,18000.0,0,0,0.251,1
38736.68,24888.05,1500.0,12348.63,0.0387,66590.29,0.3843,0.882,0.139,0.83,0,-0.0351,0.854,0.834,0.3188,0,3627.09,18000.0,0,0,0.4072,0
59816.44,30259.72,6000.0,23556.72,0.1003,154212.3,0.7795,0.975,0.083,0.977,0,0.042,0.995,0.789,0.3938,0,6751.01,90000.0,1,9,0.003,0
42013.98,26377.12,1500.0,14136.85,0.0357,77490.88,0.4774,0.894,0.125,0.839,0,0.1299,0.964,0.91,0.3365,0,4573.18,18000.0,0,0,0.0813,0
38647.42,24691.6,2500.0,11455.82,0.0647,60755.2,0.3764,0.887,0.12,0.915,0,-0.0551,0.908,0.926,0.2964,0,3280.61,30000.0,0,0,0.2449,0
60434.51,30163.66,0.0,30270.86,0.0,175782.49,0.6331,0.973,0.094,0.936,0,0.0467,0.92,0.758,0.5009,0,8336.29,0.0,1,11,0.0023,0
104812.84,63020.4,4000.0,37792.44,0.0382,168325.91,0.3672,0.863,0.145,0.949,0,0.1946,0.825,0.827,0.3606,0,6613.4,72000.0,0,0,0.0158,0
40394.78,26078.09,2500.0,11816.69,0.0619,62192.56,0.3544,0.913,0.131,0.921,0,-0.0791,0.891,0.909,0.2925,0,3908.84,30000.0,0,0,0.2704,0
86271.64,54707.33,8000.0,23564.31,0.0927,104563.07,0.2982,0.846,0.205,0.933,0,0.1806,0.821,0.746,0.2731,0,7720.12,144000.0,0,0,0.4039,0
41554.51,26618.19,0.0,14936.32,0.0,73383.21,0.2971,0.899,0.142,0.878,0,-0.0102,0.972,0.925,0.3594,0,4711.48,0.0,0,0,0.1429,0
43611.22,20344.16,0.0,23267.05,0.0,146203.81,0.9216,0.971,0.097,0.961,0,0.0568,0.939,0.791,0.5335,0,5765.72,0.0,1,9,0.0017,0
45681.93,28706.65,1500.0,15475.28,0.0328,81590.64,0.4185,0.921,0.119,0.807,0,0.04,0.926,0.911,0.3388,0,3302.07,18000.0,0,0,0.1042,1
64309.94,32481.23,3000.0,28828.72,0.0466,182719.72,0.7816,0.971,0.108,0.975,0,0.0468,0.931,0.766,0.4483,0,5673.83,45000.0,0,0,0.0021,0
44684.4,28293.96,1500.0,14890.44,0.0336,81013.02,0.4105,0.888,0.144,0.888,0,0.1129,0.885,0.947,0.3332,0,4700.85,18000.0,0,0,0.1318,1
35482.82,22481.8,0.0,13001.02,0.0,70286.23,0.4848,0.905,0.113,0.858,0,-0.1301,0.925,0.928,0.3664,0,4081.93,0.0,0,0,0.1142,0
42259.25,27273.85,2500.0,12485.4,0.0592,63625.23,0.3441,0.906,0.122,0.825,0,-0.0096,0.912,0.858,0.2954,0,4431.77,30000.0,0,0,0.2916,1
40155.98,25565.22,1500.0,13090.76,0.0374,68874.75,0.3378,0.896,0.117,0.916,0,0.0087,0.858,0.85,0.326,0,3513.79,18000.0,0,0,0.2171,0
35384.28,27083.21,12000.0,-3698.92,0.3391,1082.84,0.0141,0.926,0.077,0.744,24,-0.1738,0.657,0.615,0.0,2,5953.67,288000.0,0,0,1.0,1
40886.77,25685.38,0.0,15201.39,0.0,82275.88,0.4965,0.884,0.137,0.882,0,-0.1765,0.964,0.905,0.3718,0,3553.74,0.0,0,0,0.1227,1
47098.25,23423.76,6000.0,17674.49,0.1274,134294.16,1.113,0.975,0.091,0.916,0,0.0323,0.93,0.768,0.3753,0,6285.09,90000.0,0,0,0.0053,0
38000.9,24181.16,0.0,13819.74,0.0,73246.41,0.4305,0.892,0.13,0.823,0,-0.1078,0.893,0.88,0.3637,0,4865.35,0.0,0,0,0.219,0
32233.49,24867.52,16000.0,-8634.03,0.4964,612.74,0.0155,0.913,0.101,0.608,24,-0.1792,0.675,0.564,0.0,3,6502.45,384000.0,1,27,1.0,1
30742.85,23734.22,8000.0,-991.37,0.2602,2169.11,0.0163,0.913,0.107,0.66,15,-0.1844,0.562,0.728,0.0,3,6772.23,192000.0,0,0,1.0,1
32575.98,25176.38,8000.0,-600.41,0.2456,3034.24,0.0437,0.912,0.105,0.638,17,-0.1301,0.593,0.687,0.0,1,5808.49,192000.0,0,0,0.9998,1
43278.41,27896.26,0.0,15382.15,0.0,76997.55,0.326,0.904,0.137,0.812,0,-0.0635,0.869,0.946,0.3554,0,4286.82,0.0,0,0,0.2273,1
95192.03,59099.88,8000.0,28092.15,0.084,137407.07,0.4739,0.851,0.171,0.924,0,0.4021,0.944,0.765,0.2951,0,9594.59,144000.0,1,17,0.0319,0
41862.54,26641.68,2500.0,12720.85,0.0597,68047.56,0.4193,0.897,0.126,0.823,0,-0.0101,0.923,0.826,0.3039,0,3312.82,30000.0,0,0,0.2656,0
29005.97,22390.89,20000.0,-13384.92,0.6895,605.08,0.0172,0.916,0.113,0.759,24,-0.1791,0.719,0.512,0.0,1,5395.87,480000.0,0,0,1.0,1
77075.96,47896.29,12000.0,17179.68,0.1557,86317.46,0.3767,0.823,0.19,0.922,0,0.3249,0.825,0.744,0.2229,0,6621.25,216000.0,0,0,0.5311,1
43761.44,27185.46,3500.0,13075.99,0.08,66904.99,0.2965,0.917,0.123,0.848,0,0.0071,0.925,0.917,0.2988,0,3547.66,42000.0,0,0,0.2533,0
33179.26,20891.62,0.0,12287.63,0.0,69477.09,0.5588,0.889,0.137,0.815,0,-0.0787,0.858,0.881,0.3703,0,4287.22,0.0,0,0,0.2184,0
69773.22,34517.26,3000.0,32255.96,0.043,204574.47,0.8261,0.972,0.09,0.974,0,0.0499,0.96,0.845,0.4623,0,8436.95,45000.0,1,2,0.0006,0
52032.26,32985.27,1500.0,17546.99,0.0288,87548.92,0.331,0.881,0.135,0.888,0,0.1835,0.935,0.838,0.3372,0,3556.56,18000.0,0,0,0.1018,1
76289.55,38811.92,0.0,37477.63,0.0,229101.15,0.7636,0.971,0.096,0.925,0,0.0619,0.949,0.807,0.4913,0,7527.52,0.0,0,0,0.0004,0
67523.2,34505.49,0.0,33017.72,0.0,208910.39,0.7973,0.974,0.114,0.934,0,0.0387,0.939,0.829,0.489,0,7635.0,0.0,1,2,0.0008,0
101262.08,63549.7,4000.0,33712.38,0.0395,149499.39,0.3588,0.842,0.209,0.878,0,0.3221,0.898,0.734,0.3329,0,6578.23,72000.0,1,20,0.067,0
21892.04,14032.32,2500.0,5359.72,0.1142,31851.17,0.4849,0.892,0.142,0.82,0,-0.0738,0.96,0.871,0.2448,0,4280.89,30000.0,0,0,0.5752,0
81692.08,40723.86,3000.0,37968.22,0.0367,216428.68,0.5133,0.978,0.092,0.916,0,0.037,0.947,0.859,0.4648,0,6722.27,45000.0,0,0,0.0011,0
89971.0,55110.35,4000.0,30860.65,0.0445,145104.55,0.4697,0.843,0.176,0.874,0,0.2081,0.877,0.863,0.343,0,6496.76,72000.0,0,0,0.0446,0
38515.96,24582.27,2500.0,11433.69,0.0649,58780.94,0.3263,0.914,0.105,0.879,0,0.0782,0.947,0.908,0.2969,0,3479.94,30000.0,0,0,0.1525,0
29362.87,22446.99,20000.0,-13084.12,0.6811,543.46,0.017,0.914,0.11,0.662,24,-0.2068,0.648,0.748,0.0,1,5858.75,480000.0,1,8,1.0,1
119858.06,77963.01,4000.0,37895.05,0.0334,159290.61,0.2685,0.832,0.183,0.899,0,0.4182,0.927,0.756,0.3162,1,10746.85,72000.0,0,0,0.0559,0
38010.46,23938.44,1500.0,12572.02,0.0395,68034.06,0.4844,0.897,0.114,0.826,0,-0.1021,0.971,0.873,0.3308,0,4392.74,18000.0,0,0,0.1624,0
45831.14,28822.79,2500.0,14508.35,0.0545,70056.46,0.2917,0.894,0.134,0.854,0,0.1301,0.947,0.869,0.3166,0,4321.49,30000.0,0,0,0.1967,1
81405.11,39262.69,0.0,42142.42,0.0,245912.34,0.6903,0.972,0.092,0.95,0,0.05,0.962,0.812,0.5177,0,7107.89,0.0,0,0,0.0002,0
124988.66,76590.07,16000.0,32398.59,0.128,142895.67,0.2337,0.845,0.183,0.829,0,0.2317,0.851,0.724,0.2592,0,6210.98,288000.0,1,8,0.2449,0
110446.06,67103.85,16000.0,27342.21,0.1449,125560.06,0.3088,0.845,0.211,0.837,0,0.3765,0.887,0.805,0.2476,0,6897.32,288000.0,0,0,0.2609,0
59005.72,36936.93,12000.0,10068.79,0.2034,67195.08,0.6344,0.828,0.19,0.924,0,0.5,0.826,0.727,0.1706,0,10567.46,216000.0,1,13,0.4879,1
26090.3,19590.82,12000.0,-5500.52,0.4599,602.67,0.0192,0.923,0.088,0.769,24,-0.2053,0.759,0.55,0.0,2,5520.02,288000.0,0,0,1.0,1
44763.82,28696.47,0.0,16067.35,0.0,83205.88,0.4316,0.91,0.133,0.864,0,0.0894,0.872,0.921,0.3589,0,3495.06,0.0,0,0,0.0866,0
73910.49,37032.43,0.0,36878.06,0.0,212331.12,0.6073,0.976,0.105,0.964,0,0.0471,0.976,0.898,0.499,0,7784.54,0.0,0,0,0.0006,0
61358.22,30475.51,3000.0,27882.7,0.0489,170090.51,0.6947,0.976,0.108,0.951,0,0.0501,0.941,0.888,0.4544,0,6603.11,45000.0,0,0,0.0025,0
43169.31,27231.9,0.0,15937.41,0.0,79843.62,0.3651,0.897,0.15,0.879,0,-0.0199,0.861,0.875,0.3692,0,3624.8,0.0,0,0,0.205,0
92251.19,56374.87,4000.0,31876.32,0.0434,136418.75,0.3521,0.875,0.126,0.856,0,0.2508,0.92,0.839,0.3455,0,8129.83,72000.0,0,0,0.0207,0
57820.14,29492.83,0.0,28327.31,0.0,169788.93,0.7079,0.974,0.087,0.96,0,0.0497,0.934,0.892,0.4899,0,7303.92,0.0,1,1,0.0012,0
41301.89,26570.71,2500.0,12231.17,0.0605,65901.77,0.3988,0.906,0.118,0.841,0,-0.0178,0.962,0.925,0.2961,0,4845.51,30000.0,0,0,0.1743,0
67777.0,33922.32,6000.0,27854.68,0.0885,167729.8,0.6503,0.975,0.089,0.97,0,0.0457,0.932,0.908,0.411,0,7264.43,90000.0,0,0,0.0028,0
54415.44,25874.12,6000.0,22541.32,0.1103,155358.1,0.9564,0.97,0.106,0.904,0,0.0555,0.981,0.883,0.4142,0,6330.08,90000.0,0,0,0.0032,0
127477.54,78184.41,8000.0,41293.13,0.0628,177472.76,0.3158,0.864,0.19,0.835,0,0.2786,0.873,0.886,0.3239,1,6824.13,144000.0,1,3,0.0581,0
31007.92,19579.45,1500.0,9928.47,0.0484,55083.17,0.4818,0.883,0.103,0.916,0,-0.0291,0.935,0.855,0.3202,0,4516.4,18000.0,0,0,0.1627,0
53715.01,26630.09,6000.0,21084.92,0.1117,141410.74,0.8609,0.975,0.09,0.913,0,0.0597,0.974,0.794,0.3925,0,5638.67,90000.0,0,0,0.0052,0
115059.64,71587.4,16000.0,27472.24,0.1391,121412.62,0.258,0.822,0.219,0.872,0,0.3632,0.941,0.851,0.2388,1,6104.17,288000.0,1,11,0.4426,0
127767.27,83100.9,12000.0,32666.36,0.0939,150778.95,0.3508,0.841,0.163,0.882,0,0.3418,0.92,0.745,0.2557,1,6798.14,216000.0,0,0,0.1045,0
46520.2,30076.55,1500.0,14943.65,0.0322,81094.68,0.4314,0.892,0.122,0.895,0,0.1186,0.921,0.85,0.3212,0,4503.6,18000.0,0,0,0.0924,0
30531.88,19500.34,0.0,11031.55,0.0,62438.74,0.6037,0.892,0.124,0.894,0,-0.0945,0.977,0.952,0.3613,0,3181.68,0.0,0,0,0.0777,1
30409.88,19359.23,0.0,11050.65,0.0,56046.57,0.4115,0.894,0.14,0.863,0,0.0221,0.875,0.877,0.3634,0,4958.05,0.0,0,0,0.2473,0
44350.78,22461.53,6000.0,15889.25,0.1353,111362.08,0.8654,0.973,0.089,0.978,0,0.0543,0.925,0.874,0.3583,0,5015.34,90000.0,1,2,0.0099,0
84385.23,51498.97,4000.0,28886.27,0.0474,128957.68,0.4324,0.867,0.181,0.904,0,0.2975,0.916,0.823,0.3423,0,10646.44,72000.0,0,0,0.0406,0
98935.17,60120.93,4000.0,34814.24,0.0404,150831.04,0.4343,0.838,0.171,0.914,0,0.4618,0.938,0.875,0.3519,0,9815.32,72000.0,1,11,0.0103,0
97033.11,59529.84,8000.0,29503.27,0.0824,137777.48,0.43,0.855,0.154,0.889,0,0.2119,0.878,0.897,0.3041,0,10022.83,144000.0,1,21,0.045,0
34686.65,25937.46,8000.0,749.19,0.2306,7813.82,0.154,0.919,0.107,0.771,7,-0.1398,0.659,0.658,0.0216,1,5293.83,192000.0,1,26,0.9978,1
74201.9,45974.65,8000.0,20227.26,0.1078,101873.22,0.4521,0.834,0.177,0.847,0,0.348,0.863,0.76,0.2726,0,7463.83,144000.0,1,23,0.2479,0
42092.87,26746.2,0.0,15346.68,0.0,78058.49,0.3872,0.882,0.168,0.899,0,-0.0155,0.876,0.872,0.3646,0,4875.14,0.0,0,0,0.2425,0
57012.78,28502.19,0.0,28510.59,0.0,176335.31,0.7759,0.975,0.092,0.975,0,0.0232,0.948,0.874,0.5001,0,7533.43,0.0,0,0,0.0009,0
41125.89,26794.77,0.0,14331.12,0.0,70525.31,0.3111,0.88,0.145,0.84,0,0.0224,0.965,0.839,0.3485,0,4136.04,0.0,0,0,0.2223,0
111591.05,66953.9,8000.0,36637.15,0.0717,159766.54,0.3506,0.846,0.159,0.9,0,0.1632,0.844,0.819,0.3283,0,8579.2,144000.0,0,0,0.0431,0
38485.07,24385.87,2500.0,11599.2,0.065,60160.8,0.3626,0.89,0.128,0.906,0,-0.0891,0.905,0.94,0.3014,0,4704.02,30000.0,0,0,0.2923,0
46359.81,29664.78,2500.0,14195.03,0.0539,73252.5,0.3704,0.907,0.115,0.938,0,-0.0635,0.886,0.868,0.3062,0,4471.38,30000.0,0,0,0.1709,0
99278.13,61296.39,4000.0,33981.74,0.0403,148269.85,0.3531,0.894,0.136,0.856,0,0.2579,0.91,0.818,0.3423,0,9865.87,72000.0,0,0,0.0165,0
16516.72,12734.18,8000.0,-4217.46,0.4844,873.66,0.0303,0.917,0.115,0.62,24,-0.1708,0.593,0.669,0.0,2,5421.34,192000.0,0,0,1.0,1
66877.26,34326.54,3000.0,29550.72,0.0449,186776.62,0.8254,0.975,0.079,0.976,0,0.0376,0.984,0.76,0.4419,0,5199.54,45000.0,0,0,0.0008,0
61652.23,29349.36,0.0,32302.87,0.0,196914.32,0.816,0.973,0.073,0.946,0,0.0525,0.978,0.758,0.524,0,5513.81,0.0,1,9,0.0005,0
34192.55,21849.41,2500.0,9843.14,0.0731,54957.44,0.4684,0.887,0.14,0.804,0,0.0853,0.973,0.916,0.2879,0,4577.19,30000.0,0,0,0.2555,0
88288.4,55120.34,8000.0,25168.06,0.0906,119332.59,0.3571,0.858,0.187,0.926,0,0.2627,0.835,0.761,0.2851,1,7088.24,144000.0,1,13,0.3399,1
41704.39,25664.83,1500.0,14539.57,0.036,75073.75,0.4262,0.897,0.141,0.87,0,0.0699,0.929,0.904,0.3486,0,4935.92,18000.0,0,0,0.1362,0
107896.42,66625.13,8000.0,33271.29,0.0741,140515.08,0.331,0.845,0.171,0.857,0,0.4699,0.916,0.851,0.3084,0,9887.37,144000.0,0,0,0.031,0
70247.76,44996.01,8000.0,17251.75,0.1139,90212.08,0.4774,0.872,0.167,0.859,0,0.1656,0.919,0.743,0.2456,0,8475.76,144000.0,0,0,0.2705,1
68061.98,41677.92,4000.0,22384.07,0.0588,101587.48,0.3997,0.846,0.207,0.944,0,0.3328,0.949,0.821,0.3289,0,6337.95,72000.0,0,0,0.1145,0
51725.62,32154.4,1500.0,18071.22,0.029,93268.46,0.4245,0.893,0.131,0.871,0,-0.0379,0.879,0.855,0.3494,0,3334.91,18000.0,0,0,0.1379,0
61807.98,30810.82,3000.0,27997.15,0.0485,184078.64,0.9145,0.978,0.094,0.916,0,0.0542,0.966,0.817,0.453,0,8567.03,45000.0,1,9,0.0011,0
89529.43,44977.85,0.0,44551.58,0.0,259010.59,0.6251,0.974,0.085,0.928,0,0.0473,0.94,0.761,0.4976,0,8832.69,0.0,0,0,0.0003,0
36953.27,23158.23,1500.0,12295.04,0.0406,64111.49,0.3982,0.902,0.116,0.866,0,-0.0306,0.877,0.941,0.3327,0,3233.24,18000.0,0,0,0.1972,0
48704.51,31114.76,1500.0,16089.75,0.0308,81910.34,0.386,0.89,0.145,0.811,0,0.0159,0.943,0.856,0.3304,0,4751.12,18000.0,0,0,0.1988,0
52124.39,25562.58,0.0,26561.81,0.0,164393.55,0.8452,0.98,0.094,0.925,0,0.0474,0.941,0.911,0.5096,0,6686.69,0.0,1,2,0.0011,0
68506.28,33945.58,3000.0,31560.71,0.0438,195040.92,0.7056,0.973,0.098,0.925,0,0.054,0.937,0.882,0.4607,0,7716.92,45000.0,0,0,0.0014,0
38594.65,25001.55,0.0,13593.1,0.0,72107.84,0.4611,0.91,0.109,0.839,0,-0.0342,0.872,0.86,0.3522,0,3288.82,0.0,0,0,0.1302,0
64393.32,31944.79,3000.0,29448.52,0.0466,186169.79,0.8026,0.975,0.105,0.925,0,0.0465,0.937,0.877,0.4573,0,6887.87,45000.0,0,0,0.0015,0
91049.2,57331.88,4000.0,29717.32,0.0439,130289.48,0.3166,0.861,0.175,0.865,0,0.3302,0.863,0.781,0.3264,0,8608.07,72000.0,1,17,0.0744,0
42251.05,26340.12,2500.0,13410.92,0.0592,74887.77,0.4595,0.909,0.105,0.85,0,-0.0814,0.972,0.892,0.3174,0,4594.84,30000.0,0,0,0.1212,0
30263.41,19106.27,0.0,11157.13,0.0,61498.84,0.5798,0.891,0.139,0.937,0,0.1201,0.922,0.933,0.3687,0,3857.49,0.0,0,0,0.0673,0
42580.94,27287.58,0.0,15293.36,0.0,81367.15,0.5006,0.883,0.127,0.893,0,0.0308,0.957,0.826,0.3592,0,3561.69,0.0,0,0,0.0764,0
70886.67,34323.51,0.0,36563.16,0.0,220089.23,0.7462,0.972,0.101,0.915,0,0.0433,0.959,0.9,0.5158,0,6927.15,0.0,1,5,0.0004,0
31351.25,20048.76,0.0,11302.49,0.0,60789.04,0.5082,0.881,0.13,0.933,0,0.1005,0.902,0.919,0.3605,0,3853.05,0.0,0,0,0.0939,0
58758.9,29658.54,0.0,29100.36,0.0,172386.07,0.6356,0.977,0.096,0.959,0,0.0331,0.934,0.813,0.4953,0,6908.74,0.0,0,0,0.002,0
35728.91,22913.25,0.0,12815.67,0.0,65485.02,0.3901,0.888,0.146,0.832,0,0.0518,0.853,0.954,0.3587,0,4741.4,0.0,0,0,0.2327,1
62364.96,30731.7,3000.0,28633.26,0.0481,182757.44,0.8281,0.976,0.106,0.923,0,0.0383,0.957,0.827,0.4591,0,6887.75,45000.0,1,6,0.0017,0
36839.4,28268.01,16000.0,-7428.62,0.4343,575.65,0.0136,0.918,0.104,0.618,24,-0.1575,0.591,0.739,0.0,1,6276.81,384000.0,1,23,1.0,1
62750.26,30796.77,0.0,31953.5,0.0,190311.57,0.6951,0.973,0.074,0.918,0,0.0564,0.955,0.863,0.5092,0,5386.55,0.0,0,0,0.0007,0
62827.41,31287.37,0.0,31540.04,0.0,200437.44,0.8842,0.977,0.091,0.948,0,0.0445,0.949,0.762,0.502,0,8340.35,0.0,0,0,0.0006,0
78952.53,40057.72,0.0,38894.82,0.0,222961.98,0.6034,0.976,0.098,0.912,0,0.0499,0.938,0.793,0.4926,0,5719.23,0.0,0,0,0.0007,0
48774.38,31055.37,0.0,17719.01,0.0,93284.15,0.4293,0.893,0.132,0.883,0,-0.0115,0.955,0.907,0.3633,0,3927.56,0.0,0,0,0.0677,0
33403.21,25378.88,12000.0,-3975.67,0.3592,953.36,0.015,0.901,0.138,0.676,24,-0.2153,0.564,0.734,0.0,2,5715.95,288000.0,0,0,1.0,1
21965.65,13922.97,0.0,8042.68,0.0,45028.57,0.5502,0.896,0.135,0.84,0,-0.1217,0.954,0.872,0.3661,0,4964.16,0.0,0,0,0.2395,1
46492.33,35113.1,8000.0,3379.23,0.1721,13244.78,0.0992,0.921,0.117,0.764,2,-0.1233,0.561,0.64,0.0727,2,5064.83,192000.0,0,0,0.9984,1
29525.79,18891.16,2500.0,8134.64,0.0847,43256.63,0.4106,0.895,0.125,0.808,0,0.0045,0.876,0.952,0.2755,0,4091.36,30000.0,0,0,0.4333,1
46611.22,29661.49,2500.0,14449.72,0.0536,73659.07,0.374,0.886,0.133,0.838,0,-0.0917,0.925,0.914,0.31,0,3366.49,30000.0,0,0,0.2683,0
91287.96,45333.87,3000.0,42954.09,0.0329,253469.73,0.618,0.975,0.099,0.95,0,0.0385,0.927,0.839,0.4705,0,5496.96,45000.0,0,0,0.0004,0
40320.8,31246.53,16000.0,-6925.73,0.3968,519.66,0.0124,0.902,0.139,0.692,24,-0.2077,0.645,0.671,0.0,1,4169.0,384000.0,1,14,1.0,1
72888.54,36245.2,6000.0,30643.34,0.0823,184335.87,0.5874,0.971,0.09,0.911,0,0.0602,0.943,0.844,0.4204,0,6679.73,90000.0,1,6,0.0032,0
64208.83,32191.17,6000.0,26017.66,0.0934,171838.07,0.8656,0.974,0.096,0.945,0,0.0602,0.927,0.784,0.4052,0,7185.72,90000.0,0,0,0.0028,0
65198.12,39632.84,12000.0,13565.28,0.1841,66079.89,0.3324,0.819,0.177,0.82,0,0.5,0.842,0.773,0.2081,0,11570.9,216000.0,0,0,0.6459,0
99030.23,62900.57,16000.0,20129.66,0.1616,100258.52,0.2932,0.83,0.19,0.859,0,0.2647,0.96,0.756,0.2033,0,8713.98,288000.0,0,0,0.443,1
38869.3,24461.9,2500.0,11907.39,0.0643,63014.12,0.4227,0.907,0.138,0.917,0,-0.0167,0.898,0.953,0.3063,0,3352.79,30000.0,0,0,0.2051,0
35475.87,22617.71,0.0,12858.16,0.0,68612.81,0.5093,0.893,0.118,0.828,0,-0.07,0.888,0.834,0.3624,0,4691.68,0.0,0,0,0.1731,0
36958.21,23736.46,0.0,13221.76,0.0,71799.44,0.5152,0.903,0.118,0.921,0,0.038,0.863,0.842,0.3577,0,4164.78,0.0,0,0,0.0912,0
69349.76,35267.47,3000.0,31082.3,0.0433,192762.92,0.7176,0.976,0.097,0.916,0,0.0415,0.947,0.907,0.4482,0,7279.37,45000.0,0,0,0.0013,0
28561.91,17833.81,1500.0,9228.1,0.0525,54856.56,0.6386,0.884,0.158,0.904,0,-0.1075,0.872,0.956,0.3231,0,4242.11,18000.0,0,0,0.2795,0
100117.87,63020.95,12000.0,25096.93,0.1199,115175.21,0.2618,0.877,0.143,0.938,0,0.1177,0.866,0.895,0.2507,0,8691.69,216000.0,0,0,0.1325,0
30834.22,19496.64,0.0,11337.58,0.0,57538.97,0.3965,0.907,0.138,0.842,0,0.0255,0.859,0.938,0.3677,0,3989.75,0.0,0,0,0.2256,0
54886.79,26956.03,6000.0,21930.76,0.1093,137892.23,0.6985,0.971,0.079,0.972,0,0.0628,0.982,0.866,0.3996,0,5408.83,90000.0,1,8,0.0045,0
81442.71,41821.13,6000.0,33621.58,0.0737,193995.09,0.5011,0.971,0.095,0.939,0,0.0602,1.0,0.764,0.4128,0,8639.74,90000.0,0,0,0.0025,0
62173.76,31605.74,0.0,30568.03,0.0,196293.16,0.8886,0.974,0.099,0.942,0,0.0536,0.938,0.855,0.4917,0,6229.89,0.0,0,0,0.0006,0
38213.66,24456.08,1500.0,12257.58,0.0393,63082.66,0.363,0.871,0.143,0.801,0,0.194,0.978,0.93,0.3208,0,3901.63,18000.0,0,0,0.1917,0
33705.31,21135.86,1500.0,11069.45,0.0445,63770.92,0.5873,0.892,0.151,0.898,0,0.0422,0.923,0.915,0.3284,0,3154.45,18000.0,0,0,0.1473,1
26900.2,17199.07,0.0,9701.14,0.0,49630.61,0.3939,0.892,0.103,0.873,0,0.2621,0.952,0.845,0.3606,0,4436.61,0.0,0,0,0.0848,0
40167.72,25845.89,2500.0,11821.82,0.0622,64477.75,0.385,0.908,0.136,0.925,0,0.0285,0.868,0.884,0.2943,0,4524.04,30000.0,0,0,0.243,0
33307.03,25752.83,8000.0,-445.8,0.2402,4972.45,0.0874,0.925,0.094,0.652,13,-0.131,0.761,0.569,0.0,1,5331.11,192000.0,0,0,0.9993,1
37723.91,29086.62,8000.0,637.29,0.2121,7032.01,0.1351,0.939,0.1,0.684,9,-0.0782,0.771,0.549,0.0169,2,5304.36,192000.0,1,17,0.9989,1
92393.61,57009.95,8000.0,27383.65,0.0866,122131.94,0.3067,0.857,0.178,0.855,0,0.2383,0.863,0.897,0.2964,0,11676.88,144000.0,0,0,0.1378,0
36311.66,23316.23,1500.0,11495.42,0.0413,64311.99,0.4839,0.883,0.163,0.91,0,-0.1012,0.928,0.845,0.3166,0,4124.83,18000.0,0,0,0.3193,0
23681.05,18075.56,12000.0,-6394.51,0.5067,662.32,0.0211,0.923,0.096,0.735,24,-0.1658,0.653,0.643,0.0,3,5726.26,288000.0,1,20,1.0,1
86106.25,42834.84,3000.0,40271.41,0.0348,229468.82,0.5055,0.975,0.097,0.929,0,0.0478,0.98,0.753,0.4677,0,6840.1,45000.0,0,0,0.0009,0
41798.02,26688.07,1500.0,13609.94,0.0359,73467.16,0.4608,0.901,0.133,0.81,0,-0.1156,0.916,0.855,0.3256,0,4021.77,18000.0,0,0,0.2538,1
29258.6,22136.51,20000.0,-12877.91,0.6836,500.0,0.0171,0.912,0.103,0.645,24,-0.1505,0.631,0.534,0.0,1,5382.58,480000.0,0,0,1.0,1
93640.7,46678.73,0.0,46961.98,0.0,267062.24,0.6021,0.974,0.085,0.948,0,0.0547,0.932,0.861,0.5015,0,5704.59,0.0,1,12,0.0002,0
92699.91,57811.53,12000.0,22888.39,0.1294,105971.37,0.3151,0.859,0.188,0.826,0,0.3245,0.927,0.878,0.2469,1,11455.06,216000.0,1,7,0.4019,1
33627.34,25437.41,8000.0,189.93,0.2379,7303.89,0.193,0.908,0.096,0.737,13,-0.1917,0.632,0.548,0.0056,4,4475.31,192000.0,0,0,1.0,1
34654.49,22438.22,1500.0,10716.27,0.0433,61438.4,0.5198,0.902,0.133,0.834,0,-0.0778,0.928,0.86,0.3092,0,4802.04,18000.0,0,0,0.2435,1
27328.56,20708.9,8000.0,-1380.34,0.2927,1611.72,0.0183,0.918,0.11,0.664,21,-0.1504,0.638,0.726,0.0,1,4071.37,192000.0,0,0,0.9999,1
37183.47,23440.58,3500.0,10242.88,0.0941,53964.51,0.293,0.898,0.134,0.822,0,-0.0019,0.919,0.885,0.2755,0,3974.28,42000.0,0,0,0.4841,1
40995.76,26358.85,0.0,14636.91,0.0,73458.0,0.3677,0.895,0.107,0.861,0,0.0813,0.893,0.855,0.357,0,4192.06,0.0,0,0,0.1083,0
66042.86,40761.71,4000.0,21281.15,0.0606,113328.17,0.6126,0.876,0.15,0.823,0,0.2777,0.867,0.888,0.3222,0,10970.36,72000.0,0,0,0.0508,0
44576.28,28361.31,1500.0,14714.97,0.0337,81027.99,0.4693,0.902,0.131,0.93,0,-0.0726,0.915,0.933,0.3301,0,3739.63,18000.0,0,0,0.1065,0
46938.81,23416.62,3000.0,20522.19,0.0639,147055.88,1.1093,0.978,0.079,0.952,0,0.0242,0.932,0.794,0.4372,0,7701.43,45000.0,0,0,0.0016,0
62872.68,31349.59,0.0,31523.09,0.0,190777.57,0.7805,0.972,0.116,0.979,0,0.0416,0.982,0.77,0.5014,0,6900.39,0.0,0,0,0.001,0
53444.79,27190.52,6000.0,20254.26,0.1123,143059.75,0.9695,0.975,0.092,0.941,0,0.0495,0.943,0.787,0.379,0,5490.26,90000.0,1,8,0.0044,0
45707.94,29151.19,0.0,16556.75,0.0,87165.07,0.3946,0.884,0.136,0.852,0,0.0252,0.915,0.849,0.3622,0,4007.68,0.0,0,0,0.1334,0
16083.97,12395.16,16000.0,-12311.2,0.9948,503.91,0.0311,0.916,0.098,0.73,24,-0.1214,0.611,0.569,0.0,2,6858.51,384000.0,1,19,1.0,1
75311.22,46220.12,12000.0,17091.1,0.1593,93182.89,0.4475,0.849,0.169,0.948,0,0.2854,0.921,0.748,0.2269,0,11823.66,216000.0,0,0,0.2518,0
76013.33,46627.88,4000.0,25385.45,0.0526,119776.73,0.5109,0.829,0.196,0.865,0,0.4537,0.951,0.728,0.334,0,11837.77,72000.0,0,0,0.0647,0
40676.32,25651.47,2500.0,12524.85,0.0615,65613.35,0.4074,0.898,0.138,0.872,0,0.1483,0.908,0.936,0.3079,0,4953.2,30000.0,0,0,0.1681,0
64122.57,31544.35,6000.0,26578.22,0.0936,173385.35,0.8469,0.977,0.087,0.903,0,0.0476,0.975,0.796,0.4145,0,6244.33,90000.0,0,0,0.0023,0
50936.31,25083.56,3000.0,22852.75,0.0589,145189.41,0.8134,0.97,0.094,0.973,0,0.0674,0.948,0.854,0.4487,0,5455.89,45000.0,0,0,0.0028,0
73195.88,37372.34,0.0,35823.54,0.0,201514.13,0.5279,0.972,0.087,0.905,0,0.0476,0.953,0.781,0.4894,0,7424.52,0.0,0,0,0.0013,0
52825.1,32321.86,2500.0,18003.24,0.0473,86433.7,0.295,0.899,0.147,0.88,0,0.1335,0.971,0.874,0.3408,0,4368.6,30000.0,0,0,0.1189,0
75351.0,37431.73,0.0,37919.28,0.0,213618.22,0.5613,0.972,0.085,0.979,0,0.0521,0.943,0.846,0.5032,0,6883.05,0.0,0,0,0.0006,0
56821.43,27607.19,0.0,29214.25,0.0,172544.45,0.6856,0.973,0.101,0.931,0,0.052,0.974,0.908,0.5141,0,7096.46,0.0,0,0,0.0013,0
36239.05,22986.11,0.0,13252.94,0.0,69200.36,0.4554,0.892,0.131,0.877,0,0.1095,0.855,0.952,0.3657,0,4423.84,0.0,0,0,0.1123,0
74021.28,44680.07,12000.0,17341.21,0.1621,86286.96,0.3989,0.853,0.171,0.879,0,0.3411,0.926,0.721,0.2343,0,10967.88,216000.0,1,4,0.3339,0
62440.24,31315.77,6000.0,25124.46,0.0961,155721.31,0.6522,0.976,0.089,0.903,0,0.0493,0.996,0.884,0.4024,0,5117.06,90000.0,1,3,0.0043,0
84161.53,41483.24,0.0,42678.29,0.0,256329.31,0.6707,0.971,0.119,0.919,0,0.0778,0.941,0.849,0.5071,0,8509.02,0.0,1,7,0.0004,0
38503.22,24058.33,0.0,14444.89,0.0,72142.82,0.3283,0.879,0.127,0.81,0,-0.0124,0.911,0.855,0.3752,0,3522.57,0.0,0,0,0.2386,0
36746.14,29072.97,8000.0,-326.83,0.2177,4956.37,0.0998,0.925,0.085,0.767,16,-0.169,0.542,0.625,0.0,2,6891.38,192000.0,1,18,0.9998,1
89362.4,55687.24,8000.0,25675.16,0.0895,117929.46,0.3117,0.843,0.182,0.861,0,0.3994,0.897,0.872,0.2873,0,6114.74,144000.0,1,12,0.1153,0
50908.3,32541.76,12000.0,6366.54,0.2357,55609.41,0.705,0.843,0.19,0.933,0,0.1774,0.872,0.736,0.1251,0,8223.58,216000.0,0,0,0.705,1
38384.3,30183.31,12000.0,-3799.01,0.3126,819.77,0.013,0.904,0.131,0.562,22,-0.1789,0.652,0.725,0.0,2,4162.88,288000.0,0,0,1.0,1
49532.36,25065.16,6000.0,18467.2,0.1211,125128.53,0.8245,0.973,0.085,0.906,0,0.0663,0.974,0.776,0.3728,0,5784.16,90000.0,0,0,0.0091,0
32696.47,20471.88,1500.0,10724.59,0.0459,60185.75,0.4943,0.885,0.156,0.873,0,-0.0293,0.941,0.865,0.328,0,4685.56,18000.0,0,0,0.2843,0
31365.56,20031.48,1500.0,9834.08,0.0478,54996.18,0.4522,0.885,0.138,0.9,0,0.0609,0.913,0.906,0.3135,0,4608.42,18000.0,0,0,0.2232,0
97185.98,62144.89,8000.0,27041.1,0.0823,128526.54,0.3784,0.854,0.167,0.881,0,0.2815,0.915,0.881,0.2782,0,7570.42,144000.0,0,0,0.0637,0
71605.86,44717.58,4000.0,22888.28,0.0559,104165.32,0.4232,0.814,0.218,0.914,0,0.5,0.851,0.796,0.3196,0,6242.97,72000.0,1,19,0.1656,0
41637.81,26405.36,1500.0,13732.45,0.036,74888.59,0.4752,0.886,0.143,0.821,0,-0.0887,0.893,0.874,0.3298,0,4619.99,18000.0,0,0,0.2794,1
39829.23,26099.65,1500.0,12229.57,0.0377,67020.78,0.3976,0.894,0.126,0.805,0,0.1026,0.951,0.89,0.3071,0,3668.81,18000.0,0,0,0.1736,1
35718.08,22575.43,1500.0,11642.66,0.042,66122.28,0.5128,0.89,0.156,0.899,0,0.0131,0.892,0.937,0.326,0,4107.39,18000.0,0,0,0.2046,1
95226.39,59754.6,8000.0,27471.78,0.084,127965.11,0.3748,0.821,0.203,0.937,0,0.1964,0.94,0.831,0.2885,0,6064.7,144000.0,0,0,0.1291,0
50683.88,30269.68,8000.0,12414.2,0.1578,70241.75,0.5616,0.836,0.173,0.918,0,0.2252,0.859,0.774,0.2449,0,10285.29,144000.0,0,0,0.4523,1
19625.99,15278.08,12000.0,-7652.09,0.6114,760.5,0.0255,0.927,0.077,0.686,24,-0.1255,0.654,0.545,0.0,4,5133.16,288000.0,1,15,1.0,1
36879.26,23699.45,1500.0,11679.8,0.0407,62625.73,0.4197,0.919,0.084,0.902,0,-0.114,0.866,0.931,0.3167,0,3105.7,18000.0,0,0,0.1359,0
126209.68,77141.53,8000.0,41068.15,0.0634,176955.1,0.3433,0.805,0.221,0.921,0,0.4331,0.924,0.737,0.3254,1,11454.72,144000.0,0,0,0.0704,0
45358.4,35262.11,8000.0,2096.29,0.1764,11085.39,0.1605,0.924,0.112,0.761,4,-0.1365,0.733,0.71,0.0462,2,5280.07,192000.0,0,0,0.9964,1
73199.03,37742.26,0.0,35456.78,0.0,209774.1,0.6459,0.972,0.095,0.931,0,0.0612,0.932,0.858,0.4844,0,5997.02,0.0,0,0,0.0008,0
24877.67,18806.88,8000.0,-1929.21,0.3216,1975.33,0.0201,0.92,0.1,0.57,23,-0.1473,0.61,0.553,0.0,1,5694.28,192000.0,0,0,1.0,1
43362.31,26853.1,12000.0,4509.2,0.2767,35270.72,0.4726,0.851,0.172,0.856,2,0.2328,0.943,0.739,0.104,0,7564.58,216000.0,1,19,0.881,1
17346.08,13210.03,16000.0,-11863.95,0.9224,518.75,0.0288,0.917,0.093,0.73,24,-0.1916,0.527,0.548,0.0,1,4422.39,384000.0,0,0,1.0,1
39783.54,25001.95,2500.0,12281.59,0.0628,65273.64,0.4356,0.877,0.152,0.919,0,0.0268,0.972,0.89,0.3087,0,3481.01,30000.0,0,0,0.2079,0
21700.76,17167.85,20000.0,-15467.09,0.9216,535.07,0.023,0.925,0.08,0.635,24,-0.1697,0.68,0.708,0.0,3,6357.07,480000.0,0,0,1.0,1
29849.92,22701.97,12000.0,-4852.05,0.402,1025.43,0.0168,0.92,0.108,0.772,24,-0.1937,0.642,0.748,0.0,2,5200.94,288000.0,0,0,1.0,1
51886.13,32979.98,0.0,18906.15,0.0,94431.94,0.299,0.884,0.133,0.911,0,-0.0421,0.924,0.921,0.3644,0,3440.53,0.0,0,0,0.1031,1
28947.95,18025.65,3500.0,7422.3,0.1209,46106.55,0.6363,0.896,0.12,0.881,0,0.0739,0.886,0.88,0.2564,0,3661.06,42000.0,0,0,0.2465,0
76829.01,39460.69,3000.0,34368.32,0.039,198876.99,0.5343,0.972,0.086,0.93,0,0.0507,0.932,0.78,0.4473,0,5073.52,45000.0,0,0,0.0019,0
90625.74,57076.29,4000.0,29549.46,0.0441,138511.48,0.4338,0.839,0.167,0.848,0,0.4311,0.912,0.741,0.3261,0,6206.52,72000.0,1,14,0.0379,0
49326.57,24790.05,0.0,24536.52,0.0,156238.52,0.8812,0.971,0.108,0.973,0,0.0453,0.977,0.807,0.4974,0,5224.49,0.0,0,0,0.0015,0
74162.25,45895.18,12000.0,16267.07,0.1618,90458.22,0.4535,0.812,0.222,0.91,0,0.2784,0.836,0.83,0.2193,0,9540.3,216000.0,0,0,0.604,1
79410.07,49818.83,8000.0,21591.24,0.1007,98379.22,0.3195,0.844,0.163,0.933,0,0.3173,0.939,0.73,0.2719,0,11600.87,144000.0,0,0,0.1608,0
38591.47,24530.9,3500.0,10560.57,0.0907,61564.57,0.4802,0.874,0.136,0.867,0,0.0425,0.936,0.918,0.2737,0,4861.4,42000.0,0,0,0.2615,1
106791.98,66113.06,4000.0,36678.92,0.0375,157675.13,0.3887,0.854,0.173,0.944,0,0.4647,0.952,0.78,0.3435,0,11247.64,72000.0,0,0,0.0089,0
67871.55,33420.03,0.0,34451.52,0.0,214242.91,0.8722,0.97,0.105,0.918,0,0.0531,0.942,0.753,0.5076,0,8275.58,0.0,0,0,0.0006,0
39992.86,30255.27,8000.0,1737.58,0.2,9627.43,0.1211,0.916,0.107,0.567,4,-0.2416,0.767,0.531,0.0434,2,5756.52,192000.0,1,29,0.9993,1
86824.58,53381.86,8000.0,25442.72,0.0921,123092.0,0.433,0.837,0.185,0.871,0,0.4152,0.946,0.885,0.293,0,6728.32,144000.0,1,13,0.0638,0
37453.89,28279.96,16000.0,-6826.07,0.4272,658.93,0.0133,0.9,0.145,0.662,24,-0.2401,0.65,0.598,0.0,1,5405.39,384000.0,1,30,1.0,1
27437.76,20985.74,12000.0,-5547.99,0.4374,897.73,0.0182,0.93,0.102,0.665,24,-0.1717,0.752,0.524,0.0,4,5345.37,288000.0,1,27,1.0,1
38690.83,24987.51,2500.0,11203.32,0.0646,62813.98,0.4551,0.9,0.123,0.896,0,0.1944,0.868,0.865,0.2896,0,4884.66,30000.0,0,0,0.1565,0
86981.03,42771.77,6000.0,38209.26,0.069,211300.29,0.44,0.974,0.088,0.948,0,0.046,0.97,0.829,0.4393,0,6477.92,90000.0,0,0,0.0015,0
40629.52,26014.3,0.0,14615.22,0.0,75090.93,0.3769,0.896,0.119,0.808,0,-0.0757,0.88,0.886,0.3597,0,3026.22,0.0,0,0,0.2048,1
90682.5,57404.22,4000.0,29278.28,0.0441,134088.22,0.3941,0.846,0.207,0.846,0,0.3558,0.879,0.847,0.3229,0,11694.23,72000.0,0,0,0.0821,0
59572.78,29921.83,6000.0,23650.94,0.1007,144679.2,0.619,0.977,0.096,0.93,0,0.0361,0.969,0.84,0.397,0,8150.13,90000.0,0,0,0.0079,0
34764.38,26547.72,20000.0,-11783.34,0.5753,549.62,0.0144,0.921,0.093,0.771,24,-0.1587,0.765,0.734,0.0,3,6367.38,480000.0,1,18,1.0,1
31808.27,19929.64,1500.0,10378.63,0.0472,57300.14,0.489,0.915,0.094,0.848,0,-0.0817,0.934,0.836,0.3263,0,4612.87,18000.0,0,0,0.1646,1
100420.35,62415.51,8000.0,30004.84,0.0797,134660.34,0.3377,0.84,0.178,0.925,0,0.4066,0.927,0.782,0.2988,0,6466.83,144000.0,1,4,0.0502,0
42986.28,27294.79,3500.0,12191.5,0.0814,62583.47,0.3278,0.905,0.112,0.894,0,-0.0507,0.882,0.911,0.2836,0,3546.56,42000.0,0,0,0.2796,0
42937.74,27292.67,3500.0,12145.08,0.0815,67744.45,0.4203,0.879,0.156,0.93,0,-0.1962,0.94,0.939,0.2829,0,4702.82,42000.0,0,0,0.3688,0
67070.54,34012.47,6000.0,27058.07,0.0895,164802.45,0.6023,0.971,0.099,0.937,0,0.0558,0.967,0.825,0.4034,0,8383.31,90000.0,0,0,0.005,0
47028.0,36272.62,8000.0,2755.38,0.1701,10302.52,0.0638,0.937,0.102,0.765,1,-0.0808,0.618,0.621,0.0586,1,6188.31,192000.0,1,6,0.9931,1
42450.76,32208.14,20000.0,-9757.38,0.4711,680.99,0.0118,0.935,0.092,0.751,24,-0.1099,0.749,0.553,0.0,2,5086.54,480000.0,1,7,1.0,1
62293.38,38295.21,8000.0,15998.16,0.1284,90674.03,0.5803,0.861,0.205,0.837,0,0.2744,0.874,0.822,0.2568,0,8374.94,144000.0,1,17,0.3394,0
51358.01,25493.71,3000.0,22864.3,0.0584,148966.39,0.8726,0.974,0.105,0.973,0,0.0715,0.976,0.881,0.4452,0,7977.62,45000.0,0,0,0.0021,0
34963.87,26525.5,16000.0,-7561.63,0.4576,844.37,0.0143,0.907,0.11,0.64,24,-0.2328,0.768,0.729,0.0,1,4465.99,384000.0,1,23,1.0,1
118273.08,73424.83,12000.0,32848.25,0.1015,144323.19,0.3115,0.812,0.225,0.859,0,0.4466,0.914,0.77,0.2777,0,8081.88,216000.0,0,0,0.1337,1
24609.8,18546.6,8000.0,-1936.8,0.3251,733.0,0.0203,0.929,0.089,0.642,22,-0.0773,0.522,0.707,0.0,1,4720.88,192000.0,0,0,0.9999,1
40507.84,25901.35,0.0,14606.49,0.0,76519.38,0.4055,0.886,0.134,0.914,0,0.2014,0.944,0.869,0.3606,0,4030.64,0.0,0,0,0.0687,0
35376.89,27180.56,12000.0,-3803.68,0.3392,882.49,0.0141,0.933,0.087,0.757,24,-0.1163,0.622,0.522,0.0,2,4582.7,288000.0,1,10,1.0,1
37134.87,28043.97,12000.0,-2909.1,0.3231,992.77,0.0135,0.907,0.128,0.656,22,-0.204,0.544,0.655,0.0,4,5090.71,288000.0,0,0,1.0,1
36718.93,23075.72,0.0,13643.22,0.0,69883.99,0.3721,0.882,0.155,0.897,0,-0.1146,0.96,0.897,0.3716,0,4369.5,0.0,0,0,0.2246,0
19964.34,15214.0,16000.0,-11249.66,0.8014,594.14,0.025,0.906,0.112,0.763,24,-0.2119,0.577,0.506,0.0,1,4050.91,384000.0,0,0,1.0,1
55322.94,28245.16,0.0,27077.79,0.0,171477.91,0.9253,0.971,0.086,0.954,0,0.0481,0.959,0.771,0.4894,0,6543.78,0.0,1,4,0.0008,0
43126.18,27143.17,0.0,15983.01,0.0,85188.72,0.4908,0.886,0.135,0.843,0,0.0837,0.858,0.838,0.3706,0,4749.02,0.0,0,0,0.1226,0
42544.37,27396.37,0.0,15148.01,0.0,75837.74,0.385,0.897,0.133,0.886,0,-0.0505,0.899,0.824,0.3561,0,4644.02,0.0,0,0,0.1741,0
63806.86,39507.52,4000.0,20299.33,0.0627,93273.79,0.3786,0.844,0.183,0.895,0,0.37,0.861,0.866,0.3181,0,6200.08,72000.0,0,0,0.1625,1
37717.82,23587.19,0.0,14130.63,0.0,73976.02,0.451,0.876,0.166,0.852,0,0.2067,0.926,0.912,0.3746,0,3391.66,0.0,0,0,0.1273,0
36181.54,22937.11,0.0,13244.43,0.0,73642.43,0.5335,0.882,0.118,0.923,0,-0.1367,0.95,0.855,0.3661,0,3670.9,0.0,0,0,0.1006,0
36651.29,22882.77,1500.0,12268.52,0.0409,65298.02,0.4831,0.91,0.108,0.87,0,-0.0716,0.875,0.833,0.3347,0,3941.75,18000.0,0,0,0.1855,1
69250.52,34417.51,0.0,34833.01,0.0,212964.75,0.7575,0.976,0.097,0.978,0,0.0378,0.991,0.776,0.503,0,6253.26,0.0,0,0,0.0004,0
45171.45,28634.11,0.0,16537.34,0.0,89009.86,0.4514,0.91,0.136,0.896,0,0.0999,0.851,0.874,0.3661,0,4303.47,0.0,0,0,0.0822,0
68172.65,33460.65,3000.0,31712.01,0.044,187170.71,0.61,0.972,0.097,0.957,0,0.0452,0.949,0.808,0.4652,0,5368.76,45000.0,1,2,0.002,0
36112.11,27969.54,12000.0,-3857.44,0.3323,631.5,0.0138,0.925,0.095,0.556,24,-0.1309,0.699,0.668,0.0,4,5167.14,288000.0,1,12,1.0,1
42633.22,27262.21,0.0,15371.01,0.0,81168.48,0.4447,0.897,0.122,0.907,0,-0.0631,0.887,0.922,0.3605,0,3483.04,0.0,0,0,0.0978,0
57832.3,29018.21,3000.0,25814.09,0.0519,155018.26,0.6464,0.973,0.083,0.925,0,0.0536,0.939,0.839,0.4464,0,7652.84,45000.0,0,0,0.0037,0
36286.53,22922.91,0.0,13363.62,0.0,71674.41,0.5091,0.905,0.108,0.933,0,-0.0123,0.889,0.861,0.3683,0,3798.36,0.0,0,0,0.0735,0
73420.45,36928.48,0.0,36491.97,0.0,215397.81,0.7082,0.973,0.083,0.928,0,0.0422,0.935,0.901,0.497,0,8181.41,0.0,0,0,0.0004,0
51243.38,25251.75,3000.0,22991.63,0.0585,146756.94,0.8145,0.973,0.091,0.959,0,0.0414,0.991,0.881,0.4487,0,8243.45,45000.0,1,10,0.0022,0
136906.02,81582.17,4000.0,51323.85,0.0292,208156.04,0.23,0.881,0.132,0.919,0,0.2147,0.844,0.753,0.3749,0,10688.57,72000.0,1,4,0.0044,0
56487.46,28652.73,6000.0,21834.73,0.1062,134684.05,0.6365,0.973,0.094,0.977,0,0.0439,0.978,0.866,0.3865,0,5243.94,90000.0,1,5,0.0072,0
34896.19,22005.47,0.0,12890.71,0.0,71633.27,0.6177,0.882,0.144,0.824,0,0.0234,0.917,0.836,0.3694,0,3387.48,0.0,0,0,0.136,0
51632.35,26061.53,6000.0,19570.82,0.1162,137525.38,0.9777,0.97,0.077,0.934,0,0.0629,0.965,0.857,0.379,0,7271.58,90000.0,1,1,0.0031,0
45360.26,28342.06,2500.0,14518.2,0.0551,79882.39,0.409,0.884,0.138,0.853,0,-0.0877,0.913,0.873,0.3201,0,3377.2,30000.0,0,0,0.2704,0
78277.01,50710.8,4000.0,23566.21,0.0511,118327.88,0.4822,0.835,0.2,0.921,0,0.4561,0.904,0.729,0.3011,0,6193.42,72000.0,0,0,0.0804,0
27618.15,21180.83,8000.0,-1562.67,0.2897,741.34,0.0181,0.911,0.102,0.651,18,-0.1906,0.551,0.526,0.0,1,4416.43,192000.0,0,0,1.0,1
29215.59,18699.16,0.0,10516.44,0.0,53840.87,0.4491,0.903,0.113,0.824,0,0.0358,0.868,0.842,0.36,0,3079.3,0.0,0,0,0.2002,1
63921.17,32468.84,6000.0,25452.33,0.0939,150521.67,0.599,0.974,0.089,0.942,0,0.0552,0.972,0.84,0.3982,0,6991.66,90000.0,1,13,0.0054,0
29703.06,22867.45,12000.0,-5164.39,0.404,607.43,0.0168,0.904,0.108,0.64,24,-0.1624,0.66,0.647,0.0,3,6332.59,288000.0,0,0,1.0,1
85286.83,41862.09,0.0,43424.73,0.0,242658.6,0.4824,0.97,0.096,0.903,0,0.048,0.958,0.766,0.5092,0,8210.78,0.0,0,0,0.0006,0
31238.97,19803.61,2500.0,8935.35,0.08,52929.11,0.547,0.907,0.106,0.845,0,-0.0494,0.879,0.87,0.286,0,4850.81,30000.0,0,0,0.2545,0
69757.66,33977.04,6000.0,29780.63,0.086,188767.4,0.7403,0.974,0.114,0.91,0,0.0314,0.97,0.835,0.4269,0,8464.52,90000.0,1,13,0.0028,0
87988.6,55644.72,4000.0,28343.88,0.0455,134769.19,0.427,0.85,0.166,0.862,0,0.2075,0.957,0.768,0.3221,0,7602.3,72000.0,1,11,0.0524,0
71959.89,44284.8,4000.0,23675.09,0.0556,109485.15,0.4282,0.828,0.22,0.871,0,0.2843,0.838,0.823,0.329,0,10851.29,72000.0,0,0,0.2549,0
95190.32,60337.53,8000.0,26852.79,0.084,130673.45,0.4043,0.862,0.147,0.918,0,0.2212,0.889,0.737,0.2821,0,9313.17,144000.0,0,0,0.0679,0
65136.5,32123.85,0.0,33012.66,0.0,189284.18,0.6492,0.978,0.101,0.963,0,0.0475,0.957,0.9,0.5068,0,7824.88,0.0,0,0,0.0008,0
37108.85,23659.15,1500.0,11949.71,0.0404,65190.23,0.4689,0.894,0.134,0.936,0,-0.1369,0.95,0.894,0.322,0,3359.87,18000.0,0,0,0.1813,1
44013.1,27907.87,1500.0,14605.24,0.0341,72461.89,0.3153,0.886,0.139,0.899,0,0.0455,0.954,0.827,0.3318,0,3630.51,18000.0,0,0,0.1958,0
33956.24,21579.05,2500.0,9877.19,0.0736,57595.59,0.5019,0.908,0.095,0.909,0,0.0372,0.938,0.852,0.2909,0,4166.34,30000.0,0,0,0.1195,0
83588.48,51856.39,8000.0,23732.09,0.0957,105186.29,0.2934,0.851,0.164,0.924,0,0.3083,0.849,0.753,0.2839,0,11336.44,144000.0,1,3,0.1875,0
71902.84,35229.01,0.0,36673.83,0.0,223510.42,0.7517,0.973,0.102,0.97,0,0.0337,0.981,0.781,0.51,0,8265.67,0.0,0,0,0.0004,0
103287.35,64364.08,8000.0,30923.27,0.0775,132377.1,0.2922,0.835,0.192,0.866,0,0.254,0.899,0.844,0.2994,0,7036.37,144000.0,0,0,0.1197,0
28197.06,21280.06,12000.0,-5083.0,0.4256,847.4,0.0177,0.912,0.086,0.774,24,-0.1858,0.586,0.691,0.0,1,6763.71,288000.0,0,0,1.0,1
71335.55,35432.36,3000.0,32903.19,0.0421,199640.94,0.7396,0.975,0.097,0.96,0,0.0562,0.98,0.802,0.4612,0,6962.88,45000.0,0,0,0.0009,0
87678.43,54859.29,12000.0,20819.14,0.1369,104412.85,0.3818,0.824,0.22,0.846,0,0.243,0.865,0.781,0.2374,0,11122.15,216000.0,1,21,0.5464,1
36561.93,27768.88,8000.0,793.04,0.2188,7427.15,0.1406,0.903,0.108,0.621,11,-0.2345,0.716,0.535,0.0217,4,5664.75,192000.0,1,6,1.0,1
33948.06,25988.37,12000.0,-4040.32,0.3535,758.24,0.0147,0.924,0.082,0.714,23,-0.1605,0.619,0.657,0.0,3,5578.72,288000.0,0,0,1.0,1
57911.65,36682.77,0.0,21228.89,0.0,106889.53,0.3607,0.884,0.126,0.855,0,0.0537,0.963,0.919,0.3666,0,3857.44,0.0,0,0,0.0486,0
90347.43,56196.63,16000.0,18150.8,0.1771,82942.74,0.2845,0.804,0.227,0.897,0,0.5,0.919,0.818,0.2009,0,6678.65,288000.0,1,11,0.5543,1
89242.18,55856.76,4000.0,29385.42,0.0448,121272.21,0.2824,0.857,0.162,0.833,0,0.3167,0.906,0.805,0.3293,0,11694.05,72000.0,0,0,0.0728,0
15900.46,11983.69,16000.0,-12083.23,1.0063,500.0,0.0314,0.918,0.079,0.72,24,-0.1393,0.673,0.654,0.0,2,5378.03,384000.0,0,0,1.0,1
17956.28,13490.34,20000.0,-15534.06,1.1138,536.68,0.0278,0.925,0.102,0.654,24,-0.1373,0.552,0.608,0.0,1,5297.11,480000.0,1,13,1.0,1
36590.33,23401.4,0.0,13188.93,0.0,68182.59,0.406,0.896,0.13,0.811,0,-0.0419,0.958,0.91,0.3604,0,3004.71,0.0,0,0,0.1639,0
65098.15,31466.21,3000.0,30631.94,0.0461,189996.77,0.7923,0.971,0.09,0.969,0,0.0635,0.945,0.842,0.4706,0,7006.49,45000.0,0,0,0.0009,0
70422.08,34343.06,0.0,36079.02,0.0,212049.43,0.652,0.971,0.116,0.969,0,0.047,0.989,0.839,0.5123,0,7022.1,0.0,0,0,0.0007,0
20540.25,15963.42,16000.0,-11423.17,0.779,548.2,0.0243,0.915,0.108,0.575,24,-0.2005,0.691,0.651,0.0,1,5566.39,384000.0,0,0,1.0,1
76077.23,37997.9,0.0,38079.33,0.0,226801.57,0.6619,0.974,0.11,0.955,0,0.0393,0.978,0.836,0.5005,0,6216.03,0.0,1,6,0.0005,0
109410.1,68972.73,16000.0,24437.37,0.1462,105402.59,0.2479,0.834,0.188,0.911,0,0.426,0.87,0.726,0.2234,0,9374.76,288000.0,0,0,0.305,0
57255.65,28545.94,0.0,28709.71,0.0,177175.5,0.8338,0.973,0.096,0.956,0,0.0352,0.99,0.806,0.5014,0,8762.74,0.0,0,0,0.0008,0
31724.33,20285.13,3500.0,7939.2,0.1103,50669.91,0.6162,0.905,0.088,0.858,0,-0.0656,0.902,0.96,0.2503,0,4639.03,42000.0,0,0,0.1738,0
86884.9,44191.67,0.0,42693.23,0.0,235451.8,0.4852,0.972,0.094,0.907,0,0.0553,0.959,0.812,0.4914,0,7132.29,0.0,0,0,0.0006,0
25165.55,19207.76,20000.0,-14042.21,0.7947,520.21,0.0199,0.919,0.095,0.626,24,-0.1669,0.688,0.526,0.0,1,6061.07,480000.0,0,0,1.0,1
80869.86,48095.39,4000.0,28774.47,0.0495,128590.76,0.4316,0.846,0.159,0.872,0,0.4885,0.852,0.844,0.3558,0,8205.83,72000.0,1,14,0.0311,0
81368.77,39863.3,0.0,41505.48,0.0,229861.59,0.5333,0.977,0.081,0.922,0,0.0249,0.992,0.786,0.5101,0,7171.2,0.0,1,4,0.0004,0
31636.36,23551.38,16000.0,-7915.03,0.5057,584.04,0.0158,0.923,0.123,0.591,24,-0.1657,0.762,0.733,0.0,2,5884.84,384000.0,0,0,1.0,1
68271.35,33259.8,6000.0,29011.55,0.0879,171721.1,0.5606,0.974,0.086,0.933,0,0.0585,0.988,0.779,0.4249,0,7079.49,90000.0,0,0,0.0038,0
39609.98,24705.66,0.0,14904.32,0.0,77239.14,0.3583,0.908,0.106,0.861,0,0.0061,0.916,0.889,0.3763,0,3424.72,0.0,0,0,0.0964,0
38038.58,28493.79,12000.0,-2455.21,0.3155,609.2,0.0131,0.923,0.081,0.627,19,-0.1452,0.653,0.638,0.0,1,4858.03,288000.0,0,0,0.9999,1
34305.76,22481.93,0.0,11823.83,0.0,66104.16,0.5436,0.881,0.164,0.832,0,-0.1504,0.877,0.853,0.3447,0,3544.9,0.0,0,0,0.3558,1
44194.56,22614.07,3000.0,18580.49,0.0679,126116.68,0.9452,0.969,0.101,0.937,0,0.0603,0.951,0.899,0.4204,0,5672.81,45000.0,1,6,0.0039,0
28195.14,21675.18,8000.0,-1480.04,0.2837,1379.79,0.0177,0.906,0.113,0.779,21,-0.2022,0.642,0.709,0.0,1,6571.0,192000.0,0,0,0.9999,1
20484.77,15772.12,20000.0,-15287.35,0.9763,512.91,0.0244,0.923,0.113,0.613,24,-0.1438,0.6,0.69,0.0,1,5584.99,480000.0,1,12,1.0,1
31319.88,23718.78,12000.0,-4398.9,0.3831,1098.73,0.016,0.915,0.107,0.676,24,-0.1726,0.617,0.527,0.0,2,5756.29,288000.0,1,7,1.0,1
26243.65,19907.39,20000.0,-13663.74,0.7621,524.95,0.0191,0.91,0.103,0.598,24,-0.1403,0.689,0.549,0.0,2,6509.65,480000.0,1,17,1.0,1
21020.12,15792.86,20000.0,-14772.73,0.9515,500.0,0.0238,0.911,0.121,0.609,24,-0.1536,0.539,0.742,0.0,1,6580.09,480000.0,1,34,1.0,1
25638.38,20060.5,8000.0,-2422.13,0.312,1987.99,0.0195,0.919,0.094,0.645,23,-0.1599,0.751,0.653,0.0,4,4974.31,192000.0,1,27,1.0,1
76706.39,39018.56,6000.0,31687.83,0.0782,199985.42,0.7362,0.973,0.088,0.919,0,0.0603,0.978,0.845,0.4131,0,5517.41,90000.0,0,0,0.0012,0
41658.89,27085.04,0.0,14573.86,0.0,77551.51,0.4407,0.883,0.127,0.892,0,-0.0087,0.962,0.93,0.3498,0,4777.62,0.0,0,0,0.0845,1
94664.3,60152.35,4000.0,30511.95,0.0423,144600.73,0.4087,0.862,0.153,0.885,0,0.1523,0.838,0.742,0.3223,0,6386.89,72000.0,1,5,0.0605,0
77131.39,46932.07,12000.0,18199.31,0.1556,97204.2,0.494,0.846,0.155,0.939,0,0.2518,0.828,0.882,0.236,1,6451.27,216000.0,0,0,0.3759,1
52801.48,26207.93,3000.0,23593.55,0.0568,144489.58,0.7105,0.973,0.113,0.979,0,0.054,0.95,0.756,0.4468,0,7749.66,45000.0,1,9,0.006,0
94911.86,47738.25,0.0,47173.61,0.0,256413.5,0.4876,0.972,0.086,0.932,0,0.0593,0.936,0.915,0.497,0,8161.1,0.0,0,0,0.0002,0
25318.85,16182.49,0.0,9136.36,0.0,48939.1,0.4884,0.888,0.13,0.824,0,0.1038,0.888,0.847,0.3609,1,4107.44,0.0,0,0,0.3951,0
55861.28,28161.84,0.0,27699.44,0.0,181204.09,0.932,0.975,0.102,0.978,0,0.0447,0.973,0.776,0.4959,0,5301.7,0.0,0,0,0.0007,0
56589.28,28502.69,0.0,28086.59,0.0,161965.85,0.6165,0.97,0.074,0.928,0,0.0617,0.941,0.845,0.4963,0,7845.72,0.0,0,0,0.0018,0
57039.09,28326.97,0.0,28712.12,0.0,172065.68,0.7288,0.973,0.072,0.954,0,0.0532,0.933,0.8,0.5034,0,6095.38,0.0,0,0,0.0011,0
110192.15,67869.06,12000.0,30323.09,0.1089,139985.39,0.3504,0.857,0.196,0.928,0,0.372,0.917,0.79,0.2752,0,11294.78,216000.0,0,0,0.0693,0
26203.27,20057.16,8000.0,-1853.89,0.3053,716.53,0.0191,0.905,0.111,0.746,22,-0.2298,0.654,0.644,0.0,1,4055.17,192000.0,1,15,0.9999,1
89130.08,43179.22,3000.0,42950.86,0.0337,240472.94,0.5222,0.972,0.093,0.943,0,0.0597,0.978,0.895,0.4819,0,6299.88,45000.0,0,0,0.0004,0
73120.91,44191.91,8000.0,20929.0,0.1094,106295.17,0.405,0.817,0.243,0.938,0,0.4125,0.952,0.76,0.2862,0,8134.58,144000.0,1,15,0.2857,0
79397.78,49735.46,4000.0,25662.32,0.0504,123468.57,0.4991,0.823,0.205,0.904,0,0.3941,0.869,0.8,0.3232,0,9076.31,72000.0,0,0,0.0883,0
72275.01,37565.19,6000.0,28709.82,0.083,170103.12,0.5141,0.976,0.094,0.911,0,0.0484,0.924,0.79,0.3972,0,6274.11,90000.0,0,0,0.0071,0
86855.54,44460.08,3000.0,39395.45,0.0345,218381.01,0.4569,0.971,0.08,0.914,0,0.0601,0.958,0.821,0.4536,0,7459.82,45000.0,1,10,0.001,0
93826.92,58750.9,16000.0,19076.02,0.1705,101760.91,0.4373,0.858,0.185,0.935,0,0.2141,0.927,0.795,0.2033,0,11352.63,288000.0,0,0,0.2783,0
37442.57,23422.47,0.0,14020.1,0.0,73883.64,0.4852,0.882,0.14,0.855,0,0.2949,0.912,0.835,0.3744,0,4149.78,0.0,0,0,0.0801,1
30930.73,19936.06,0.0,10994.67,0.0,57007.85,0.4349,0.905,0.13,0.918,0,0.0144,0.963,0.876,0.3555,1,4588.17,0.0,0,0,0.2346,0
69277.93,34456.95,0.0,34820.99,0.0,205808.27,0.7208,0.975,0.083,0.942,0,0.0505,0.957,0.897,0.5026,0,7912.8,0.0,0,0,0.0004,0
142834.81,87821.88,16000.0,39012.93,0.112,167654.43,0.2832,0.841,0.19,0.855,0,0.2571,0.848,0.741,0.2731,2,7285.13,288000.0,0,0,0.3644,0
73881.75,46946.74,4000.0,22935.02,0.0541,104441.4,0.4187,0.839,0.18,0.846,0,0.4242,0.96,0.89,0.3104,0,7744.1,72000.0,0,0,0.0676,0
39061.2,25385.22,2500.0,11175.97,0.064,60333.32,0.3939,0.917,0.12,0.896,0,0.0822,0.968,0.867,0.2861,0,4579.42,30000.0,0,0,0.1411,0
34009.61,21886.74,2500.0,9622.87,0.0735,56693.28,0.5378,0.891,0.153,0.817,0,-0.0843,0.971,0.902,0.2829,0,4427.06,30000.0,0,0,0.3377,0
97659.67,59252.35,4000.0,34407.32,0.041,144846.0,0.3001,0.88,0.148,0.907,0,0.267,0.857,0.841,0.3523,1,8377.19,72000.0,0,0,0.0556,0
31206.13,20119.82,1500.0,9586.31,0.0481,51070.91,0.4292,0.896,0.15,0.85,0,0.1053,0.886,0.896,0.3072,0,4303.7,18000.0,0,0,0.3135,0
37090.07,23228.61,0.0,13861.46,0.0,74633.96,0.5308,0.887,0.157,0.838,0,-0.0681,0.879,0.896,0.3737,0,3852.1,0.0,0,0,0.2114,0
41648.35,26887.65,0.0,14760.7,0.0,81086.86,0.4844,0.898,0.121,0.895,0,-0.1,0.903,0.919,0.3544,0,3892.96,0.0,0,0,0.0966,0
36262.31,17976.22,0.0,18286.09,0.0,129161.08,1.2533,0.974,0.093,0.934,0,0.058,0.921,0.897,0.5043,0,7174.15,0.0,0,0,0.0009,0
63033.31,30975.93,0.0,32057.38,0.0,196853.03,0.81,0.975,0.089,0.941,0,0.055,0.948,0.761,0.5086,0,8403.7,0.0,1,13,0.0007,0
77396.35,38161.32,0.0,39235.03,0.0,235795.96,0.7399,0.972,0.095,0.972,0,0.0461,0.948,0.859,0.5069,0,7237.67,0.0,0,0,0.0003,0
28753.7,21819.07,20000.0,-13065.37,0.6956,500.0,0.0174,0.911,0.113,0.697,24,-0.1893,0.768,0.624,0.0,4,5266.95,480000.0,0,0,1.0,1
53648.97,33484.23,0.0,20164.73,0.0,99346.24,0.2768,0.889,0.12,0.827,0,-0.2197,0.852,0.891,0.3759,0,4822.77,0.0,0,0,0.2254,1
31329.3,19535.73,2500.0,9293.56,0.0798,54117.35,0.5266,0.901,0.152,0.8,0,-0.0203,0.956,0.824,0.2966,0,3659.41,30000.0,0,0,0.3857,1
61644.84,37842.74,8000.0,15802.11,0.1298,80063.01,0.4166,0.869,0.14,0.878,0,0.2043,0.91,0.74,0.2563,0,11773.84,144000.0,0,0,0.2742,0
48514.56,23065.88,0.0,25448.68,0.0,167133.4,1.0767,0.969,0.078,0.93,0,0.0528,0.935,0.77,0.5246,1,7919.64,0.0,0,0,0.0016,0
33309.07,25484.07,16000.0,-8175.01,0.4803,529.18,0.015,0.901,0.119,0.58,24,-0.2093,0.531,0.682,0.0,2,6379.25,384000.0,0,0,1.0,1
30738.64,19226.07,1500.0,10012.58,0.0488,52279.54,0.444,0.901,0.108,0.83,0,0.1141,0.851,0.891,0.3257,0,4789.53,18000.0,0,0,0.2155,0
46566.47,23681.1,6000.0,16885.37,0.1288,111320.88,0.7262,0.973,0.098,0.923,0,0.045,0.983,0.762,0.3626,0,5777.66,90000.0,1,3,0.02,0
102516.26,64483.19,8000.0,30033.06,0.078,140300.7,0.4123,0.855,0.178,0.865,0,0.3779,0.903,0.85,0.293,0,11152.34,144000.0,1,13,0.0434,0
91961.29,45066.72,0.0,46894.57,0.0,259021.6,0.4922,0.97,0.098,0.966,0,0.0588,0.97,0.764,0.5099,0,5926.78,0.0,0,0,0.0003,0
101422.47,63083.69,4000.0,34338.78,0.0394,154083.9,0.3694,0.855,0.156,0.937,0,0.2824,0.823,0.838,0.3386,0,8334.91,72000.0,1,17,0.0243,0
74196.68,36952.35,6000.0,31244.33,0.0809,179776.88,0.5178,0.972,0.097,0.925,0,0.06,0.988,0.908,0.4211,0,7505.4,90000.0,0,0,0.0028,0
90967.53,55083.32,4000.0,31884.21,0.044,141673.82,0.3474,0.838,0.173,0.861,0,0.3976,0.871,0.844,0.3505,0,8845.96,72000.0,0,0,0.0421,0
72827.41,45211.03,16000.0,11616.38,0.2197,73505.83,0.4838,0.822,0.192,0.862,0,0.3148,0.908,0.754,0.1595,0,8737.1,288000.0,0,0,0.6779,1
62305.27,38776.09,8000.0,15529.18,0.1284,83074.95,0.5059,0.838,0.154,0.838,0,0.3058,0.854,0.85,0.2492,0,6746.65,144000.0,0,0,0.2764,0
37974.93,29301.79,8000.0,673.14,0.2107,5374.56,0.0802,0.921,0.113,0.552,10,-0.2221,0.766,0.557,0.0177,3,4529.78,192000.0,1,15,0.9999,1
69899.87,34632.46,0.0,35267.41,0.0,208247.34,0.7067,0.972,0.108,0.98,0,0.0612,0.953,0.871,0.5045,0,7654.27,0.0,0,0,0.0006,0
58105.38,29139.36,0.0,28966.02,0.0,188314.49,0.9729,0.977,0.088,0.945,0,0.0308,0.931,0.804,0.4985,0,7274.51,0.0,0,0,0.0006,0
122623.37,72704.41,12000.0,37918.96,0.0979,160977.57,0.268,0.84,0.153,0.826,0,0.2837,0.911,0.848,0.3092,0,9100.69,216000.0,0,0,0.0388,0
36006.56,18039.76,0.0,17966.79,0.0,114596.89,0.9134,0.97,0.097,0.94,0,0.0552,0.98,0.751,0.499,0,7679.5,0.0,0,0,0.0037,0
63261.27,32258.23,0.0,31003.04,0.0,186942.03,0.7469,0.974,0.083,0.931,0,0.0354,0.943,0.833,0.4901,0,6737.51,0.0,1,2,0.0009,0
65025.19,39670.15,12000.0,13355.03,0.1845,77420.44,0.4681,0.841,0.16,0.899,0,0.1973,0.894,0.742,0.2054,0,11816.24,216000.0,0,0,0.5001,1
51471.89,25507.85,3000.0,22964.03,0.0583,147866.3,0.8351,0.976,0.095,0.938,0,0.0439,0.974,0.779,0.4461,0,5324.9,45000.0,1,8,0.0032,0
68446.04,34352.11,3000.0,31093.93,0.0438,187082.48,0.6687,0.973,0.089,0.922,0,0.0444,0.928,0.78,0.4543,0,7656.05,45000.0,0,0,0.0021,0
34520.22,21371.5,0.0,13148.72,0.0,69522.6,0.4994,0.894,0.119,0.901,0,-0.0551,0.877,0.859,0.3809,0,3658.06,0.0,0,0,0.1287,0
103741.46,61249.55,8000.0,34491.91,0.0771,147407.49,0.306,0.861,0.145,0.87,0,0.3775,0.956,0.736,0.3325,0,10520.78,144000.0,1,23,0.024,0
46328.55,28759.03,0.0,17569.52,0.0,90370.66,0.4475,0.898,0.127,0.892,0,0.062,0.974,0.942,0.3792,0,3374.95,0.0,0,0,0.0405,0
91377.27,55647.23,16000.0,19730.04,0.1751,97429.37,0.3505,0.849,0.136,0.908,0,0.3573,0.9,0.74,0.2159,0,7588.31,288000.0,0,0,0.2108,1
30466.99,19432.39,0.0,11034.6,0.0,56913.6,0.4432,0.899,0.123,0.871,0,-0.0421,0.957,0.838,0.3622,0,3158.44,0.0,0,0,0.1615,1
87512.78,53338.47,8000.0,26174.31,0.0914,109325.1,0.286,0.832,0.175,0.849,0,0.4011,0.86,0.871,0.2991,0,7179.0,144000.0,1,4,0.1541,1
15893.27,12035.07,12000.0,-8141.8,0.755,671.0,0.0315,0.916,0.122,0.739,24,-0.1484,0.566,0.516,0.0,4,6687.31,288000.0,1,24,1.0,1
79363.2,40265.98,0.0,39097.22,0.0,220984.94,0.5899,0.975,0.085,0.91,0,0.048,0.956,0.81,0.4926,0,7884.84,0.0,0,0,0.0006,0
38772.42,24134.57,0.0,14637.84,0.0,71260.45,0.3676,0.902,0.107,0.813,0,0.0247,0.94,0.943,0.3775,0,4088.8,0.0,0,0,0.0972,0
36446.03,22893.95,0.0,13552.08,0.0,68456.41,0.4136,0.884,0.128,0.873,0,0.0363,0.954,0.845,0.3718,1,4977.6,0.0,0,0,0.2573,1
59717.23,29596.56,6000.0,24120.66,0.1005,146757.98,0.6208,0.975,0.112,0.976,0,0.0495,0.928,0.779,0.4039,0,5980.18,90000.0,0,0,0.0106,0
98961.62,62447.55,4000.0,32514.08,0.0404,135716.7,0.3107,0.838,0.153,0.937,0,0.4695,0.85,0.79,0.3286,0,8751.35,72000.0,1,23,0.0266,0
42102.08,27034.02,3500.0,11568.05,0.0831,55288.26,0.2866,0.889,0.145,0.811,0,0.1477,0.953,0.858,0.2748,0,3775.96,42000.0,0,0,0.3854,1
36849.37,23529.65,2500.0,10819.72,0.0678,59378.19,0.3874,0.9,0.129,0.923,0,-0.0015,0.917,0.866,0.2936,0,3523.98,30000.0,0,0,0.2487,1
64664.49,32132.26,0.0,32532.23,0.0,196352.11,0.7463,0.97,0.087,0.956,0,0.0514,0.995,0.812,0.5031,0,6629.95,0.0,1,1,0.0006,0
84809.89,50922.03,12000.0,21887.85,0.1415,97314.48,0.3439,0.843,0.169,0.912,0,0.4595,0.821,0.86,0.2581,0,6329.88,216000.0,1,21,0.1935,0
69122.64,34872.5,0.0,34250.15,0.0,210872.9,0.7721,0.974,0.099,0.915,0,0.0524,0.959,0.863,0.4955,0,7648.28,0.0,0,0,0.0006,0
68638.75,33881.68,0.0,34757.07,0.0,207030.86,0.6929,0.973,0.09,0.912,0,0.056,0.953,0.769,0.5064,0,6454.97,0.0,0,0,0.0008,0
67738.3,42553.76,16000.0,9184.54,0.2362,59458.29,0.4835,0.847,0.158,0.929,0,0.3365,0.886,0.865,0.1356,0,7600.37,288000.0,0,0,0.5,0
46308.99,29226.86,1500.0,15582.13,0.0324,78237.39,0.3834,0.87,0.134,0.841,0,0.0941,0.899,0.836,0.3365,0,3900.06,18000.0,0,0,0.1995,0
35548.11,26498.12,16000.0,-6950.0,0.4501,877.09,0.0141,0.92,0.094,0.708,24,-0.1909,0.568,0.506,0.0,3,6558.51,384000.0,1,23,1.0,1
40828.39,25807.33,1500.0,13521.06,0.0367,68862.58,0.3584,0.887,0.13,0.837,0,0.0856,0.87,0.944,0.3312,0,3424.15,18000.0,0,0,0.2133,0
61731.01,30685.12,0.0,31045.89,0.0,191486.38,0.8017,0.972,0.091,0.963,0,0.0461,0.972,0.757,0.5029,0,6156.19,0.0,1,13,0.0007,0
71616.43,36212.78,3000.0,32403.66,0.0419,195891.46,0.6956,0.974,0.099,0.919,0,0.0542,0.93,0.842,0.4525,0,8881.52,45000.0,1,4,0.0015,0
46207.99,29459.94,0.0,16748.05,0.0,88803.3,0.4378,0.928,0.119,0.867,0,0.0639,0.854,0.921,0.3624,0,4573.62,0.0,0,0,0.0638,0
69351.3,34800.9,3000.0,31550.4,0.0433,179935.35,0.543,0.975,0.077,0.905,0,0.0515,0.943,0.81,0.4549,0,6571.29,45000.0,1,3,0.0024,0
42005.77,27436.98,1500.0,13068.79,0.0357,70903.65,0.4776,0.904,0.146,0.812,0,0.0238,0.882,0.911,0.3111,0,4624.46,18000.0,0,0,0.22,1
66239.38,35230.93,3000.0,28008.46,0.0453,173036.11,0.7113,0.975,0.07,0.956,0,0.0465,0.961,0.829,0.4228,0,8542.72,45000.0,1,1,0.0014,0
64440.14,40368.32,8000.0,16071.82,0.1241,77541.53,0.423,0.836,0.167,0.943,0,0.5,0.874,0.831,0.2494,0,11099.2,144000.0,0,0,0.1789,1
84592.81,41911.25,3000.0,39681.56,0.0355,234724.91,0.6391,0.974,0.104,0.936,0,0.043,0.967,0.878,0.4691,0,8959.79,45000.0,1,8,0.0005,0
147021.19,90850.51,16000.0,40170.68,0.1088,180470.33,0.3135,0.855,0.166,0.912,0,0.2976,0.827,0.811,0.2732,0,9765.39,288000.0,1,5,0.03,0
35479.71,22438.24,3500.0,9541.47,0.0986,55687.77,0.4865,0.909,0.122,0.852,0,-0.0056,0.882,0.957,0.2689,0,3053.41,42000.0,0,0,0.272,0
44744.02,28723.34,1500.0,14520.68,0.0335,70656.79,0.3229,0.883,0.153,0.818,0,0.1094,0.905,0.878,0.3245,0,4978.23,18000.0,0,0,0.283,1
58966.4,30854.56,3000.0,25111.85,0.0509,152603.1,0.6156,0.971,0.099,0.939,0,0.0645,0.974,0.855,0.4259,0,5899.75,45000.0,1,12,0.0042,0
33747.68,21447.29,3500.0,8800.39,0.1037,55418.0,0.5515,0.885,0.156,0.845,0,0.0928,0.93,0.86,0.2608,0,4446.25,42000.0,0,0,0.3491,0
95768.4,59927.44,16000.0,19840.96,0.1671,106214.53,0.3834,0.868,0.198,0.883,0,0.2128,0.938,0.763,0.2072,0,7010.39,288000.0,0,0,0.3662,0
30529.91,19633.78,1500.0,9396.13,0.0491,51052.39,0.453,0.903,0.116,0.867,0,0.0498,0.95,0.954,0.3078,0,4906.11,18000.0,0,0,0.148,0
45433.38,34560.36,16000.0,-5126.98,0.3522,726.13,0.011,0.896,0.128,0.776,24,-0.2454,0.645,0.561,0.0,2,6569.42,384000.0,1,20,1.0,1
25524.28,16265.14,0.0,9259.14,0.0,57459.59,0.7618,0.896,0.138,0.926,0,-0.1127,0.934,0.935,0.3628,0,3829.04,0.0,0,0,0.0797,0
52778.13,25670.57,3000.0,24107.56,0.0568,154718.58,0.8471,0.973,0.095,0.926,0,0.0556,0.989,0.785,0.4568,0,5500.35,45000.0,0,0,0.0025,0
31942.99,23904.92,8000.0,38.06,0.2504,4058.18,0.0895,0.919,0.082,0.692,13,-0.1445,0.588,0.697,0.0012,3,4709.05,192000.0,0,0,0.9999,1
34843.24,21649.21,1500.0,11694.03,0.043,66463.66,0.5825,0.899,0.138,0.927,0,0.1294,0.88,0.939,0.3356,0,4682.02,18000.0,0,0,0.0919,0
34970.2,27167.66,8000.0,-197.46,0.2288,5692.43,0.1227,0.919,0.102,0.638,16,-0.1773,0.761,0.603,0.0,4,6563.03,192000.0,1,9,1.0,1
81716.42,40745.25,0.0,40971.17,0.0,240662.09,0.6476,0.975,0.094,0.91,0,0.0526,0.993,0.848,0.5014,0,5092.37,0.0,0,0,0.0003,0
109936.83,69493.47,4000.0,36443.36,0.0364,160414.28,0.3704,0.855,0.191,0.928,0,0.3254,0.855,0.799,0.3315,0,8295.84,72000.0,0,0,0.0275,0
75157.52,36896.98,3000.0,35260.54,0.0399,214797.08,0.7612,0.973,0.088,0.976,0,0.0519,0.922,0.853,0.4692,0,7072.85,45000.0,1,12,0.0006,0
29382.28,19052.99,0.0,10329.29,0.0,58951.51,0.6174,0.897,0.126,0.918,0,0.0355,0.911,0.829,0.3515,0,3487.49,0.0,0,0,0.0937,1
49927.35,30509.65,0.0,19417.71,0.0,101730.12,0.4115,0.875,0.154,0.803,0,-0.0905,0.934,0.861,0.3889,0,4771.13,0.0,0,0,0.1721,1
39628.89,25450.72,2500.0,11678.17,0.0631,59212.48,0.3057,0.9,0.139,0.893,0,0.022,0.921,0.857,0.2947,1,3714.36,30000.0,0,0,0.5275,0
26148.98,19864.92,12000.0,-5715.94,0.4589,534.91,0.0191,0.895,0.143,0.664,24,-0.2184,0.596,0.663,0.0,1,6707.27,288000.0,0,0,1.0,1
42142.8,26587.17,1500.0,14055.63,0.0356,69433.8,0.3484,0.898,0.14,0.927,0,0.0027,0.964,0.831,0.3335,0,3289.22,18000.0,0,0,0.173,0
113974.64,69734.19,12000.0,32240.45,0.1053,143818.75,0.3157,0.88,0.159,0.924,0,0.2024,0.831,0.881,0.2829,0,6557.61,216000.0,0,0,0.0583,1
46678.01,23879.96,0.0,22798.05,0.0,149375.39,0.9704,0.972,0.095,0.907,0,0.0386,0.925,0.915,0.4884,0,8344.07,0.0,0,0,0.0014,0
29896.77,23057.71,8000.0,-1160.93,0.2676,796.24,0.0167,0.908,0.137,0.638,20,-0.1686,0.538,0.692,0.0,4,6888.78,192000.0,0,0,1.0,1
37153.94,23096.07,1500.0,12557.87,0.0404,66566.87,0.4337,0.895,0.13,0.842,0,-0.1772,0.875,0.911,0.338,0,3809.04,18000.0,0,0,0.3266,0
45510.47,29356.55,1500.0,14653.92,0.033,76184.47,0.3787,0.897,0.131,0.862,0,-0.1193,0.962,0.86,0.322,0,4769.46,18000.0,0,0,0.2006,0
69031.97,35433.54,0.0,33598.43,0.0,190562.55,0.5818,0.976,0.087,0.977,0,0.0469,0.98,0.856,0.4867,0,6106.32,0.0,0,0,0.0008,0
83020.35,50728.14,4000.0,28292.21,0.0482,130934.33,0.4286,0.87,0.179,0.882,0,0.1916,0.875,0.765,0.3408,0,11037.71,72000.0,0,0,0.0794,0
58171.89,27760.24,0.0,30411.65,0.0,175470.25,0.6477,0.974,0.068,0.94,0,0.0475,0.944,0.88,0.5228,0,6932.0,0.0,0,0,0.0009,0
47724.9,24491.52,0.0,23233.38,0.0,141322.43,0.8162,0.974,0.069,0.935,0,0.0554,0.99,0.798,0.4868,0,6767.42,0.0,0,0,0.0014,0
42493.45,26275.15,3500.0,12718.3,0.0824,68409.26,0.3122,0.887,0.113,0.839,0,-0.0897,0.917,0.857,0.2993,0,4137.04,42000.0,0,0,0.3703,1
62845.76,31073.23,0.0,31772.53,0.0,191897.88,0.7274,0.975,0.099,0.971,0,0.0523,0.999,0.844,0.5056,0,7371.18,0.0,0,0,0.0006,0
31080.61,19112.73,1500.0,10467.87,0.0483,60106.18,0.6156,0.888,0.13,0.863,0,0.1154,0.948,0.874,0.3368,0,4640.38,18000.0,0,0,0.1114,0
35481.52,22247.71,0.0,13233.81,0.0,67630.25,0.4394,0.888,0.15,0.875,0,0.1237,0.939,0.824,0.373,0,3755.4,0.0,0,0,0.1435,0
41760.73,25570.01,4000.0,12190.72,0.0958,64395.15,0.5418,0.828,0.185,0.881,0,0.3573,0.841,0.74,0.2919,0,10753.03,72000.0,1,11,0.4227,0
69817.25,36105.03,0.0,33712.22,0.0,198240.35,0.6418,0.974,0.065,0.952,0,0.0546,0.992,0.906,0.4829,0,5396.15,0.0,0,0,0.0004,0
62103.73,31449.59,0.0,30654.15,0.0,181733.35,0.7038,0.97,0.08,0.951,0,0.0693,0.976,0.804,0.4936,0,7909.54,0.0,0,0,0.0008,0
33122.12,21175.49,1500.0,10446.62,0.0453,57234.31,0.4502,0.913,0.114,0.832,0,0.1805,0.897,0.898,0.3154,1,4406.58,18000.0,0,0,0.2706,0
49483.85,30313.14,1500.0,17670.71,0.0303,87088.31,0.319,0.877,0.13,0.871,0,0.0951,0.969,0.848,0.3571,0,3765.81,18000.0,0,0,0.114,0
94430.34,57480.9,12000.0,24949.45,0.1271,109358.33,0.307,0.828,0.166,0.834,0,0.3834,0.83,0.842,0.2642,0,9062.73,216000.0,0,0,0.2343,1
34213.29,21451.99,1500.0,11261.29,0.0438,60749.73,0.4019,0.89,0.141,0.872,0,0.0639,0.954,0.925,0.3291,0,4005.57,18000.0,0,0,0.1956,1
46432.26,23133.29,3000.0,20298.97,0.0646,138186.45,1.0204,0.972,0.08,0.916,0,0.0364,0.936,0.781,0.4372,0,5198.12,45000.0,0,0,0.0028,0
96639.79,59732.38,4000.0,32907.41,0.0414,143719.01,0.326,0.839,0.185,0.838,0,0.3687,0.935,0.81,0.3405,0,8081.13,72000.0,1,23,0.0453,0
66075.84,42669.07,8000.0,15406.77,0.1211,77883.85,0.3609,0.841,0.168,0.889,0,0.2663,0.847,0.818,0.2332,0,8976.38,144000.0,0,0,0.424,0
41638.22,26107.57,2500.0,13030.65,0.06,70408.1,0.3977,0.885,0.14,0.896,0,-0.107,0.869,0.924,0.3129,0,3777.98,30000.0,0,0,0.3237,1
35158.9,22534.82,1500.0,11124.08,0.0427,60311.61,0.4124,0.901,0.109,0.919,0,-0.1592,0.88,0.941,0.3164,0,4942.53,18000.0,0,0,0.2175,0
66122.71,33912.41,3000.0,29210.3,0.0454,187782.7,0.8243,0.972,0.112,0.97,0,0.0513,0.949,0.787,0.4418,0,6165.53,45000.0,0,0,0.0015,0
42983.86,27694.95,1500.0,13788.91,0.0349,69090.18,0.3812,0.887,0.123,0.842,0,0.0906,0.945,0.954,0.3208,0,3860.2,18000.0,0,0,0.1274,0
114833.2,70195.39,8000.0,36637.81,0.0697,160541.5,0.2903,0.858,0.181,0.852,0,0.2861,0.837,0.886,0.3191,2,6738.32,144000.0,0,0,0.2193,0
69763.8,43818.65,12000.0,13945.15,0.172,78701.44,0.4744,0.868,0.169,0.854,0,0.4087,0.944,0.839,0.1999,1,8626.29,216000.0,1,9,0.4362,1
116120.46,69842.75,8000.0,38277.7,0.0689,164155.12,0.2524,0.865,0.163,0.887,0,0.3696,0.893,0.829,0.3296,1,6292.28,144000.0,0,0,0.0484,0
44531.45,28117.04,2500.0,13914.41,0.0561,75406.31,0.4614,0.898,0.112,0.869,0,-0.0485,0.92,0.825,0.3125,0,4701.73,30000.0,0,0,0.1641,0
73225.07,36571.06,0.0,36654.0,0.0,212453.35,0.6189,0.971,0.093,0.964,0,0.0619,0.93,0.807,0.5006,0,8040.47,0.0,0,0,0.0007,0
29896.03,22397.19,12000.0,-4501.16,0.4014,589.5,0.0167,0.905,0.118,0.754,24,-0.223,0.603,0.653,0.0,1,6825.57,288000.0,0,0,1.0,1
53418.92,26185.9,0.0,27233.02,0.0,160854.96,0.731,0.971,0.101,0.909,0,0.0499,0.951,0.895,0.5098,0,7794.49,0.0,1,5,0.0019,0
108404.59,66548.76,4000.0,37855.83,0.0369,174397.09,0.4445,0.867,0.153,0.904,0,0.3176,0.881,0.747,0.3492,0,11783.3,72000.0,1,5,0.0103,0
26602.97,20278.44,16000.0,-9675.48,0.6014,500.0,0.0188,0.917,0.106,0.551,24,-0.1253,0.607,0.552,0.0,1,5834.61,384000.0,1,7,1.0,1
87449.61,52596.02,8000.0,26853.59,0.0915,124747.14,0.37,0.857,0.159,0.879,0,0.3687,0.91,0.842,0.3071,1,9478.78,144000.0,0,0,0.1259,0
29086.94,22332.71,12000.0,-5245.77,0.4126,884.72,0.0172,0.921,0.084,0.616,24,-0.1589,0.552,0.733,0.0,3,4450.7,288000.0,0,0,1.0,1
88944.5,55449.84,12000.0,21494.66,0.1349,107288.91,0.4258,0.836,0.151,0.848,0,0.3188,0.828,0.746,0.2417,0,10046.72,216000.0,0,0,0.2485,0
77088.33,38739.77,3000.0,35348.56,0.0389,211582.01,0.6308,0.971,0.097,0.912,0,0.0601,0.982,0.757,0.4585,0,5453.64,45000.0,0,0,0.0012,0
74248.96,37922.33,0.0,36326.64,0.0,221641.31,0.7634,0.972,0.078,0.943,0,0.0633,0.951,0.758,0.4893,0,7896.56,0.0,0,0,0.0004,0
38155.19,29291.04,16000.0,-7135.85,0.4193,535.08,0.0131,0.914,0.117,0.672,24,-0.1316,0.712,0.575,0.0,2,4239.28,384000.0,1,8,1.0,1
75787.55,47566.6,8000.0,20220.95,0.1056,92349.35,0.3412,0.858,0.134,0.886,0,0.3245,0.908,0.77,0.2668,0,8269.46,144000.0,0,0,0.1386,0
64551.75,33320.04,6000.0,25231.71,0.0929,162382.9,0.737,0.978,0.074,0.978,0,0.043,0.996,0.899,0.3909,0,7060.51,90000.0,0,0,0.0017,0
25730.96,19748.96,12000.0,-6018.0,0.4664,510.36,0.0194,0.918,0.122,0.645,24,-0.167,0.604,0.548,0.0,2,5568.15,288000.0,1,27,1.0,1
74126.19,46637.14,12000.0,15489.05,0.1619,88569.43,0.4919,0.862,0.178,0.855,0,0.3682,0.856,0.794,0.209,0,11690.68,216000.0,1,8,0.3421,1
80933.14,52223.91,4000.0,24709.22,0.0494,125344.28,0.4976,0.857,0.193,0.931,0,0.1503,0.946,0.793,0.3053,0,9447.55,72000.0,1,17,0.076,0
29965.26,23244.17,12000.0,-5278.92,0.4005,719.62,0.0167,0.905,0.102,0.582,24,-0.2221,0.637,0.632,0.0,1,4034.98,288000.0,0,0,1.0,1
83201.96,40733.33,0.0,42468.63,0.0,234722.49,0.4974,0.977,0.085,0.965,0,0.0539,0.987,0.82,0.5104,0,5014.66,0.0,0,0,0.0003,0
37415.15,23305.83,3500.0,10609.32,0.0935,58882.13,0.4362,0.9,0.117,0.85,0,-0.1012,0.937,0.943,0.2836,0,3901.89,42000.0,0,0,0.2809,0
41335.36,25199.0,0.0,16136.36,0.0,83842.35,0.4485,0.904,0.13,0.869,0,-0.0858,0.919,0.847,0.3904,0,4975.03,0.0,0,0,0.1195,0
22827.76,17244.15,12000.0,-6416.39,0.5257,587.26,0.0219,0.914,0.099,0.586,24,-0.1784,0.712,0.547,0.0,1,6126.29,288000.0,1,22,1.0,1
32159.33,20317.74,0.0,11841.59,0.0,63794.31,0.5191,0.906,0.122,0.834,0,-0.0286,0.911,0.837,0.3682,0,3669.45,0.0,0,0,0.1475,0
40921.38,26483.83,0.0,14437.55,0.0,73917.88,0.4202,0.892,0.132,0.83,0,-0.0111,0.935,0.946,0.3528,0,4944.73,0.0,0,0,0.1279,0
64367.5,32065.07,0.0,32302.43,0.0,196993.38,0.7698,0.976,0.097,0.941,0,0.0536,0.926,0.787,0.5018,0,8989.74,0.0,0,0,0.0009,0
24034.73,15070.26,0.0,8964.47,0.0,51170.78,0.6616,0.895,0.146,0.903,0,0.0865,0.908,0.841,0.373,0,4960.41,0.0,0,0,0.1186,0
46256.4,29584.16,0.0,16672.24,0.0,83727.98,0.3712,0.885,0.17,0.931,0,-0.0094,0.919,0.9,0.3604,0,3299.77,0.0,0,0,0.1592,1
66593.13,40234.32,12000.0,14358.81,0.1802,84221.04,0.55,0.842,0.202,0.824,0,0.4159,0.883,0.766,0.2156,0,11507.96,216000.0,1,21,0.4699,0
39105.71,25135.22,2500.0,11470.49,0.0639,55861.47,0.2914,0.902,0.121,0.921,0,0.2277,0.893,0.928,0.2933,0,4154.78,30000.0,0,0,0.1622,0
33630.85,25512.2,20000.0,-11881.35,0.5947,529.79,0.0149,0.917,0.095,0.695,24,-0.2073,0.554,0.576,0.0,2,6916.9,480000.0,0,0,1.0,1
55156.9,35236.92,12000.0,7919.98,0.2176,49897.06,0.4149,0.846,0.186,0.88,0,0.3096,0.915,0.779,0.1436,0,7915.0,216000.0,0,0,0.7412,1
38492.75,24622.67,0.0,13870.08,0.0,75920.69,0.5018,0.883,0.154,0.846,0,0.0216,0.851,0.892,0.3603,0,4846.21,0.0,0,0,0.1998,0
82969.22,52099.93,12000.0,18869.28,0.1446,102653.96,0.4924,0.847,0.173,0.923,0,0.331,0.826,0.73,0.2274,0,7215.76,216000.0,1,19,0.2616,0
87435.0,57204.09,8000.0,22230.9,0.0915,101106.91,0.3289,0.823,0.2,0.914,0,0.3345,0.85,0.778,0.2543,0,11071.64,144000.0,1,21,0.3088,1
43319.7,22069.15,3000.0,18250.55,0.0693,121298.29,0.8751,0.976,0.089,0.957,0,0.0403,0.922,0.83,0.4213,0,7557.66,45000.0,0,0,0.0056,0
79219.01,40034.14,0.0,39184.87,0.0,234482.9,0.7006,0.972,0.093,0.953,0,0.0505,0.939,0.867,0.4946,0,6263.74,0.0,0,0,0.0003,0
37879.8,23829.72,0.0,14050.08,0.0,77079.55,0.5259,0.883,0.151,0.924,0,-0.0967,0.928,0.854,0.3709,0,3369.66,0.0,0,0,0.1422,0
70395.84,43415.65,4000.0,22980.19,0.0568,99613.57,0.3672,0.855,0.157,0.946,0,0.3241,0.831,0.751,0.3264,0,8992.11,72000.0,0,0,0.114,0
100185.08,62864.6,12000.0,25320.48,0.1198,117492.09,0.3503,0.837,0.213,0.919,0,0.4373,0.831,0.73,0.2527,0,9561.4,216000.0,0,0,0.2537,0
53347.95,26499.97,6000.0,20847.98,0.1125,142060.63,0.9514,0.972,0.1,0.958,0,0.0324,0.944,0.809,0.3908,0,6764.77,90000.0,0,0,0.0047,0
33022.39,25422.32,8000.0,-399.93,0.2423,3316.15,0.0602,0.939,0.077,0.753,15,-0.0984,0.526,0.615,0.0,2,4475.64,192000.0,0,0,0.9998,1
79737.19,39764.29,3000.0,36972.9,0.0376,215218.76,0.5985,0.973,0.092,0.92,0,0.0338,0.927,0.9,0.4637,0,5457.34,45000.0,1,7,0.001,0
45503.64,28769.65,0.0,16733.99,0.0,86336.51,0.3969,0.895,0.138,0.929,0,0.0593,0.934,0.931,0.3678,0,3203.14,0.0,0,0,0.0663,0
62458.37,38538.58,12000.0,11919.79,0.1921,68477.01,0.4133,0.847,0.174,0.861,0,0.3247,0.951,0.793,0.1908,0,9995.17,216000.0,0,0,0.5033,0
37311.33,23339.91,0.0,13971.42,0.0,72430.61,0.4433,0.903,0.113,0.817,0,0.0901,0.897,0.864,0.3745,0,4848.26,0.0,0,0,0.1055,0
111629.18,69574.37,8000.0,34054.81,0.0717,147057.46,0.2512,0.862,0.147,0.943,0,0.2908,0.945,0.767,0.3051,0,11476.6,144000.0,1,4,0.0264,0
33050.21,21065.88,3500.0,8484.33,0.1059,47746.62,0.3869,0.905,0.111,0.847,0,-0.0465,0.894,0.918,0.2567,0,3419.56,42000.0,0,0,0.3991,0
33573.05,20829.58,2500.0,10243.47,0.0745,57091.8,0.4624,0.89,0.137,0.907,0,0.0211,0.863,0.958,0.3051,0,3264.17,30000.0,0,0,0.2671,0
33347.48,21318.78,1500.0,10528.7,0.045,57945.13,0.4548,0.881,0.142,0.894,0,-0.2107,0.917,0.868,0.3157,1,4265.86,18000.0,0,0,0.6023,0
41452.85,26472.08,0.0,14980.77,0.0,79628.31,0.4371,0.896,0.135,0.924,0,0.0757,0.92,0.932,0.3614,0,3477.06,0.0,0,0,0.0707,0
64821.7,32568.3,6000.0,26253.4,0.0926,162364.36,0.667,0.977,0.098,0.976,0,0.0311,0.971,0.889,0.405,0,8990.92,90000.0,1,12,0.0033,0
29215.09,23040.38,20000.0,-13825.29,0.6846,605.93,0.0171,0.904,0.107,0.605,24,-0.2077,0.695,0.744,0.0,1,5093.41,480000.0,0,0,1.0,1
46626.26,35125.73,16000.0,-4499.47,0.3432,533.08,0.0107,0.917,0.117,0.664,24,-0.1697,0.532,0.619,0.0,1,5592.05,384000.0,1,9,1.0,1
63653.3,32047.24,3000.0,28606.06,0.0471,183560.69,0.8804,0.974,0.079,0.948,0,0.0472,0.978,0.789,0.4494,0,5038.47,45000.0,0,0,0.0008,0
41882.03,25560.59,3500.0,12821.44,0.0836,66220.24,0.2897,0.886,0.124,0.833,0,-0.0044,0.918,0.909,0.3061,0,3093.26,42000.0,0,0,0.3516,0
32453.76,20702.52,0.0,11751.25,0.0,68894.9,0.6154,0.903,0.103,0.833,0,-0.0829,0.932,0.897,0.3621,0,3130.54,0.0,0,0,0.0791,1
39283.36,20084.5,0.0,19198.87,0.0,140155.25,1.3414,0.976,0.085,0.907,0,0.0432,0.944,0.828,0.4887,0,6814.04,0.0,0,0,0.0006,0
42334.8,27126.69,0.0,15208.11,0.0,77507.43,0.4119,0.898,0.106,0.9,0,0.0077,0.923,0.91,0.3592,0,4836.95,0.0,0,0,0.0684,0
45440.09,28689.4,0.0,16750.7,0.0,85938.43,0.3882,0.898,0.148,0.821,0,0.0688,0.926,0.928,0.3686,0,3976.75,0.0,0,0,0.1165,0
117981.25,74432.16,4000.0,39549.09,0.0339,176039.42,0.3163,0.851,0.2,0.921,0,0.2708,0.89,0.828,0.3352,0,10107.39,72000.0,0,0,0.0238,0
77619.48,38612.97,0.0,39006.51,0.0,237327.89,0.7529,0.977,0.099,0.953,0,0.0384,0.975,0.908,0.5025,0,6507.38,0.0,0,0,0.0002,0
48700.71,30454.6,0.0,18246.11,0.0,93996.68,0.4283,0.9,0.136,0.909,0,-0.0921,0.925,0.834,0.3747,0,4244.38,0.0,0,0,0.0971,0
42593.06,27212.42,1500.0,13880.64,0.0352,71807.37,0.3379,0.891,0.131,0.854,0,-0.0698,0.892,0.862,0.3259,0,3821.72,18000.0,0,0,0.2956,0
29452.95,18456.5,0.0,10996.45,0.0,57767.74,0.5147,0.89,0.114,0.815,0,-0.0341,0.934,0.916,0.3734,1,3679.24,0.0,0,0,0.2741,0
73321.91,36492.12,3000.0,33829.79,0.0409,203230.03,0.6542,0.974,0.103,0.959,0,0.0369,0.981,0.864,0.4614,0,6391.51,45000.0,0,0,0.001,0
29386.35,22425.96,8000.0,-1039.61,0.2722,1901.5,0.017,0.91,0.117,0.563,16,-0.2172,0.73,0.733,0.0,2,5430.92,192000.0,1,26,0.9999,1
47242.01,35872.83,16000.0,-4630.82,0.3387,1048.56,0.0106,0.9,0.098,0.653,21,-0.251,0.77,0.526,0.0,1,5733.1,384000.0,1,27,1.0,1
29471.71,22248.64,16000.0,-8776.92,0.5429,819.32,0.017,0.91,0.102,0.577,24,-0.2207,0.617,0.649,0.0,2,5640.4,384000.0,1,34,1.0,1
34935.96,21728.61,2500.0,10707.35,0.0716,62133.12,0.5366,0.895,0.122,0.841,0,0.0382,0.884,0.824,0.3065,0,4130.14,30000.0,0,0,0.2423,0
66397.54,33774.99,6000.0,26622.55,0.0904,166591.74,0.6458,0.973,0.107,0.93,0,0.0329,0.988,0.866,0.401,0,7476.81,90000.0,1,13,0.0045,0
96016.76,49357.4,0.0,46659.36,0.0,264288.88,0.5519,0.97,0.089,0.954,0,0.0526,0.998,0.871,0.486,0,6101.89,0.0,0,0,0.0001,0
64055.95,31704.7,0.0,32351.25,0.0,199469.81,0.8099,0.973,0.107,0.94,0,0.0404,0.925,0.756,0.505,0,6584.67,0.0,1,6,0.001,0
88621.47,53876.52,8000.0,26744.95,0.0903,125140.36,0.3861,0.857,0.175,0.94,0,0.3081,0.878,0.786,0.3018,0,6135.1,144000.0,1,15,0.0828,1
37625.45,28376.01,8000.0,1249.44,0.2126,7669.4,0.1244,0.927,0.093,0.709,7,-0.1468,0.59,0.623,0.0332,1,5797.21,192000.0,1,32,0.9984,1
37913.59,23773.09,1500.0,12640.5,0.0396,64936.17,0.3361,0.893,0.126,0.834,0,0.0567,0.948,0.903,0.3334,0,3635.7,18000.0,0,0,0.2021,0
107498.59,66945.42,12000.0,28553.17,0.1116,136992.6,0.3687,0.841,0.188,0.897,0,0.2152,0.955,0.889,0.2656,0,8237.82,216000.0,0,0,0.0885,0
61569.5,31366.86,0.0,30202.64,0.0,185531.85,0.7871,0.977,0.091,0.917,0,0.0234,0.986,0.751,0.4905,0,6368.6,0.0,0,0,0.001,0
59768.63,29827.07,3000.0,26941.56,0.0502,170909.37,0.8106,0.976,0.092,0.908,0,0.0488,0.966,0.812,0.4508,0,6455.36,45000.0,0,0,0.0019,0
118008.23,74325.85,16000.0,27682.38,0.1356,122381.53,0.2592,0.859,0.165,0.932,0,0.3228,0.877,0.837,0.2346,0,9305.64,288000.0,1,9,0.1178,0
54097.05,27321.13,0.0,26775.91,0.0,167595.6,0.8921,0.973,0.092,0.963,0,0.0692,0.997,0.854,0.495,0,6229.53,0.0,0,0,0.0006,0
38688.57,24117.68,2500.0,12070.89,0.0646,67424.77,0.465,0.882,0.148,0.856,0,0.0471,0.896,0.934,0.312,0,4058.98,30000.0,0,0,0.2554,1
32896.99,21153.05,0.0,11743.94,0.0,65287.54,0.5694,0.926,0.107,0.931,0,-0.061,0.904,0.917,0.357,0,3480.66,0.0,0,0,0.0587,0
54429.93,27393.71,3000.0,24036.21,0.0551,152227.87,0.7895,0.973,0.107,0.926,0,0.0524,0.936,0.819,0.4416,0,7946.41,45000.0,0,0,0.0043,0
45971.16,28867.26,0.0,17103.9,0.0,85883.04,0.3301,0.88,0.123,0.886,0,-0.1797,0.916,0.955,0.3721,0,3642.18,0.0,0,0,0.1518,0
72526.18,36913.26,0.0,35612.92,0.0,218665.45,0.7449,0.975,0.087,0.935,0,0.0298,0.981,0.918,0.491,0,7130.98,0.0,1,3,0.0003,0
44147.94,27736.88,0.0,16411.06,0.0,82476.46,0.3466,0.901,0.141,0.905,0,0.0098,0.954,0.939,0.3717,0,4482.55,0.0,0,0,0.0908,0
29645.29,18843.77,1500.0,9301.52,0.0506,53906.71,0.547,0.887,0.141,0.918,0,-0.0676,0.947,0.829,0.3138,0,3585.4,18000.0,0,0,0.2439,0
83515.43,52936.07,8000.0,22579.36,0.0958,116556.07,0.4751,0.861,0.163,0.936,0,0.1752,0.956,0.872,0.2704,1,10116.95,144000.0,0,0,0.1445,1
68119.3,34188.55,0.0,33930.75,0.0,195125.31,0.6028,0.974,0.072,0.955,0,0.0357,0.964,0.893,0.4981,0,5573.4,0.0,0,0,0.0006,0
59110.95,28964.57,3000.0,27146.37,0.0508,173502.04,0.8001,0.97,0.11,0.906,0,0.0518,0.946,0.811,0.4592,0,7658.45,45000.0,1,3,0.0029,0
73522.48,46296.1,12000.0,15226.38,0.1632,87272.11,0.5216,0.837,0.185,0.832,0,0.3488,0.876,0.762,0.2071,0,8468.99,216000.0,1,4,0.431,0
66221.42,41361.08,8000.0,16860.34,0.1208,87122.65,0.4385,0.86,0.187,0.948,0,0.2307,0.92,0.814,0.2546,1,7033.75,144000.0,1,16,0.4374,0
97198.41,61628.92,8000.0,27569.49,0.0823,120578.49,0.3089,0.867,0.163,0.943,0,0.252,0.825,0.878,0.2836,0,6080.1,144000.0,0,0,0.0875,0
33860.76,25934.32,8000.0,-73.56,0.2363,4633.81,0.108,0.931,0.1,0.593,13,-0.1598,0.557,0.583,0.0,2,6567.5,192000.0,1,29,0.9999,1
44675.01,28075.26,1500.0,15099.74,0.0336,77475.22,0.3582,0.883,0.146,0.83,0,0.0207,0.908,0.869,0.338,1,4134.03,18000.0,0,0,0.4486,0
42734.85,27763.41,0.0,14971.44,0.0,75333.89,0.3623,0.896,0.122,0.882,0,-0.0675,0.976,0.933,0.3503,0,3644.47,0.0,0,0,0.1007,0
33313.5,21458.86,2500.0,9354.64,0.075,53685.06,0.4256,0.891,0.127,0.861,0,0.0907,0.859,0.907,0.2808,0,3072.75,30000.0,0,0,0.3126,0
35181.6,26621.17,8000.0,560.43,0.2274,5813.56,0.1138,0.91,0.11,0.579,10,-0.1367,0.651,0.65,0.0159,4,4822.86,192000.0,0,0,1.0,1
43165.65,27907.73,3500.0,11757.93,0.0811,57969.04,0.2958,0.894,0.115,0.856,0,0.0553,0.974,0.828,0.2724,0,3634.66,42000.0,0,0,0.2716,0
29774.47,23046.46,8000.0,-1271.99,0.2687,1409.54,0.0168,0.909,0.109,0.614,17,-0.1954,0.672,0.531,0.0,3,5992.63,192000.0,0,0,1.0,1
49535.37,31456.28,0.0,18079.09,0.0,93729.31,0.3788,0.885,0.118,0.84,0,0.201,0.98,0.927,0.365,0,4226.33,0.0,0,0,0.0389,0
38689.68,24445.58,1500.0,12744.1,0.0388,66008.98,0.3563,0.886,0.105,0.891,0,-0.0977,0.945,0.906,0.3294,0,3673.39,18000.0,0,0,0.1781,0
31842.37,19241.48,1500.0,11100.88,0.0471,58973.48,0.5381,0.895,0.104,0.88,0,0.0707,0.865,0.915,0.3486,0,3723.88,18000.0,0,0,0.1208,0
42158.02,26995.3,1500.0,13662.72,0.0356,73602.55,0.4525,0.905,0.122,0.819,0,-0.059,0.953,0.927,0.3241,0,4637.18,18000.0,0,0,0.1424,0
36179.32,22752.43,2500.0,10926.88,0.0691,63197.79,0.5091,0.893,0.151,0.938,0,0.0011,0.964,0.921,0.302,1,4640.2,30000.0,0,0,0.3259,0
90100.61,56089.25,8000.0,26011.36,0.0888,124752.56,0.4339,0.858,0.174,0.921,0,0.2156,0.873,0.767,0.2887,0,9385.51,144000.0,1,9,0.1067,0
106381.27,64568.55,16000.0,25812.72,0.1504,120260.33,0.3105,0.862,0.159,0.912,0,0.5,0.947,0.779,0.2426,1,8116.37,288000.0,0,0,0.1511,0
27066.61,20907.66,12000.0,-5841.05,0.4434,709.08,0.0185,0.919,0.113,0.641,24,-0.1661,0.67,0.669,0.0,2,5643.49,288000.0,0,0,1.0,1
61363.94,30785.16,0.0,30578.78,0.0,187806.02,0.776,0.972,0.088,0.936,0,0.0509,0.934,0.851,0.4983,0,5238.38,0.0,0,0,0.0009,0
39047.38,25203.06,1500.0,12344.31,0.0384,65592.97,0.4089,0.885,0.115,0.821,0,0.0297,0.854,0.902,0.3161,0,4085.48,18000.0,0,0,0.244,0
44127.18,28167.71,0.0,15959.46,0.0,82265.75,0.4147,0.893,0.146,0.904,0,-0.0747,0.952,0.879,0.3617,0,3376.51,0.0,0,0,0.1243,0
42095.28,20433.74,3000.0,18661.54,0.0713,123803.15,0.9579,0.976,0.091,0.911,0,0.0511,0.987,0.877,0.4433,0,8533.41,45000.0,0,0,0.0033,0
71084.92,35693.14,6000.0,29391.78,0.0844,183795.24,0.7177,0.974,0.088,0.959,0,0.0399,0.958,0.842,0.4135,0,6696.01,90000.0,1,5,0.0018,0
68365.33,34499.27,3000.0,30866.06,0.0439,181093.71,0.6282,0.974,0.093,0.946,0,0.0406,0.969,0.756,0.4515,0,5967.94,45000.0,1,3,0.0022,0
59042.69,29262.29,6000.0,23780.4,0.1016,152109.57,0.7212,0.973,0.106,0.974,0,0.042,0.965,0.893,0.4028,0,8851.38,90000.0,1,13,0.0046,0
58352.27,29187.58,3000.0,26164.68,0.0514,159346.35,0.6836,0.972,0.097,0.923,0,0.0471,0.964,0.836,0.4484,0,7790.63,45000.0,1,7,0.0035,0
40582.53,26085.45,3500.0,10997.08,0.0862,54463.12,0.3146,0.911,0.112,0.889,0,0.1096,0.973,0.936,0.271,0,4995.66,42000.0,0,0,0.163,0
44867.23,28058.08,0.0,16809.15,0.0,84016.2,0.3802,0.915,0.106,0.819,0,0.0137,0.932,0.885,0.3746,0,4708.85,0.0,0,0,0.0764,1
80079.84,47159.34,12000.0,20920.51,0.1499,93638.89,0.3372,0.86,0.15,0.828,0,0.317,0.896,0.765,0.2612,0,11869.65,216000.0,1,11,0.2671,0
67530.52,33380.45,0.0,34150.07,0.0,208641.68,0.7787,0.975,0.087,0.961,0,0.0452,0.922,0.837,0.5057,0,7903.72,0.0,0,0,0.0005,0
61289.72,30344.49,0.0,30945.23,0.0,199020.82,0.8771,0.973,0.105,0.923,0,0.0442,0.941,0.812,0.5049,0,6354.23,0.0,0,0,0.0008,0
36962.51,24052.32,2500.0,10410.19,0.0676,60112.04,0.5087,0.886,0.145,0.835,0,-0.0202,0.931,0.949,0.2816,1,3888.66,30000.0,0,0,0.4665,0
26400.97,16859.88,0.0,9541.09,0.0,53287.14,0.5756,0.869,0.15,0.869,0,0.1944,0.968,0.937,0.3614,0,4733.19,0.0,0,0,0.098,0
19992.09,15533.66,8000.0,-3541.57,0.4002,876.83,0.025,0.919,0.12,0.654,24,-0.195,0.652,0.662,0.0,1,4975.65,192000.0,0,0,1.0,1
61241.57,29782.38,3000.0,28459.2,0.049,176828.33,0.7998,0.973,0.087,0.934,0,0.0547,0.923,0.773,0.4647,0,8698.0,45000.0,0,0,0.0019,0
36976.32,23506.6,1500.0,11969.73,0.0406,64046.28,0.4229,0.897,0.121,0.808,0,-0.1455,0.95,0.924,0.3237,0,4197.87,18000.0,0,0,0.2521,1
75213.03,37705.38,0.0,37507.65,0.0,224590.45,0.7126,0.97,0.077,0.942,0,0.0543,0.968,0.886,0.4987,0,7935.83,0.0,0,0,0.0003,0
39151.27,24811.3,3500.0,10839.97,0.0894,57325.07,0.3842,0.899,0.106,0.841,0,-0.014,0.866,0.952,0.2769,0,4254.55,42000.0,0,0,0.298,0
68151.86,34027.64,3000.0,31124.22,0.044,181235.4,0.5759,0.972,0.095,0.968,0,0.0428,0.992,0.887,0.4567,0,6065.48,45000.0,1,11,0.0016,0
68383.47,43425.23,4000.0,20958.24,0.0585,96560.67,0.4128,0.844,0.182,0.851,0,0.3667,0.854,0.832,0.3065,0,7992.37,72000.0,0,0,0.1722,0
45592.82,22227.59,3000.0,20365.23,0.0658,133788.84,0.8962,0.968,0.084,0.928,0,0.0513,0.989,0.802,0.4467,0,8325.39,45000.0,1,1,0.0032,0
37989.1,24576.35,1500.0,11912.75,0.0395,68665.21,0.5312,0.89,0.103,0.93,0,0.0367,0.896,0.894,0.3136,0,3195.87,18000.0,0,0,0.0862,0
31701.38,19961.9,0.0,11739.48,0.0,61628.17,0.4758,0.889,0.134,0.853,0,0.1271,0.922,0.939,0.3703,0,4362.68,0.0,0,0,0.1096,0
37363.58,24011.96,1500.0,11851.62,0.0401,62930.45,0.3883,0.899,0.112,0.915,0,0.0571,0.914,0.892,0.3172,0,3526.61,18000.0,0,0,0.1357,0
69989.47,35001.63,3000.0,31987.84,0.0429,189293.39,0.6166,0.97,0.093,0.954,0,0.0663,0.966,0.902,0.457,0,8599.74,45000.0,0,0,0.0013,0
113340.31,70533.48,12000.0,30806.82,0.1059,141786.01,0.3565,0.881,0.162,0.902,0,0.1951,0.934,0.827,0.2718,0,8836.99,216000.0,1,6,0.0492,0
93466.89,59027.67,8000.0,26439.22,0.0856,109710.43,0.2659,0.818,0.2,0.832,0,0.5,0.875,0.812,0.2829,0,8583.29,144000.0,0,0,0.2053,0
56826.5,35383.72,12000.0,9442.78,0.2112,58239.45,0.4559,0.853,0.195,0.845,0,0.276,0.945,0.789,0.1662,0,7717.84,216000.0,0,0,0.6944,1
59281.31,29688.89,0.0,29592.42,0.0,188013.42,0.8545,0.974,0.102,0.947,0,0.0305,0.928,0.757,0.4992,0,7880.42,0.0,0,0,0.0011,0
44848.71,21852.89,3000.0,19995.82,0.0669,132368.65,0.9538,0.973,0.072,0.905,0,0.0455,0.935,0.858,0.4459,0,5174.88,45000.0,0,0,0.0029,0
117065.38,72573.74,8000.0,36491.64,0.0683,164908.59,0.3609,0.832,0.17,0.943,0,0.348,0.838,0.818,0.3117,1,10118.86,144000.0,1,20,0.0615,0
38645.48,24522.6,1500.0,12622.89,0.0388,68795.14,0.4415,0.891,0.146,0.826,0,-0.1279,0.923,0.862,0.3266,0,3356.01,18000.0,0,0,0.3347,0
98358.93,61744.21,4000.0,32614.72,0.0407,137776.71,0.259,0.848,0.164,0.829,0,0.2817,0.822,0.728,0.3316,0,11651.88,72000.0,1,23,0.1059,0
52217.45,32080.42,4000.0,16137.03,0.0766,93204.17,0.7534,0.861,0.122,0.924,0,0.3146,0.844,0.752,0.309,1,6232.04,72000.0,1,13,0.1042,0
31854.61,19911.77,3500.0,8442.84,0.1099,44932.97,0.3762,0.877,0.111,0.929,0,0.0525,0.979,0.823,0.265,0,3863.94,42000.0,0,0,0.2962,0
86316.13,53202.2,4000.0,29113.93,0.0463,127448.01,0.3626,0.857,0.142,0.909,0,0.3079,0.879,0.728,0.3373,0,8587.77,72000.0,0,0,0.0436,0
70701.17,36413.51,0.0,34287.66,0.0,210702.39,0.7359,0.973,0.1,0.909,0,0.0665,0.973,0.9,0.485,0,7890.48,0.0,0,0,0.0005,0
66249.09,34684.95,6000.0,25564.13,0.0906,156496.2,0.6033,0.976,0.079,0.973,0,0.0419,0.982,0.793,0.3859,0,7392.41,90000.0,1,10,0.004,0
78699.9,49125.41,8000.0,21574.49,0.1017,110674.57,0.481,0.84,0.202,0.943,0,0.2892,0.848,0.751,0.2741,0,7753.5,144000.0,1,11,0.22,0
68394.98,34503.18,3000.0,30891.8,0.0439,180538.09,0.6038,0.971,0.11,0.926,0,0.0484,0.952,0.915,0.4517,0,8256.77,45000.0,0,0,0.0024,0
52442.69,26378.54,3000.0,23064.15,0.0572,152969.71,0.9494,0.971,0.099,0.926,0,0.0566,0.933,0.844,0.4398,0,5404.0,45000.0,1,10,0.0024,0
96406.63,48268.77,0.0,48137.86,0.0,260160.01,0.4282,0.972,0.096,0.924,0,0.046,0.973,0.844,0.4993,0,7472.88,0.0,0,0,0.0003,0
52708.1,26759.24,0.0,25948.86,0.0,171525.84,0.9844,0.972,0.11,0.932,0,0.0677,0.94,0.793,0.4923,0,7479.42,0.0,1,7,0.0011,0
39873.36,25045.9,1500.0,13327.46,0.0376,69752.88,0.3833,0.916,0.105,0.845,0,0.0434,0.895,0.947,0.3342,0,4587.92,18000.0,0,0,0.1196,1
30773.2,19898.24,2500.0,8374.96,0.0812,50070.05,0.5705,0.877,0.14,0.825,0,0.0392,0.976,0.956,0.2722,0,3718.8,30000.0,0,0,0.2375,0
47006.62,36611.52,8000.0,2395.1,0.1702,12261.3,0.1412,0.925,0.106,0.713,6,-0.156,0.618,0.681,0.051,4,4486.97,192000.0,0,0,0.9998,1
36818.39,23114.86,0.0,13703.52,0.0,74529.29,0.5069,0.894,0.133,0.911,0,0.1148,0.89,0.943,0.3722,0,3084.33,0.0,0,0,0.0692,0
105496.68,67078.21,12000.0,26418.48,0.1137,114273.39,0.2608,0.842,0.179,0.825,0,0.2361,0.87,0.723,0.2504,0,7181.06,216000.0,0,0,0.339,0
42983.68,27877.89,1500.0,13605.8,0.0349,66817.05,0.2892,0.904,0.14,0.915,0,0.0146,0.857,0.948,0.3165,0,4973.68,18000.0,0,0,0.2407,0
64677.6,32515.38,0.0,32162.22,0.0,200197.96,0.8193,0.973,0.101,0.954,0,0.0412,0.934,0.843,0.4973,0,5521.16,0.0,0,0,0.0007,0
26629.4,20065.44,12000.0,-5436.04,0.4506,695.18,0.0188,0.913,0.102,0.738,24,-0.1452,0.771,0.517,0.0,3,6852.03,288000.0,0,0,1.0,1
30014.47,23077.52,8000.0,-1063.04,0.2665,2736.4,0.0167,0.921,0.093,0.629,18,-0.155,0.688,0.697,0.0,2,6328.48,192000.0,0,0,0.9999,1
22990.17,17350.84,12000.0,-6360.67,0.522,555.06,0.0217,0.904,0.104,0.604,24,-0.1524,0.665,0.704,0.0,1,4052.11,288000.0,0,0,1.0,1
44953.35,29011.91,0.0,15941.44,0.0,82686.15,0.4266,0.901,0.123,0.85,0,-0.0375,0.922,0.84,0.3546,0,3434.58,0.0,0,0,0.1162,0
89908.08,54392.4,12000.0,23515.67,0.1335,111671.63,0.2993,0.839,0.226,0.858,0,0.4286,0.831,0.843,0.2616,0,11053.4,216000.0,1,3,0.3902,0
46484.42,23521.87,3000.0,19962.54,0.0645,132839.22,0.9428,0.975,0.079,0.95,0,0.0467,0.977,0.838,0.4294,0,8703.36,45000.0,0,0,0.0023,0
39446.83,24864.91,0.0,14581.92,0.0,78286.44,0.4737,0.896,0.136,0.869,0,0.025,0.963,0.933,0.3697,0,4095.0,0.0,0,0,0.0781,0
111544.0,66430.89,12000.0,33113.11,0.1076,158608.83,0.3901,0.851,0.157,0.841,0,0.2016,0.839,0.882,0.2969,0,10760.97,216000.0,0,0,0.0619,0
29981.85,23008.97,8000.0,-1027.12,0.2668,1442.74,0.0167,0.926,0.101,0.65,19,-0.1286,0.692,0.557,0.0,2,5581.38,192000.0,0,0,0.9999,1
62582.94,39740.14,12000.0,10842.8,0.1917,61249.16,0.3929,0.893,0.163,0.886,0,0.0948,0.905,0.846,0.1733,0,10093.16,216000.0,1,3,0.5801,0
106019.71,64554.62,12000.0,29465.1,0.1132,125752.44,0.2564,0.813,0.244,0.82,0,0.485,0.831,0.775,0.2779,0,10759.59,216000.0,1,8,0.389,0
36135.07,22901.26,3500.0,9733.81,0.0969,57755.58,0.5157,0.892,0.13,0.875,0,0.0932,0.881,0.913,0.2694,0,3268.64,42000.0,0,0,0.2449,0
65294.88,32649.49,0.0,32645.38,0.0,204904.21,0.849,0.977,0.102,0.909,0,0.0482,0.971,0.818,0.5,0,8080.59,0.0,0,0,0.0006,0
21000.35,15545.23,20000.0,-14544.88,0.9524,500.0,0.0238,0.911,0.101,0.69,24,-0.1628,0.653,0.562,0.0,2,5863.04,480000.0,1,13,1.0,1
26576.18,20269.32,16000.0,-9693.14,0.602,601.4,0.0188,0.923,0.093,0.654,24,-0.1458,0.587,0.7,0.0,3,6233.65,384000.0,1,34,1.0,1
40132.26,26287.92,0.0,13844.33,0.0,75417.44,0.509,0.893,0.144,0.824,0,-0.0029,0.934,0.825,0.345,0,3203.51,0.0,0,0,0.1567,0
57791.13,28407.86,3000.0,26383.27,0.0519,172321.92,0.8954,0.973,0.085,0.939,0,0.0481,0.983,0.795,0.4565,0,8460.68,45000.0,0,0,0.0012,0
35670.7,26693.59,20000.0,-11022.89,0.5607,719.15,0.014,0.923,0.082,0.741,24,-0.1853,0.637,0.634,0.0,2,4909.56,480000.0,0,0,1.0,1
52238.71,26093.41,3000.0,23145.3,0.0574,140203.62,0.6811,0.973,0.099,0.934,0,0.0547,0.983,0.811,0.4431,0,8979.77,45000.0,0,0,0.0052,0
40074.32,25748.13,1500.0,12826.19,0.0374,67610.92,0.3665,0.908,0.121,0.802,0,-0.001,0.855,0.835,0.3201,0,3424.28,18000.0,0,0,0.3055,0
65000.36,31942.88,0.0,33057.48,0.0,209719.81,0.8847,0.973,0.106,0.947,0,0.0614,0.922,0.892,0.5086,0,7885.27,0.0,0,0,0.0005,0
44176.68,28749.48,2500.0,12927.21,0.0566,70586.63,0.4586,0.9,0.139,0.861,0,0.0014,0.894,0.917,0.2926,1,3890.25,30000.0,0,0,0.3842,1
51633.97,25415.8,3000.0,23218.16,0.0581,153776.53,0.9366,0.974,0.084,0.975,0,0.0538,0.947,0.754,0.4497,0,8777.62,45000.0,0,0,0.0019,0
73856.09,36781.86,0.0,37074.23,0.0,220565.11,0.6623,0.975,0.103,0.918,0,0.0455,0.96,0.849,0.502,0,7101.8,0.0,0,0,0.0006,0
75591.86,38296.25,6000.0,31295.62,0.0794,179957.7,0.5142,0.97,0.083,0.979,0,0.0494,0.99,0.765,0.414,0,6603.13,90000.0,1,8,0.0027,0
64238.28,32128.61,0.0,32109.66,0.0,192063.55,0.7667,0.973,0.09,0.915,0,0.0369,0.968,0.767,0.4999,0,6342.31,0.0,0,0,0.0009,0
51963.13,25766.15,3000.0,23196.97,0.0577,141413.59,0.6851,0.974,0.09,0.954,0,0.0427,0.988,0.833,0.4464,0,6538.64,45000.0,1,10,0.0039,0
35872.36,22880.43,0.0,12991.93,0.0,71691.83,0.4795,0.882,0.129,0.862,0,-0.0498,0.955,0.878,0.3622,0,4884.59,0.0,0,0,0.1321,0
62382.13,31433.62,0.0,30948.51,0.0,180087.06,0.6465,0.971,0.09,0.942,0,0.0461,0.983,0.766,0.4961,0,8290.19,0.0,0,0,0.0014,0
52941.62,34471.69,0.0,18469.93,0.0,89862.44,0.3115,0.884,0.169,0.869,0,0.1491,0.862,0.901,0.3489,0,4014.55,0.0,0,0,0.1679,0
72487.2,45527.56,8000.0,18959.63,0.1104,101812.92,0.5435,0.864,0.139,0.824,0,0.3181,0.933,0.725,0.2616,0,9521.24,144000.0,1,19,0.1075,0
69148.07,34381.69,6000.0,28766.38,0.0868,182909.29,0.7579,0.975,0.112,0.977,0,0.0521,0.955,0.882,0.416,0,8790.24,90000.0,0,0,0.002,0
35009.07,22366.23,2500.0,10142.84,0.0714,59539.15,0.5267,0.894,0.12,0.842,0,-0.0583,0.954,0.828,0.2897,0,3075.43,30000.0,0,0,0.2427,0
20594.51,15820.99,20000.0,-15226.48,0.9711,522.04,0.0243,0.93,0.09,0.639,24,-0.1228,0.673,0.734,0.0,4,6560.83,480000.0,0,0,1.0,1
79277.66,39266.2,0.0,40011.46,0.0,230418.78,0.5811,0.975,0.095,0.906,0,0.0305,0.987,0.751,0.5047,0,7767.59,0.0,1,6,0.0006,0
40343.37,25446.19,1500.0,13397.18,0.0372,69801.21,0.4099,0.885,0.142,0.867,0,-0.0305,0.858,0.925,0.3321,0,3715.9,18000.0,0,0,0.2733,0
37123.82,23349.8,0.0,13774.02,0.0,70500.59,0.39,0.886,0.132,0.816,0,-0.024,0.92,0.957,0.371,0,3208.53,0.0,0,0,0.1741,0
100698.35,64111.43,4000.0,32586.92,0.0397,136642.3,0.2789,0.831,0.164,0.895,0,0.4981,0.914,0.777,0.3236,0,9239.76,72000.0,1,10,0.0301,0
75010.53,37180.17,0.0,37830.36,0.0,222774.53,0.676,0.973,0.12,0.926,0,0.0446,0.969,0.909,0.5043,0,6082.83,0.0,0,0,0.0006,0
43240.39,26887.61,0.0,16352.79,0.0,85375.94,0.4501,0.905,0.114,0.893,0,0.0063,0.876,0.943,0.3782,0,3507.77,0.0,0,0,0.0648,0
86836.76,52567.64,8000.0,26269.12,0.0921,120843.43,0.3872,0.836,0.156,0.905,0,0.3416,0.901,0.753,0.3025,0,11673.76,144000.0,0,0,0.0828,0
101581.98,64790.01,16000.0,20791.97,0.1575,92519.68,0.2362,0.853,0.173,0.889,0,0.3634,0.832,0.732,0.2047,0,6962.56,288000.0,1,17,0.4451,0
41272.56,25982.4,1500.0,13790.16,0.0363,72466.5,0.3717,0.873,0.142,0.801,0,0.0471,0.874,0.865,0.3341,0,4793.41,18000.0,0,0,0.3339,0
48196.34,30693.07,1500.0,16003.27,0.0311,84858.36,0.405,0.885,0.096,0.863,0,-0.0355,0.945,0.96,0.332,0,3192.16,18000.0,0,0,0.0757,0
35913.86,23075.15,0.0,12838.71,0.0,69221.11,0.4666,0.89,0.152,0.905,0,0.0408,0.966,0.855,0.3575,0,4129.04,0.0,0,0,0.1252,0
33353.78,25903.47,12000.0,-4549.7,0.3598,583.27,0.015,0.907,0.11,0.705,23,-0.1612,0.701,0.729,0.0,2,5201.88,288000.0,0,0,1.0,1
66750.36,33311.29,0.0,33439.07,0.0,205142.33,0.8,0.975,0.095,0.92,0,0.0407,0.954,0.862,0.501,0,8007.13,0.0,0,0,0.0006,0
69425.28,35904.76,0.0,33520.53,0.0,193573.5,0.5914,0.974,0.092,0.959,0,0.0615,0.983,0.781,0.4828,0,5407.36,0.0,1,7,0.001,0
42779.9,25859.29,2500.0,14420.61,0.0584,73851.87,0.3507,0.883,0.128,0.897,0,0.1131,0.935,0.844,0.3371,0,4314.8,30000.0,0,0,0.1663,0
87942.7,44391.8,0.0,43550.9,0.0,246012.5,0.5425,0.975,0.1,0.922,0,0.0479,0.971,0.868,0.4952,0,8869.19,0.0,0,0,0.0004,0
42683.48,26577.9,2500.0,13605.58,0.0586,68212.49,0.3217,0.907,0.106,0.876,0,-0.0323,0.871,0.895,0.3188,0,4057.22,30000.0,0,0,0.2222,0
37076.82,23382.66,0.0,13694.17,0.0,72850.66,0.4411,0.888,0.124,0.852,0,-0.1243,0.924,0.884,0.3693,0,4560.85,0.0,0,0,0.1711,0
33108.23,21468.27,0.0,11639.96,0.0,60824.39,0.4128,0.895,0.121,0.837,0,-0.0522,0.887,0.901,0.3516,0,4480.67,0.0,0,0,0.2133,0
22260.11,17169.87,8000.0,-2909.77,0.3594,642.89,0.0225,0.923,0.083,0.75,24,-0.1562,0.642,0.712,0.0,2,6521.97,192000.0,1,22,1.0,1
105516.97,64987.83,12000.0,28529.14,0.1137,119233.95,0.2879,0.825,0.201,0.916,0,0.4438,0.882,0.846,0.2704,0,6767.13,216000.0,0,0,0.1382,0
35638.46,27564.58,16000.0,-7926.12,0.449,591.33,0.014,0.894,0.108,0.68,24,-0.2687,0.777,0.501,0.0,1,6758.01,384000.0,0,0,1.0,1
33743.45,21556.98,0.0,12186.47,0.0,67216.21,0.5287,0.875,0.15,0.908,0,0.1215,0.943,0.878,0.3612,0,4669.71,0.0,0,0,0.1028,1
72250.04,43479.86,12000.0,16770.18,0.1661,89158.92,0.4707,0.86,0.141,0.926,0,0.24,0.845,0.888,0.2321,0,6945.74,216000.0,0,0,0.2092,1
53163.34,26895.19,0.0,26268.15,0.0,168179.95,0.9182,0.976,0.086,0.916,0,0.0418,0.985,0.907,0.4941,0,5923.11,0.0,1,11,0.0007,0
61398.07,31203.59,0.0,30194.48,0.0,180885.09,0.6937,0.975,0.092,0.952,0,0.0432,0.975,0.912,0.4918,0,8892.99,0.0,0,0,0.0009,0
72519.57,46343.68,4000.0,22175.89,0.0552,98380.86,0.3461,0.856,0.159,0.922,0,0.2392,0.893,0.87,0.3058,0,8960.05,72000.0,1,22,0.1039,0
61753.26,30746.77,3000.0,28006.49,0.0486,164477.08,0.6514,0.972,0.094,0.939,0,0.0742,0.995,0.815,0.4535,0,6865.33,45000.0,0,0,0.0023,0
33687.0,21273.33,3500.0,8913.68,0.1039,52544.97,0.4946,0.895,0.114,0.926,0,0.0672,0.964,0.875,0.2646,0,3952.51,42000.0,0,0,0.1713,0
38854.64,24390.16,2500.0,11964.49,0.0643,65794.6,0.5194,0.902,0.112,0.932,0,0.1576,0.863,0.851,0.3079,0,4062.82,30000.0,0,0,0.1045,0
31176.67,20007.16,1500.0,9669.51,0.0481,50826.67,0.4217,0.897,0.109,0.846,0,-0.0872,0.921,0.878,0.3102,0,3623.02,18000.0,0,0,0.2784,0
34055.79,21635.37,1500.0,10920.42,0.044,62031.05,0.5523,0.89,0.159,0.81,0,0.2929,0.954,0.828,0.3207,0,3971.23,18000.0,0,0,0.1512,0
73642.13,35742.88,0.0,37899.25,0.0,225847.58,0.7343,0.974,0.094,0.937,0,0.056,0.925,0.764,0.5146,0,5702.36,0.0,0,0,0.0005,0
34240.13,21876.28,0.0,12363.85,0.0,67036.41,0.4918,0.894,0.147,0.903,0,-0.07,0.925,0.88,0.3611,0,3890.02,0.0,0,0,0.1635,0
52561.71,33244.94,4000.0,15316.77,0.0761,73080.45,0.4276,0.844,0.185,0.891,0,0.3796,0.882,0.74,0.2914,1,10218.81,72000.0,0,0,0.5001,0
69925.85,34724.07,0.0,35201.78,0.0,203468.21,0.6026,0.973,0.1,0.955,0,0.039,0.988,0.776,0.5034,0,8170.53,0.0,0,0,0.0009,0
67515.69,35032.71,6000.0,26482.98,0.0889,169614.1,0.7297,0.97,0.096,0.918,0,0.0717,0.983,0.811,0.3922,0,5437.71,90000.0,0,0,0.0032,0
26151.37,20217.8,12000.0,-6066.44,0.4589,715.7,0.0191,0.925,0.114,0.643,24,-0.1699,0.603,0.7,0.0,2,5266.96,288000.0,1,22,1.0,1
36487.63,22750.88,0.0,13736.75,0.0,73264.84,0.4352,0.879,0.162,0.846,0,-0.0991,0.934,0.828,0.3765,0,4815.46,0.0,0,0,0.2913,0
44018.35,28056.52,2500.0,13461.82,0.0568,73471.99,0.4218,0.894,0.139,0.902,0,-0.0461,0.9,0.864,0.3058,0,3087.96,30000.0,0,0,0.2377,0
37958.5,24334.38,0.0,13624.12,0.0,71884.31,0.4353,0.901,0.12,0.82,0,-0.0916,0.854,0.954,0.3589,0,3449.48,0.0,0,0,0.1809,0
122465.53,74950.88,8000.0,39514.65,0.0653,175476.86,0.3613,0.822,0.212,0.943,0,0.3694,0.917,0.871,0.3227,0,9720.19,144000.0,0,0,0.0215,0
62632.5,30914.58,3000.0,28717.92,0.0479,174148.07,0.7379,0.974,0.095,0.934,0,0.0527,0.957,0.792,0.4585,0,5596.12,45000.0,0,0,0.0021,0
42318.61,26807.66,3500.0,12010.95,0.0827,65036.66,0.4591,0.886,0.121,0.816,0,0.0156,0.914,0.84,0.2838,0,3316.43,42000.0,0,0,0.2869,0
63695.0,31316.48,0.0,32378.52,0.0,198538.21,0.8152,0.973,0.097,0.915,0,0.051,0.946,0.818,0.5083,0,7219.93,0.0,0,0,0.0007,0
43147.83,33112.58,16000.0,-5964.75,0.3708,609.95,0.0116,0.906,0.085,0.73,24,-0.2045,0.677,0.65,0.0,2,6043.32,384000.0,1,20,1.0,1
48451.18,30899.69,1500.0,16051.5,0.031,76944.25,0.27,0.874,0.154,0.862,0,0.0538,0.978,0.947,0.3313,0,4411.95,18000.0,0,0,0.1932,0
33855.89,21570.63,2500.0,9785.26,0.0738,54238.07,0.4898,0.874,0.138,0.926,0,0.0983,0.97,0.833,0.289,0,3933.64,30000.0,0,0,0.203,0
31991.89,24406.71,20000.0,-12414.82,0.6252,521.51,0.0156,0.908,0.121,0.652,24,-0.1742,0.601,0.597,0.0,1,5127.91,480000.0,0,0,1.0,1
73375.9,35847.65,0.0,37528.25,0.0,216761.44,0.6216,0.973,0.104,0.966,0,0.0428,0.955,0.763,0.5115,0,6653.76,0.0,0,0,0.0008,0
91238.65,46304.18,0.0,44934.47,0.0,258107.86,0.5687,0.969,0.114,0.938,0,0.05,0.924,0.914,0.4925,0,5368.72,0.0,0,0,0.0003,0
117981.74,74731.89,8000.0,35249.86,0.0678,153161.3,0.3505,0.841,0.161,0.915,0,0.4247,0.895,0.726,0.2988,0,8991.58,144000.0,0,0,0.0252,0
30202.23,22621.43,16000.0,-8419.2,0.5298,595.76,0.0166,0.924,0.11,0.625,24,-0.1276,0.645,0.723,0.0,1,5683.24,384000.0,0,0,1.0,1
35300.17,26884.34,16000.0,-7584.17,0.4533,746.24,0.0142,0.91,0.092,0.622,24,-0.2045,0.595,0.61,0.0,2,4609.83,384000.0,0,0,1.0,1
75759.49,38273.53,0.0,37485.97,0.0,211139.16,0.5457,0.973,0.081,0.971,0,0.0473,0.977,0.808,0.4948,0,5852.98,0.0,1,13,0.0006,0
54789.84,26870.88,0.0,27918.97,0.0,173274.36,0.8596,0.975,0.094,0.95,0,0.0438,0.94,0.916,0.5096,0,8450.34,0.0,0,0,0.0008,0
42701.29,26303.56,1500.0,14897.73,0.0351,76969.63,0.3916,0.903,0.132,0.862,0,0.0715,0.972,0.841,0.3489,0,4426.1,18000.0,0,0,0.1213,0
38939.8,24121.54,2500.0,12318.26,0.0642,61492.99,0.3215,0.905,0.112,0.883,0,0.1919,0.86,0.86,0.3163,0,3564.21,30000.0,0,0,0.1925,0
38712.09,24315.89,2500.0,11896.2,0.0646,59314.53,0.3132,0.904,0.127,0.802,0,0.1033,0.97,0.949,0.3073,0,4670.42,30000.0,0,0,0.2173,1
32474.31,20932.41,0.0,11541.9,0.0,60887.3,0.4268,0.889,0.14,0.818,0,-0.172,0.917,0.937,0.3554,0,3395.57,0.0,0,0,0.3004,1
75594.41,37897.88,3000.0,34696.53,0.0397,204356.4,0.5522,0.975,0.108,0.969,0,0.0409,0.991,0.824,0.459,0,6201.28,45000.0,0,0,0.0014,0
106049.97,65331.18,16000.0,24718.79,0.1509,107655.59,0.252,0.867,0.15,0.867,0,0.3361,0.897,0.896,0.2331,0,11562.11,288000.0,1,23,0.144,0
36781.07,23432.46,1500.0,11848.61,0.0408,60976.88,0.3815,0.917,0.111,0.861,0,0.0267,0.916,0.902,0.3221,0,3993.11,18000.0,0,0,0.1564,0
41396.28,26250.3,0.0,15145.98,0.0,76650.67,0.3997,0.904,0.109,0.873,0,0.0801,0.927,0.905,0.3659,0,4818.28,0.0,0,0,0.066,0
35295.98,26725.58,16000.0,-7429.6,0.4533,580.77,0.0142,0.922,0.076,0.7,24,-0.1618,0.542,0.69,0.0,1,5879.99,384000.0,0,0,1.0,1
93851.02,58376.51,4000.0,31474.51,0.0426,137173.87,0.343,0.848,0.178,0.873,0,0.3457,0.837,0.747,0.3354,0,11243.9,72000.0,0,0,0.0723,0
39733.15,30650.04,12000.0,-2916.89,0.302,1659.53,0.0126,0.915,0.104,0.615,21,-0.153,0.739,0.692,0.0,1,4473.45,288000.0,1,25,0.9999,1
69522.72,43647.88,4000.0,21874.84,0.0575,111186.62,0.5424,0.867,0.157,0.837,0,0.2595,0.879,0.86,0.3146,0,8482.3,72000.0,0,0,0.0705,0
45807.85,30139.36,0.0,15668.49,0.0,80853.23,0.4746,0.882,0.14,0.843,0,0.0697,0.908,0.902,0.342,0,3238.02,0.0,0,0,0.1089,0
63267.13,31569.31,0.0,31697.82,0.0,186495.99,0.7081,0.978,0.099,0.942,0,0.0323,0.942,0.838,0.501,0,5418.89,0.0,0,0,0.0011,0
59750.96,29416.74,0.0,30334.22,0.0,185962.25,0.8158,0.97,0.095,0.934,0,0.0364,0.931,0.901,0.5077,0,7522.35,0.0,0,0,0.0008,0
25170.99,19480.39,16000.0,-10309.4,0.6357,743.75,0.0199,0.907,0.11,0.583,24,-0.2025,0.771,0.58,0.0,3,5590.6,384000.0,1,17,1.0,1
61607.28,30553.85,6000.0,25053.43,0.0974,158077.33,0.7093,0.974,0.101,0.971,0,0.044,0.986,0.792,0.4067,0,5125.47,90000.0,0,0,0.0043,0
44581.84,28164.3,0.0,16417.54,0.0,81858.36,0.3458,0.9,0.115,0.926,0,-0.0375,0.878,0.932,0.3683,0,3025.87,0.0,0,0,0.0946,1
30440.48,19069.05,1500.0,9871.43,0.0493,56226.36,0.5491,0.888,0.126,0.86,0,-0.0385,0.93,0.953,0.3243,0,3386.68,18000.0,0,0,0.1796,0
35933.59,27443.59,20000.0,-11510.0,0.5566,738.5,0.0139,0.906,0.099,0.67,24,-0.1747,0.767,0.693,0.0,2,4152.47,480000.0,1,27,1.0,1
27846.34,21087.15,16000.0,-9240.81,0.5746,672.18,0.018,0.923,0.096,0.614,24,-0.1154,0.658,0.593,0.0,1,4950.25,384000.0,1,19,1.0,1
30947.78,23711.11,8000.0,-763.33,0.2585,4172.44,0.0686,0.917,0.106,0.678,18,-0.1359,0.555,0.56,0.0,4,4336.03,192000.0,0,0,1.0,1
45779.49,29401.16,1500.0,14878.33,0.0328,82071.93,0.4331,0.901,0.115,0.847,0,0.1907,0.958,0.848,0.325,0,3881.11,18000.0,0,0,0.0677,0
46947.74,30413.12,1500.0,15034.62,0.032,79097.24,0.45,0.889,0.138,0.853,0,0.1423,0.935,0.885,0.3202,0,3992.43,18000.0,0,0,0.1071,0
87929.92,53987.09,8000.0,25942.84,0.091,111930.18,0.2805,0.872,0.142,0.905,0,0.4088,0.938,0.8,0.295,0,11422.34,144000.0,0,0,0.0515,0
109536.36,66703.34,8000.0,34833.03,0.073,157379.93,0.3558,0.846,0.178,0.886,0,0.2579,0.928,0.758,0.318,0,6478.46,144000.0,1,17,0.0436,0
26837.74,20928.71,12000.0,-6090.97,0.4471,659.14,0.0186,0.938,0.099,0.624,24,-0.106,0.555,0.709,0.0,4,6924.36,288000.0,1,20,1.0,1
38141.07,28929.5,8000.0,1211.57,0.2097,6466.41,0.09,0.895,0.137,0.772,6,-0.2648,0.759,0.6,0.0318,2,4633.55,192000.0,1,26,0.9994,1
39323.13,25551.04,0.0,13772.09,0.0,71659.6,0.4119,0.885,0.129,0.858,0,-0.0421,0.951,0.864,0.3502,1,3812.02,0.0,0,0,0.2981,1
52457.42,34074.16,3500.0,14883.26,0.0667,76600.7,0.3227,0.894,0.132,0.935,0,-0.0516,0.943,0.88,0.2837,0,4388.81,42000.0,0,0,0.1994,0
27654.36,17495.43,2500.0,7658.93,0.0904,46266.41,0.5687,0.887,0.126,0.901,0,0.032,0.862,0.924,0.277,0,4280.33,30000.0,0,0,0.2761,0
41439.01,26488.7,1500.0,13450.31,0.0362,74686.43,0.475,0.903,0.137,0.845,0,-0.0538,0.94,0.861,0.3246,0,3447.33,18000.0,0,0,0.1803,1
34060.69,21208.93,3500.0,9351.76,0.1028,52777.31,0.411,0.895,0.119,0.858,0,-0.0404,0.908,0.931,0.2746,0,4316.77,42000.0,0,0,0.3554,0
80305.01,48087.82,8000.0,24217.19,0.0996,118499.36,0.4457,0.842,0.198,0.902,0,0.2644,0.871,0.854,0.3016,0,7459.03,144000.0,1,6,0.1588,1
23569.0,15105.89,0.0,8463.11,0.0,50333.24,0.6747,0.893,0.12,0.935,0,-0.0126,0.943,0.892,0.3591,0,4087.9,0.0,0,0,0.0745,0
37900.41,24349.15,0.0,13551.25,0.0,68904.64,0.3451,0.901,0.109,0.923,0,-0.0502,0.956,0.882,0.3575,0,4009.1,0.0,0,0,0.1016,0
38838.63,30065.3,8000.0,773.33,0.206,7904.48,0.124,0.925,0.087,0.739,10,-0.1244,0.691,0.718,0.0199,3,4088.35,192000.0,1,12,0.9995,1
103053.34,63031.01,8000.0,32022.33,0.0776,133022.12,0.2528,0.814,0.211,0.876,0,0.3702,0.917,0.739,0.3107,0,7709.55,144000.0,1,11,0.154,0
42702.73,26971.02,0.0,15731.71,0.0,87387.39,0.5172,0.87,0.153,0.887,0,0.0201,0.872,0.85,0.3684,0,4339.89,0.0,0,0,0.1452,0
33006.01,20910.03,1500.0,10595.98,0.0454,56331.86,0.4421,0.896,0.145,0.807,0,0.0161,0.92,0.909,0.321,0,3314.31,18000.0,0,0,0.3052,0
15992.49,12100.22,12000.0,-8107.73,0.7504,622.02,0.0313,0.912,0.1,0.639,24,-0.1499,0.589,0.667,0.0,1,6039.29,288000.0,0,0,1.0,1
47482.82,29667.6,1500.0,16315.22,0.0316,81514.5,0.3322,0.883,0.11,0.836,0,0.1244,0.882,0.875,0.3436,0,4663.64,18000.0,0,0,0.1351,0
47930.65,30732.44,0.0,17198.21,0.0,88103.04,0.3491,0.9,0.127,0.812,0,-0.1191,0.949,0.938,0.3588,0,4050.4,0.0,0,0,0.1337,0
54712.19,27578.9,0.0,27133.29,0.0,171245.06,0.8805,0.97,0.101,0.958,0,0.0735,0.986,0.872,0.4959,0,6207.62,0.0,1,6,0.0007,0
69887.09,34910.8,0.0,34976.29,0.0,214731.34,0.8325,0.973,0.09,0.934,0,0.0525,0.933,0.765,0.5005,0,8103.49,0.0,1,8,0.0005,0
32434.35,24683.72,20000.0,-12249.37,0.6166,678.7,0.0154,0.913,0.097,0.607,24,-0.2162,0.779,0.618,0.0,1,5072.04,480000.0,0,0,1.0,1
70848.68,35518.44,3000.0,32330.24,0.0423,189103.49,0.615,0.972,0.11,0.938,0,0.0606,0.921,0.764,0.4563,0,5030.6,45000.0,0,0,0.0029,0
44831.95,22058.96,3000.0,19772.99,0.0669,133099.39,0.9988,0.974,0.092,0.966,0,0.0485,0.963,0.851,0.441,0,5539.28,45000.0,1,3,0.0023,0
35802.37,22421.13,1500.0,11881.24,0.0419,66295.7,0.4583,0.886,0.114,0.854,0,-0.0552,0.924,0.932,0.3319,0,4930.65,18000.0,0,0,0.1739,0
35136.35,23063.69,3500.0,8572.65,0.0996,49905.08,0.4573,0.899,0.119,0.825,0,-0.0032,0.933,0.867,0.244,0,4598.04,42000.0,0,0,0.3495,1
68034.81,42215.21,4000.0,21819.6,0.0588,113275.71,0.5957,0.846,0.139,0.904,0,0.3329,0.951,0.84,0.3207,0,7918.73,72000.0,1,22,0.0261,0
121031.82,74880.66,16000.0,30151.16,0.1322,144944.94,0.3306,0.893,0.102,0.831,0,0.1547,0.931,0.746,0.2491,0,7498.78,288000.0,0,0,0.047,0
60719.31,29446.31,3000.0,28273.0,0.0494,174198.69,0.77,0.974,0.079,0.909,0,0.0479,0.991,0.751,0.4656,0,7012.49,45000.0,0,0,0.0017,0
106050.61,65819.47,4000.0,36231.14,0.0377,159851.27,0.3567,0.864,0.176,0.884,0,0.3164,0.932,0.728,0.3416,0,6041.52,72000.0,0,0,0.023,0
84636.7,53506.45,8000.0,23130.25,0.0945,116963.05,0.4724,0.863,0.2,0.866,0,0.2632,0.904,0.885,0.2733,0,9179.26,144000.0,0,0,0.131,0
87435.1,45157.4,0.0,42277.7,0.0,251044.22,0.647,0.971,0.111,0.974,0,0.0468,0.994,0.852,0.4835,0,7413.3,0.0,1,6,0.0002,0
42321.1,32065.83,8000.0,2255.27,0.189,9320.72,0.0775,0.914,0.101,0.617,5,-0.1084,0.557,0.632,0.0533,2,4733.99,192000.0,1,26,0.9995,1
79678.8,40395.6,0.0,39283.2,0.0,229083.79,0.6131,0.973,0.107,0.916,0,0.0477,0.933,0.864,0.493,0,5115.18,0.0,1,13,0.0007,0
40775.95,31324.73,12000.0,-2548.78,0.2943,890.3,0.0123,0.918,0.103,0.652,21,-0.182,0.693,0.635,0.0,2,4553.7,288000.0,0,0,1.0,1
32480.82,24636.28,20000.0,-12155.46,0.6157,646.67,0.0154,0.925,0.087,0.709,24,-0.1597,0.771,0.616,0.0,1,4683.31,480000.0,1,10,1.0,1
79963.2,40286.05,6000.0,33677.15,0.075,209551.33,0.7072,0.971,0.087,0.903,0,0.0533,0.954,0.806,0.4212,0,8190.15,90000.0,0,0,0.0013,0
50180.19,32474.6,0.0,17705.59,0.0,90069.3,0.3669,0.888,0.123,0.823,0,-0.0296,0.915,0.884,0.3528,0,4179.42,0.0,0,0,0.1248,0
54579.31,27164.68,0.0,27414.63,0.0,171384.82,0.846,0.974,0.115,0.951,0,0.064,0.981,0.785,0.5023,0,5231.45,0.0,0,0,0.0013,0
33323.62,21243.96,1500.0,10579.66,0.045,61187.57,0.5461,0.904,0.13,0.895,0,0.1266,0.978,0.901,0.3175,0,3514.35,18000.0,0,0,0.0839,0
77710.12,38454.81,0.0,39255.31,0.0,238607.31,0.7716,0.973,0.1,0.9,0,0.0453,0.924,0.849,0.5052,0,8083.37,0.0,1,3,0.0004,0
67853.73,34254.6,0.0,33599.13,0.0,200109.92,0.7139,0.976,0.082,0.956,0,0.0471,0.968,0.892,0.4952,0,8719.61,0.0,0,0,0.0005,0
27906.86,17744.18,0.0,10162.68,0.0,58188.9,0.6244,0.895,0.15,0.916,0,0.1786,0.875,0.86,0.3642,0,3441.59,0.0,0,0,0.1003,1
28022.1,21472.33,16000.0,-9450.23,0.571,558.19,0.0178,0.938,0.088,0.729,24,-0.1231,0.635,0.58,0.0,1,5107.35,384000.0,0,0,1.0,1
94076.45,59097.53,12000.0,22978.91,0.1276,112263.37,0.4121,0.881,0.158,0.833,0,0.2481,0.856,0.845,0.2443,0,7596.77,216000.0,1,3,0.1611,0
21220.12,13255.19,1500.0,6464.93,0.0707,38700.29,0.5984,0.879,0.148,0.921,0,-0.042,0.867,0.855,0.3047,0,3399.9,18000.0,0,0,0.4059,0
91352.19,57339.05,12000.0,22013.13,0.1314,105265.92,0.3712,0.828,0.167,0.947,0,0.3956,0.868,0.768,0.241,0,11130.81,216000.0,0,0,0.1755,0
24115.66,18958.46,16000.0,-10842.8,0.6635,516.75,0.0207,0.91,0.113,0.606,24,-0.1867,0.757,0.618,0.0,2,6601.11,384000.0,1,17,1.0,1
39312.84,25006.84,0.0,14306.0,0.0,77020.0,0.4595,0.913,0.126,0.927,0,-0.0447,0.89,0.953,0.3639,0,4497.14,0.0,0,0,0.0811,0
70429.85,45015.09,4000.0,21414.75,0.0568,104144.94,0.4627,0.83,0.181,0.868,0,0.4108,0.829,0.785,0.3041,2,8942.84,72000.0,1,15,0.4964,0
37432.19,23720.89,0.0,13711.3,0.0,70810.53,0.3969,0.905,0.128,0.88,0,0.0204,0.858,0.885,0.3663,0,4989.0,0.0,0,0,0.1554,0
40935.78,31268.4,12000.0,-2332.62,0.2931,2738.66,0.0122,0.923,0.09,0.751,20,-0.1847,0.619,0.508,0.0,2,5450.35,288000.0,0,0,1.0,1
34240.59,21352.72,2500.0,10387.87,0.073,58054.03,0.4724,0.913,0.12,0.91,0,-0.0392,0.962,0.888,0.3034,0,3688.38,30000.0,0,0,0.1644,0
30082.56,22740.29,8000.0,-657.73,0.2659,2743.43,0.0166,0.939,0.083,0.746,15,-0.0993,0.734,0.64,0.0,3,4350.17,192000.0,1,11,0.9999,1
44261.74,28342.42,1500.0,14419.33,0.0339,70938.97,0.3043,0.896,0.123,0.823,0,-0.0069,0.854,0.828,0.3258,0,4334.61,18000.0,0,0,0.3224,1
35020.28,21874.83,0.0,13145.45,0.0,72183.62,0.5112,0.91,0.142,0.915,0,-0.055,0.951,0.893,0.3754,0,4525.36,0.0,0,0,0.0958,0
38670.99,29544.54,8000.0,1126.45,0.2069,7343.25,0.1278,0.917,0.105,0.641,8,-0.1943,0.764,0.683,0.0291,1,6810.69,192000.0,0,0,0.998,1
39964.19,20023.64,0.0,19940.55,0.0,143094.87,1.309,0.977,0.108,0.959,0,0.0432,0.999,0.767,0.499,0,7454.27,0.0,0,0,0.0006,0
52370.67,32772.81,1500.0,18097.86,0.0286,91625.2,0.31,0.887,0.14,0.926,0,-0.065,0.886,0.844,0.3456,0,4191.55,18000.0,0,0,0.1913,0
42652.89,21368.44,3000.0,18284.46,0.0703,134409.19,1.1927,0.974,0.089,0.932,0,0.0515,0.977,0.861,0.4287,0,5367.32,45000.0,0,0,0.0014,0
33730.51,21378.24,0.0,12352.27,0.0,70181.79,0.5666,0.897,0.148,0.926,0,-0.023,0.852,0.847,0.3662,1,4685.21,0.0,0,0,0.2981,0
64995.03,32428.98,3000.0,29566.05,0.0462,190001.99,0.8852,0.974,0.109,0.966,0,0.0563,0.94,0.8,0.4549,0,7163.01,45000.0,0,0,0.0012,0
30974.79,19742.71,3500.0,7732.08,0.113,42036.75,0.3587,0.899,0.132,0.915,0,-0.0487,0.875,0.932,0.2496,0,4800.04,42000.0,0,0,0.4948,0
27145.18,16894.67,0.0,10250.51,0.0,57486.9,0.5929,0.887,0.143,0.93,0,-0.0496,0.958,0.846,0.3776,0,4922.84,0.0,0,0,0.1271,1
71630.61,34951.21,0.0,36679.4,0.0,211041.36,0.5841,0.974,0.107,0.977,0,0.0521,0.974,0.861,0.5121,0,7789.13,0.0,0,0,0.0007,0
63240.09,31732.97,3000.0,28507.11,0.0474,176878.74,0.765,0.976,0.078,0.916,0,0.0554,0.943,0.896,0.4508,0,5200.58,45000.0,1,4,0.0013,0
74063.7,37810.57,0.0,36253.13,0.0,219099.67,0.7638,0.972,0.09,0.956,0,0.0403,0.986,0.758,0.4895,0,7274.21,0.0,0,0,0.0004,0
90801.82,57826.75,8000.0,24975.07,0.0881,120643.47,0.3618,0.832,0.198,0.85,0,0.3881,0.891,0.809,0.2751,0,8729.33,144000.0,0,0,0.169,1
68688.64,34138.15,0.0,34550.48,0.0,195787.06,0.5599,0.973,0.092,0.917,0,0.0444,0.923,0.85,0.503,0,5042.65,0.0,1,11,0.0014,0
34529.72,22029.56,0.0,12500.16,0.0,63563.82,0.3889,0.901,0.099,0.837,0,0.1264,0.874,0.828,0.362,0,3149.86,0.0,0,0,0.1264,0
30862.43,23784.19,8000.0,-921.77,0.2592,4304.02,0.0393,0.918,0.063,0.657,16,-0.1715,0.759,0.534,0.0,1,6449.2,192000.0,1,11,0.9995,1
40611.78,26323.35,1500.0,12788.44,0.0369,63817.15,0.3597,0.906,0.126,0.827,0,-0.0729,0.971,0.912,0.3149,0,3985.37,18000.0,0,0,0.2113,1
62193.5,30416.81,0.0,31776.68,0.0,193100.69,0.7698,0.975,0.097,0.964,0,0.0385,0.924,0.81,0.5109,0,5409.36,0.0,0,0,0.0009,0
34009.47,26081.61,8000.0,-72.14,0.2352,3204.5,0.079,0.928,0.105,0.691,11,-0.116,0.714,0.745,0.0,3,5912.5,192000.0,0,0,0.9998,1
28383.88,17633.35,0.0,10750.53,0.0,54329.88,0.3821,0.884,0.13,0.936,0,0.2558,0.959,0.832,0.3788,0,4652.4,0.0,0,0,0.0945,0
133108.96,82384.05,12000.0,38724.91,0.0902,163485.26,0.2561,0.84,0.184,0.921,0,0.3314,0.901,0.833,0.2909,0,9985.85,216000.0,1,3,0.0355,1
79008.79,38988.11,3000.0,37020.68,0.038,224033.17,0.6699,0.973,0.1,0.952,0,0.0527,0.966,0.845,0.4686,0,8034.87,45000.0,1,9,0.0006,0
32590.01,20184.92,2500.0,9905.09,0.0767,52208.82,0.3686,0.894,0.142,0.937,0,0.0662,0.895,0.922,0.3039,1,4041.6,30000.0,0,0,0.492,1
53690.54,27060.66,3000.0,23629.88,0.0559,144905.57,0.6998,0.974,0.092,0.947,0,0.0537,0.969,0.798,0.4401,0,6376.17,45000.0,0,0,0.0042,0
34903.44,21679.22,1500.0,11724.23,0.043,58817.86,0.3389,0.891,0.128,0.904,0,0.0721,0.932,0.944,0.3359,0,3450.02,18000.0,0,0,0.1765,1
59191.13,36530.37,4000.0,18660.76,0.0676,85453.56,0.4098,0.842,0.199,0.824,0,0.3331,0.954,0.761,0.3153,0,8798.72,72000.0,0,0,0.2663,0
45885.86,29553.69,2500.0,13832.17,0.0545,75260.81,0.4315,0.89,0.154,0.835,0,0.0042,0.862,0.873,0.3014,0,3049.84,30000.0,0,0,0.3283,0
109005.49,67596.96,4000.0,37408.52,0.0367,162379.91,0.338,0.842,0.178,0.927,0,0.315,0.839,0.822,0.3432,0,11005.51,72000.0,0,0,0.0265,0
55134.96,33411.22,16000.0,5723.74,0.2902,51068.16,0.6031,0.845,0.178,0.843,3,0.483,0.838,0.768,0.1038,0,10925.45,288000.0,1,4,0.8147,1
26627.9,20145.76,12000.0,-5517.85,0.4507,580.16,0.0188,0.912,0.108,0.62,24,-0.2193,0.604,0.637,0.0,3,4703.31,288000.0,1,8,1.0,1
37198.25,23842.8,1500.0,11855.44,0.0403,59683.26,0.3254,0.903,0.114,0.916,0,0.0557,0.897,0.948,0.3187,0,4121.0,18000.0,0,0,0.1564,0
77525.05,38672.74,6000.0,32852.31,0.0774,205896.57,0.6973,0.968,0.101,0.939,0,0.0772,0.924,0.915,0.4238,0,7063.35,90000.0,1,2,0.0014,0
81521.21,51002.89,16000.0,14518.31,0.1963,77067.54,0.3479,0.817,0.218,0.874,0,0.3788,0.9,0.826,0.1781,0,6312.22,288000.0,1,22,0.6851,1
51279.49,25223.84,0.0,26055.65,0.0,173552.68,1.0805,0.972,0.114,0.912,0,0.048,0.988,0.859,0.5081,1,6018.3,0.0,0,0,0.0016,0
42470.59,21233.94,0.0,21236.65,0.0,144812.69,1.1391,0.972,0.084,0.93,0,0.0428,0.921,0.809,0.5,0,8802.96,0.0,0,0,0.001,0
43648.39,27429.0,0.0,16219.39,0.0,83766.66,0.3977,0.878,0.133,0.817,0,0.1021,0.902,0.933,0.3716,0,4885.62,0.0,0,0,0.1155,0
60260.59,30538.34,6000.0,23722.25,0.0996,153757.2,0.8087,0.976,0.078,0.965,0,0.0223,0.994,0.792,0.3937,0,8435.21,90000.0,0,0,0.0028,0
32332.87,20853.2,1500.0,9979.67,0.0464,54474.77,0.4281,0.905,0.11,0.835,0,-0.1114,0.903,0.857,0.3087,0,4314.42,18000.0,0,0,0.3008,0
45638.08,28604.79,1500.0,15533.29,0.0329,81684.23,0.4361,0.882,0.151,0.923,0,-0.0026,0.964,0.944,0.3404,0,4676.07,18000.0,0,0,0.1117,0
38208.58,24822.26,3500.0,9886.32,0.0916,52933.57,0.325,0.908,0.119,0.891,0,-0.0496,0.942,0.874,0.2587,0,3422.22,42000.0,0,0,0.3376,0
68687.59,34106.27,0.0,34581.32,0.0,205686.5,0.683,0.973,0.081,0.966,0,0.044,0.97,0.846,0.5035,0,6971.05,0.0,0,0,0.0005,0
33386.0,20521.66,1500.0,11364.34,0.0449,65631.38,0.5552,0.902,0.104,0.905,0,0.0015,0.885,0.834,0.3404,0,4718.49,18000.0,0,0,0.1196,0
94589.12,47137.91,0.0,47451.21,0.0,261859.42,0.497,0.973,0.095,0.954,0,0.0482,0.939,0.843,0.5017,0,7988.65,0.0,0,0,0.0003,0
82745.39,52715.94,8000.0,22029.45,0.0967,106610.07,0.3596,0.852,0.178,0.838,0,0.2998,0.887,0.782,0.2662,0,6523.27,144000.0,0,0,0.2291,0
44034.71,27705.78,0.0,16328.94,0.0,85301.9,0.4742,0.892,0.13,0.804,0,0.193,0.891,0.834,0.3708,0,3907.13,0.0,0,0,0.0878,0
44204.85,28214.48,0.0,15990.37,0.0,82003.4,0.3772,0.893,0.139,0.808,0,-0.0076,0.88,0.871,0.3617,0,3120.17,0.0,0,0,0.2031,0
37487.11,23866.12,0.0,13620.99,0.0,67286.37,0.3171,0.894,0.143,0.879,0,0.1866,0.928,0.959,0.3634,0,3432.68,0.0,0,0,0.1136,0
71559.81,36796.46,0.0,34763.35,0.0,208168.3,0.6641,0.973,0.097,0.919,0,0.0662,0.933,0.757,0.4858,0,8375.87,0.0,0,0,0.001,0
32032.47,20054.47,1500.0,10478.0,0.0468,56762.95,0.4113,0.898,0.114,0.926,0,0.0594,0.896,0.841,0.3271,0,4126.4,18000.0,0,0,0.1817,0
42928.13,27682.99,1500.0,13745.14,0.0349,68030.75,0.2958,0.883,0.155,0.829,0,0.0036,0.957,0.861,0.3202,0,3757.61,18000.0,0,0,0.3381,0
108352.47,65681.85,8000.0,34670.62,0.0738,150089.74,0.304,0.869,0.129,0.823,0,0.1984,0.949,0.732,0.32,0,7265.65,144000.0,1,12,0.0343,0
27272.41,17908.19,2500.0,6864.22,0.0917,39723.91,0.4601,0.882,0.148,0.928,0,0.0565,0.906,0.882,0.2517,0,3244.26,30000.0,0,0,0.4018,0
29922.36,22361.28,8000.0,-438.92,0.2674,3855.81,0.0877,0.935,0.105,0.701,12,-0.032,0.704,0.508,0.0,4,6237.08,192000.0,1,14,0.9999,1
64252.48,39900.49,8000.0,16351.99,0.1245,85014.65,0.4765,0.85,0.182,0.821,0,0.379,0.945,0.752,0.2545,0,6142.23,144000.0,1,15,0.2758,0
35813.36,22296.57,0.0,13516.79,0.0,73566.62,0.5265,0.885,0.112,0.868,0,-0.1276,0.943,0.856,0.3774,0,3297.92,0.0,0,0,0.1123,0
40997.14,30861.65,8000.0,2135.49,0.1951,11223.73,0.1495,0.936,0.081,0.757,4,-0.0773,0.63,0.649,0.0521,3,4419.64,192000.0,1,35,0.9986,1
41777.47,25790.28,12000.0,3987.18,0.2872,37162.4,0.5988,0.856,0.165,0.918,5,0.1705,0.92,0.741,0.0954,0,11389.76,216000.0,1,19,0.874,1
61876.16,31086.14,3000.0,27790.02,0.0485,169188.98,0.6918,0.967,0.11,0.94,0,0.0598,0.938,0.781,0.4491,0,8971.34,45000.0,1,11,0.0038,0
92544.39,56862.27,8000.0,27682.12,0.0864,122793.53,0.2733,0.842,0.15,0.854,0,0.2952,0.856,0.805,0.2991,0,11036.2,144000.0,1,9,0.1254,0
62695.16,31725.04,0.0,30970.11,0.0,197583.92,0.8809,0.974,0.081,0.917,0,0.0443,0.932,0.806,0.494,0,8568.68,0.0,0,0,0.0006,0
71893.92,36018.11,0.0,35875.8,0.0,204519.73,0.6022,0.969,0.098,0.96,0,0.058,0.979,0.807,0.499,0,8535.14,0.0,0,0,0.0008,0
60756.32,30014.4,6000.0,24741.92,0.0988,150998.25,0.6371,0.972,0.084,0.929,0,0.0457,0.928,0.904,0.4072,0,5173.46,90000.0,1,13,0.0055,0
92352.6,57291.66,4000.0,31060.95,0.0433,132695.17,0.3137,0.805,0.2,0.909,0,0.5,0.825,0.752,0.3363,0,6873.48,72000.0,0,0,0.0949,1
76471.15,37339.78,3000.0,36131.36,0.0392,212240.56,0.6242,0.971,0.104,0.927,0,0.0503,0.987,0.814,0.4725,0,6058.92,45000.0,0,0,0.001,0
79829.27,40636.63,6000.0,33192.63,0.0752,192181.63,0.4942,0.973,0.091,0.948,0,0.0256,0.921,0.794,0.4158,0,5145.65,90000.0,0,0,0.0036,0
83549.87,43408.26,6000.0,34141.61,0.0718,199241.84,0.4928,0.974,0.09,0.905,0,0.0365,0.929,0.867,0.4086,0,5537.39,90000.0,0,0,0.0028,0
52045.89,25496.31,0.0,26549.58,0.0,169510.6,0.9605,0.971,0.076,0.919,0,0.0418,0.921,0.836,0.5101,0,6270.27,0.0,0,0,0.0008,0
33726.16,21288.68,2500.0,9937.48,0.0741,51829.37,0.3475,0.903,0.116,0.861,0,-0.0313,0.878,0.942,0.2947,0,3724.26,30000.0,0,0,0.3371,0
40672.49,25939.03,0.0,14733.46,0.0,78980.33,0.4929,0.878,0.138,0.927,0,-0.0167,0.917,0.916,0.3622,0,3613.88,0.0,0,0,0.0949,0
63226.68,31593.77,3000.0,28632.91,0.0474,184462.44,0.8298,0.976,0.089,0.903,0,0.046,0.989,0.813,0.4529,1,5669.15,45000.0,0,0,0.0028,0
64664.01,31234.7,0.0,33429.31,0.0,193582.06,0.6459,0.972,0.09,0.928,0,0.0468,0.939,0.761,0.517,0,5473.42,0.0,0,0,0.0013,0
45764.48,28685.89,0.0,17078.59,0.0,82462.84,0.3129,0.908,0.131,0.875,0,0.0174,0.87,0.833,0.3732,0,3757.57,0.0,0,0,0.1557,0
36691.04,22870.54,2500.0,11320.49,0.0681,64324.93,0.4744,0.906,0.121,0.875,0,-0.0359,0.93,0.835,0.3085,0,4130.93,30000.0,0,0,0.2109,0
31951.54,23752.24,16000.0,-7800.7,0.5008,533.3,0.0156,0.904,0.098,0.722,24,-0.2107,0.541,0.659,0.0,3,5324.9,384000.0,1,19,1.0,1
45351.61,29139.14,0.0,16212.46,0.0,80396.81,0.3208,0.88,0.12,0.895,0,-0.1167,0.893,0.938,0.3575,0,4485.76,0.0,0,0,0.1587,0
63326.06,31639.54,6000.0,25686.52,0.0947,168544.82,0.7991,0.979,0.097,0.973,0,0.0381,0.988,0.848,0.4056,0,5646.63,90000.0,1,1,0.0022,0
26716.38,16895.36,0.0,9821.03,0.0,55525.98,0.5899,0.908,0.129,0.861,0,-0.0097,0.892,0.881,0.3676,0,4386.0,0.0,0,0,0.1381,0
75655.54,39196.86,0.0,36458.68,0.0,209447.56,0.5784,0.971,0.091,0.926,0,0.0645,0.981,0.902,0.4819,0,6562.9,0.0,0,0,0.0006,0
36721.52,23157.29,1500.0,12064.23,0.0408,62084.61,0.3465,0.88,0.156,0.904,0,-0.1502,0.855,0.904,0.3285,0,3167.55,18000.0,0,0,0.4784,0
44419.33,28284.29,0.0,16135.04,0.0,80380.42,0.3211,0.882,0.139,0.887,0,0.1799,0.971,0.869,0.3632,0,3790.87,0.0,0,0,0.0867,1
88182.63,54541.11,4000.0,29641.52,0.0454,125112.03,0.3212,0.828,0.193,0.863,0,0.4059,0.858,0.808,0.3361,0,10240.15,72000.0,1,14,0.0998,1
135583.22,82528.05,8000.0,45055.16,0.059,190588.27,0.2917,0.84,0.189,0.945,0,0.242,0.863,0.812,0.3323,0,8805.6,144000.0,0,0,0.0183,0
35777.0,23079.92,2500.0,10197.08,0.0699,52376.45,0.3661,0.898,0.115,0.848,0,0.1181,0.919,0.847,0.285,0,3764.81,30000.0,0,0,0.2555,0
42204.48,32391.94,12000.0,-2187.46,0.2843,726.82,0.0118,0.923,0.095,0.676,20,-0.1712,0.536,0.502,0.0,2,6121.43,288000.0,1,16,1.0,1
39879.93,25567.43,1500.0,12812.5,0.0376,65326.18,0.3422,0.879,0.14,0.849,0,-0.0848,0.875,0.907,0.3213,0,4306.8,18000.0,0,0,0.3855,0
23132.25,17487.32,12000.0,-6355.07,0.5188,707.57,0.0216,0.928,0.084,0.607,24,-0.139,0.661,0.679,0.0,4,5420.83,288000.0,0,0,1.0,1
57533.56,35798.4,0.0,21735.16,0.0,104221.06,0.3287,0.869,0.145,0.806,0,-0.0164,0.935,0.954,0.3778,0,3250.64,0.0,0,0,0.1125,0
43945.81,27087.71,1500.0,15358.1,0.0341,80001.44,0.3935,0.894,0.144,0.905,0,0.0432,0.935,0.839,0.3495,0,3340.0,18000.0,0,0,0.1491,0
43201.46,27448.76,2500.0,13252.7,0.0579,69311.04,0.3346,0.892,0.123,0.82,0,0.087,0.869,0.941,0.3068,0,4642.23,30000.0,0,0,0.2466,0
46464.37,23165.3,0.0,23299.06,0.0,140948.31,0.7445,0.973,0.073,0.924,0,0.0377,0.959,0.764,0.5014,0,8774.07,0.0,0,0,0.0026,0
30969.24,20074.65,0.0,10894.59,0.0,62678.73,0.6556,0.886,0.138,0.832,0,0.0037,0.877,0.839,0.3518,0,4353.44,0.0,0,0,0.1626,0
54311.47,27501.4,0.0,26810.07,0.0,159105.02,0.67,0.972,0.094,0.936,0,0.0538,0.929,0.844,0.4936,0,7713.81,0.0,0,0,0.0024,0
67461.89,33686.32,0.0,33775.57,0.0,202817.9,0.7157,0.975,0.108,0.939,0,0.0463,0.983,0.84,0.5007,0,5641.43,0.0,0,0,0.0007,0
19774.07,15477.21,12000.0,-7703.14,0.6069,550.95,0.0253,0.915,0.104,0.637,24,-0.1761,0.7,0.734,0.0,3,5204.22,288000.0,1,23,1.0,1
42204.76,26584.41,1500.0,14120.34,0.0355,73374.06,0.3903,0.893,0.133,0.915,0,0.158,0.963,0.894,0.3346,0,4401.06,18000.0,0,0,0.0886,0
20747.42,15953.48,8000.0,-3206.06,0.3856,1165.87,0.0241,0.916,0.099,0.627,24,-0.1465,0.642,0.606,0.0,1,5023.47,192000.0,0,0,1.0,1
71658.39,35472.61,0.0,36185.78,0.0,212244.9,0.6664,0.976,0.101,0.935,0,0.0421,0.962,0.767,0.505,0,5850.2,0.0,1,1,0.0008,0
61793.91,38034.02,12000.0,11759.89,0.1942,77812.57,0.6004,0.853,0.172,0.893,0,0.3903,0.93,0.85,0.1903,0,11438.14,216000.0,1,19,0.2555,1
102374.75,64151.07,8000.0,30223.69,0.0781,138186.33,0.3267,0.892,0.17,0.871,0,0.1647,0.851,0.802,0.2952,0,10182.82,144000.0,0,0,0.0913,0
57741.46,36319.57,0.0,21421.88,0.0,102321.6,0.2783,0.897,0.141,0.872,0,0.0502,0.86,0.902,0.371,0,4940.55,0.0,0,0,0.1086,0
44413.23,22311.38,0.0,22101.85,0.0,151421.12,1.1324,0.973,0.08,0.976,0,0.0435,0.987,0.753,0.4976,0,5642.04,0.0,0,0,0.0006,0
36775.76,23326.63,0.0,13449.13,0.0,68331.19,0.3957,0.888,0.134,0.906,0,0.0269,0.896,0.876,0.3657,0,3422.79,0.0,0,0,0.1536,1
39461.07,24706.11,0.0,14754.95,0.0,80008.92,0.5365,0.906,0.123,0.898,0,-0.0009,0.86,0.932,0.3739,0,4957.86,0.0,0,0,0.0735,0
41878.92,26521.38,0.0,15357.54,0.0,77104.44,0.3929,0.887,0.138,0.847,0,0.2332,0.956,0.843,0.3667,0,3614.17,0.0,0,0,0.0846,0
52212.61,26885.47,3000.0,22327.14,0.0575,136596.0,0.6763,0.976,0.081,0.917,0,0.0405,0.957,0.842,0.4276,0,8846.01,45000.0,0,0,0.0051,0
80841.81,39594.13,0.0,41247.68,0.0,231229.38,0.5252,0.972,0.086,0.962,0,0.0597,0.935,0.868,0.5102,0,7071.25,0.0,1,12,0.0004,0
37506.55,24182.23,2500.0,10824.32,0.0667,58048.33,0.4024,0.88,0.144,0.831,0,0.2146,0.939,0.909,0.2886,0,4425.85,30000.0,0,0,0.2326,0
92208.95,56017.37,12000.0,24191.57,0.1301,115894.82,0.3929,0.838,0.198,0.881,0,0.3594,0.841,0.893,0.2624,0,7020.21,216000.0,1,15,0.2062,0
38333.14,24266.58,2500.0,11566.56,0.0652,64441.57,0.4204,0.884,0.126,0.815,0,-0.0344,0.91,0.922,0.3017,0,4531.82,30000.0,0,0,0.3023,0
92238.49,57792.28,8000.0,26446.21,0.0867,124389.25,0.3531,0.839,0.203,0.945,0,0.3714,0.924,0.734,0.2867,0,10562.96,144000.0,0,0,0.1168,0
66595.73,32904.89,0.0,33690.84,0.0,194950.99,0.647,0.97,0.085,0.969,0,0.061,0.932,0.869,0.5059,1,5184.71,0.0,1,6,0.0017,0
36155.25,23162.21,1500.0,11493.04,0.0415,58900.32,0.3452,0.896,0.137,0.828,0,-0.1152,0.978,0.876,0.3179,0,3360.92,18000.0,0,0,0.3368,1
33649.46,21665.33,0.0,11984.14,0.0,61351.95,0.364,0.899,0.153,0.864,0,-0.0107,0.876,0.827,0.3561,0,4600.32,0.0,0,0,0.3251,0
89485.48,43933.96,3000.0,42551.52,0.0335,239622.89,0.5362,0.97,0.084,0.965,0,0.0543,0.947,0.918,0.4755,0,5248.11,45000.0,0,0,0.0004,0
45441.37,22269.45,3000.0,20171.92,0.066,127376.31,0.762,0.973,0.103,0.956,0,0.0415,0.93,0.815,0.4439,0,7279.6,45000.0,0,0,0.0079,0
54067.59,28321.37,0.0,25746.22,0.0,153098.45,0.6815,0.969,0.076,0.973,0,0.0664,0.947,0.863,0.4762,0,5981.36,0.0,0,0,0.0015,0
38891.99,25521.33,1500.0,11870.66,0.0386,66737.76,0.4656,0.897,0.13,0.894,0,0.1356,0.966,0.925,0.3052,0,3306.5,18000.0,0,0,0.0898,0
40735.94,31908.67,12000.0,-3172.73,0.2946,1433.02,0.0123,0.916,0.1,0.648,21,-0.1902,0.76,0.627,0.0,1,4392.84,288000.0,0,0,0.9999,1
55811.69,28225.06,0.0,27586.63,0.0,161550.18,0.6848,0.97,0.072,0.915,0,0.0573,0.988,0.804,0.4943,0,5641.24,0.0,0,0,0.0014,0
63863.23,30867.39,3000.0,29995.83,0.047,189349.42,0.8203,0.972,0.101,0.971,0,0.0571,0.965,0.831,0.4697,0,5469.91,45000.0,1,12,0.001,0
21258.59,16506.21,16000.0,-11247.62,0.7526,500.0,0.0235,0.905,0.117,0.689,24,-0.2386,0.708,0.661,0.0,4,6499.65,384000.0,0,0,1.0,1
46840.68,23288.65,3000.0,20552.03,0.064,132013.47,0.7925,0.972,0.089,0.909,0,0.0537,0.999,0.911,0.4388,0,6309.6,45000.0,0,0,0.0036,0
53717.48,25071.67,6000.0,22645.81,0.1117,142733.02,0.7301,0.973,0.082,0.937,0,0.0658,0.968,0.806,0.4216,0,8787.83,90000.0,0,0,0.0055,0
49979.08,24434.23,0.0,25544.85,0.0,152221.08,0.7179,0.976,0.079,0.973,0,0.0342,0.977,0.898,0.5111,0,7390.03,0.0,0,0,0.0012,0
68819.48,34094.98,3000.0,31724.51,0.0436,185968.77,0.6192,0.973,0.09,0.933,0,0.0364,0.951,0.772,0.461,0,7129.87,45000.0,0,0,0.0022,0
61576.17,31044.11,0.0,30532.06,0.0,178104.59,0.6456,0.973,0.083,0.94,0,0.0545,0.961,0.859,0.4958,0,5967.81,0.0,1,2,0.0011,0
107195.56,54205.82,3000.0,49989.74,0.028,271097.93,0.3932,0.972,0.105,0.939,0,0.0444,0.983,0.847,0.4663,0,7783.45,45000.0,0,0,0.0003,0
105107.77,65842.27,8000.0,31265.5,0.0761,145852.46,0.416,0.824,0.204,0.903,0,0.5,0.941,0.861,0.2975,0,9200.05,144000.0,1,9,0.0339,0
66406.01,33729.18,6000.0,26676.82,0.0904,170502.18,0.7726,0.972,0.096,0.967,0,0.0665,0.982,0.91,0.4017,0,7872.44,90000.0,0,0,0.0018,0
70049.48,42281.43,16000.0,11768.05,0.2284,61723.86,0.368,0.825,0.163,0.925,0,0.4188,0.942,0.857,0.168,0,11348.24,288000.0,0,0,0.4664,0
28863.26,21837.71,8000.0,-974.45,0.2772,1170.9,0.0173,0.908,0.112,0.591,15,-0.1299,0.633,0.644,0.0,1,4872.48,192000.0,0,0,0.9999,1
24005.38,15308.66,0.0,8696.73,0.0,54755.59,0.7603,0.905,0.112,0.867,0,0.0146,0.881,0.945,0.3623,1,3217.99,0.0,0,0,0.1361,0
46477.03,29843.28,1500.0,15133.75,0.0323,75634.76,0.3482,0.887,0.163,0.842,0,0.0716,0.92,0.87,0.3256,0,3933.35,18000.0,0,0,0.26,0
32068.91,24513.68,16000.0,-8444.77,0.4989,773.59,0.0156,0.903,0.103,0.603,24,-0.1863,0.671,0.683,0.0,3,4063.17,384000.0,1,25,1.0,1
65607.89,32901.89,0.0,32706.0,0.0,197535.18,0.7373,0.977,0.094,0.938,0,0.0441,0.999,0.864,0.4985,0,8155.83,0.0,1,6,0.0006,0
46676.87,29057.03,12000.0,5619.84,0.2571,47855.35,0.6499,0.873,0.137,0.837,1,0.36,0.881,0.804,0.1204,0,6265.15,216000.0,1,22,0.536,1
71143.63,34108.82,3000.0,34034.81,0.0422,205345.27,0.7003,0.974,0.095,0.973,0,0.0589,0.997,0.829,0.4784,0,8451.01,45000.0,0,0,0.0007,0
100962.02,62584.9,16000.0,22377.12,0.1585,97472.33,0.2678,0.835,0.194,0.902,0,0.3335,0.855,0.899,0.2216,0,6003.34,288000.0,0,0,0.3658,0
81440.87,48965.56,4000.0,28475.31,0.0491,134808.66,0.4743,0.828,0.22,0.822,0,0.4898,0.903,0.874,0.3496,0,8480.14,72000.0,1,19,0.0637,0
25001.62,19535.53,12000.0,-6533.91,0.48,560.7,0.02,0.906,0.103,0.708,24,-0.1838,0.615,0.556,0.0,3,6801.75,288000.0,1,19,1.0,1
83082.34,49179.46,8000.0,25902.88,0.0963,124480.74,0.4718,0.825,0.183,0.884,0,0.36,0.867,0.75,0.3118,1,9708.44,144000.0,0,0,0.247,0
44462.73,27529.28,3500.0,13433.45,0.0787,70443.02,0.3726,0.881,0.139,0.812,0,0.0653,0.895,0.824,0.3021,0,4713.6,42000.0,0,0,0.372,1
40036.69,25288.59,1500.0,13248.11,0.0375,66020.26,0.308,0.888,0.16,0.856,0,-0.0609,0.892,0.942,0.3309,0,3696.59,18000.0,0,0,0.3925,1
101675.32,61640.89,8000.0,32034.42,0.0787,145445.67,0.392,0.842,0.174,0.877,0,0.2764,0.825,0.801,0.3151,0,10627.85,144000.0,1,3,0.0766,0
98998.42,63027.26,16000.0,19971.16,0.1616,105447.24,0.3984,0.867,0.197,0.839,0,0.224,0.948,0.76,0.2017,0,7489.8,288000.0,0,0,0.3695,1
71953.03,37442.56,0.0,34510.47,0.0,207555.94,0.6984,0.974,0.097,0.902,0,0.0458,0.931,0.876,0.4796,0,7076.39,0.0,0,0,0.0008,0
31426.14,20108.96,0.0,11317.18,0.0,64456.11,0.6195,0.891,0.123,0.898,0,-0.0718,0.925,0.861,0.3601,0,4656.93,0.0,0,0,0.1015,0
42420.66,26200.42,1500.0,14720.23,0.0354,79663.29,0.4554,0.885,0.109,0.825,0,-0.0952,0.957,0.903,0.347,0,4267.63,18000.0,0,0,0.1328,0
107911.58,66941.96,8000.0,32969.62,0.0741,153563.67,0.3749,0.841,0.197,0.856,0,0.2986,0.868,0.864,0.3055,0,9628.0,144000.0,1,7,0.0685,0
33600.64,25732.51,12000.0,-4131.86,0.3571,560.54,0.0149,0.907,0.11,0.708,24,-0.2019,0.75,0.59,0.0,2,6389.66,288000.0,1,9,1.0,1
42531.75,27872.93,1500.0,13158.83,0.0353,70665.13,0.4058,0.897,0.125,0.9,0,-0.059,0.858,0.87,0.3094,0,3399.37,18000.0,0,0,0.2267,0
104696.54,67291.0,8000.0,29405.54,0.0764,128524.13,0.2864,0.857,0.179,0.845,0,0.1313,0.859,0.721,0.2809,0,9622.88,144000.0,1,22,0.2205,1
54369.01,26567.44,0.0,27801.57,0.0,180752.73,1.01,0.97,0.105,0.96,0,0.056,0.985,0.764,0.5113,0,7196.93,0.0,0,0,0.0006,0
38687.04,24295.83,1500.0,12891.21,0.0388,70387.73,0.5011,0.893,0.149,0.81,0,0.0693,0.964,0.854,0.3332,0,3768.61,18000.0,0,0,0.1793,0
32288.6,20792.46,1500.0,9996.14,0.0465,57751.55,0.5598,0.898,0.117,0.931,0,-0.0017,0.958,0.879,0.3096,0,3296.75,18000.0,0,0,0.1052,0
53063.19,25645.67,3000.0,24417.53,0.0565,144659.29,0.6449,0.971,0.108,0.932,0,0.0661,0.926,0.87,0.4602,0,7977.05,45000.0,1,13,0.0064,0
78701.9,48961.74,12000.0,17740.16,0.1525,85114.93,0.3409,0.837,0.16,0.838,0,0.44,0.93,0.843,0.2254,0,6223.61,216000.0,0,0,0.2559,0
70754.32,35577.71,3000.0,32176.62,0.0424,182831.91,0.54,0.973,0.087,0.95,0,0.0623,0.948,0.783,0.4548,0,5198.76,45000.0,0,0,0.0022,0
88221.95,55290.77,16000.0,16931.17,0.1814,96529.0,0.401,0.884,0.16,0.833,0,0.2899,0.821,0.785,0.1919,0,7520.19,288000.0,0,0,0.4112,1
101016.16,61822.28,8000.0,31193.88,0.0792,133929.65,0.3159,0.849,0.169,0.836,0,0.3869,0.914,0.88,0.3088,0,9550.7,144000.0,0,0,0.0505,0
65273.05,40260.36,8000.0,17012.69,0.1226,96365.78,0.6056,0.854,0.167,0.823,0,0.4068,0.937,0.896,0.2606,0,11220.0,144000.0,1,4,0.0987,0
46097.46,23196.2,0.0,22901.26,0.0,150780.82,1.007,0.972,0.091,0.908,0,0.0586,0.934,0.783,0.4968,0,6949.47,0.0,1,2,0.0015,0
41253.02,25715.18,0.0,15537.84,0.0,79774.62,0.4108,0.889,0.15,0.901,0,0.1421,0.899,0.93,0.3766,0,3562.16,0.0,0,0,0.0953,0
28718.66,22139.36,8000.0,-1420.7,0.2786,2524.67,0.0174,0.899,0.136,0.635,21,-0.2611,0.654,0.74,0.0,2,6377.05,192000.0,0,0,1.0,1
26471.74,16291.72,2500.0,7680.02,0.0944,46120.03,0.5711,0.905,0.119,0.814,0,-0.037,0.881,0.94,0.2901,0,3836.49,30000.0,0,0,0.3182,0
57369.91,29051.81,3000.0,25318.1,0.0523,149144.23,0.5863,0.971,0.097,0.927,0,0.0349,0.92,0.834,0.4413,0,5202.18,45000.0,0,0,0.007,0
58489.32,37167.12,4000.0,17322.2,0.0684,84669.77,0.4949,0.848,0.151,0.918,0,0.3845,0.88,0.835,0.2962,0,7063.35,72000.0,1,16,0.0928,0
67489.78,42188.4,4000.0,21301.38,0.0593,107912.88,0.5477,0.835,0.172,0.828,0,0.3705,0.938,0.861,0.3156,0,9274.92,72000.0,0,0,0.0702,0
58115.01,29837.04,6000.0,22277.97,0.1032,136899.38,0.6469,0.97,0.073,0.907,0,0.0495,0.983,0.821,0.3833,0,7643.19,90000.0,0,0,0.007,1
36760.31,28519.71,12000.0,-3759.39,0.3264,1083.75,0.0136,0.916,0.099,0.619,22,-0.115,0.684,0.592,0.0,1,5058.42,288000.0,1,15,1.0,1
21667.02,16530.59,12000.0,-6863.57,0.5538,627.05,0.0231,0.923,0.113,0.627,24,-0.1088,0.617,0.578,0.0,1,5545.86,288000.0,1,24,1.0,1
121309.08,75738.42,12000.0,33570.65,0.0989,148500.86,0.3115,0.848,0.174,0.831,0,0.1546,0.877,0.764,0.2767,0,8122.29,216000.0,0,0,0.1286,0
145056.49,88217.39,12000.0,44839.09,0.0827,185793.94,0.2993,0.844,0.161,0.825,0,0.3735,0.862,0.781,0.3091,0,11592.12,216000.0,1,6,0.0183,0
34372.83,22107.2,3500.0,8765.64,0.1018,47351.93,0.355,0.878,0.135,0.821,0,-0.1482,0.899,0.894,0.255,1,3453.97,42000.0,0,0,0.8126,1
37393.59,24122.76,3500.0,9770.83,0.0936,54602.0,0.385,0.901,0.133,0.854,0,0.055,0.978,0.874,0.2613,0,3945.3,42000.0,0,0,0.2903,0
43227.75,27393.93,0.0,15833.81,0.0,82335.35,0.4277,0.898,0.134,0.858,0,-0.0243,0.965,0.908,0.3663,0,3199.93,0.0,0,0,0.0931,0
40039.96,31052.13,20000.0,-11012.17,0.4995,574.33,0.0125,0.95,0.073,0.743,24,-0.0672,0.771,0.724,0.0,1,6420.65,480000.0,1,33,1.0,1
43868.01,21530.18,0.0,22337.83,0.0,136577.56,0.7699,0.974,0.108,0.919,0,0.0489,0.923,0.823,0.5092,0,5357.56,0.0,0,0,0.0045,0
26834.37,20476.61,12000.0,-5642.24,0.4472,569.6,0.0186,0.918,0.101,0.582,24,-0.1158,0.678,0.538,0.0,3,5330.78,288000.0,0,0,1.0,1
24246.24,18001.12,20000.0,-13754.88,0.8249,535.45,0.0206,0.932,0.084,0.713,24,-0.0994,0.693,0.637,0.0,1,6506.54,480000.0,0,0,1.0,1
69065.29,33814.17,0.0,35251.12,0.0,216476.93,0.7986,0.974,0.111,0.917,0,0.0458,0.939,0.838,0.5104,0,5912.8,0.0,0,0,0.0006,0
54223.38,33718.48,0.0,20504.9,0.0,99807.53,0.3134,0.893,0.133,0.905,0,-0.0931,0.955,0.841,0.3782,0,4971.89,0.0,0,0,0.0964,0
20669.42,15916.99,12000.0,-7247.56,0.5806,504.12,0.0242,0.919,0.104,0.665,24,-0.1208,0.672,0.735,0.0,1,5765.25,288000.0,0,0,1.0,1
111702.92,67945.15,4000.0,39757.77,0.0358,165146.26,0.3184,0.831,0.187,0.906,0,0.3702,0.828,0.776,0.3559,0,11025.92,72000.0,0,0,0.0307,0
28677.39,21940.38,20000.0,-13263.0,0.6974,593.99,0.0174,0.916,0.101,0.75,24,-0.1968,0.59,0.626,0.0,2,6417.53,480000.0,0,0,1.0,1
76104.7,47399.76,12000.0,16704.94,0.1577,83043.56,0.3716,0.834,0.183,0.889,0,0.4662,0.885,0.838,0.2195,0,9504.3,216000.0,1,14,0.3271,0
104387.92,67251.14,8000.0,29136.78,0.0766,135498.73,0.3592,0.866,0.166,0.894,0,0.1732,0.954,0.828,0.2791,0,9023.55,144000.0,1,22,0.0562,0
50051.19,24344.2,3000.0,22706.99,0.0599,142382.99,0.7837,0.973,0.106,0.959,0,0.051,0.931,0.848,0.4537,0,6346.23,45000.0,1,7,0.0046,0
37498.9,29077.54,20000.0,-11578.64,0.5333,500.0,0.0133,0.936,0.092,0.772,24,-0.1109,0.776,0.525,0.0,2,4668.75,480000.0,0,0,1.0,1
34906.39,22132.45,2500.0,10273.95,0.0716,59298.26,0.5541,0.888,0.156,0.831,0,-0.0062,0.941,0.85,0.2943,0,4476.44,30000.0,0,0,0.3209,0
57298.7,35803.23,4000.0,17495.47,0.0698,94268.72,0.6912,0.86,0.142,0.888,0,0.4138,0.876,0.814,0.3053,2,10569.81,72000.0,1,3,0.1975,0
41693.98,31663.08,12000.0,-1969.1,0.2878,1993.08,0.012,0.922,0.111,0.578,18,-0.1718,0.559,0.54,0.0,2,5606.31,288000.0,1,8,1.0,1
33448.66,25733.22,8000.0,-284.56,0.2392,4827.51,0.0877,0.922,0.085,0.752,14,-0.2193,0.569,0.67,0.0,2,6918.22,192000.0,1,15,0.9998,1
59701.47,30075.8,0.0,29625.68,0.0,184879.89,0.8161,0.977,0.089,0.909,0,0.0355,0.94,0.889,0.4962,0,5269.77,0.0,0,0,0.0008,0
33864.03,21523.62,1500.0,10840.41,0.0443,60705.26,0.5447,0.902,0.131,0.914,0,0.0285,0.86,0.889,0.3201,0,4287.35,18000.0,0,0,0.1659,1
72331.49,44342.27,8000.0,19989.22,0.1106,96338.8,0.4168,0.837,0.187,0.842,0,0.4673,0.899,0.739,0.2764,0,11610.29,144000.0,1,14,0.232,1
97776.33,62229.09,8000.0,27547.25,0.0818,119324.6,0.3287,0.86,0.163,0.83,0,0.2266,0.946,0.752,0.2817,0,7871.58,144000.0,1,13,0.1141,0
40299.1,26440.94,1500.0,12358.16,0.0372,67454.17,0.3755,0.882,0.161,0.815,0,-0.0417,0.871,0.852,0.3067,0,3300.91,18000.0,0,0,0.4777,1
120185.76,75303.88,8000.0,36881.88,0.0666,152812.49,0.2857,0.832,0.176,0.892,0,0.4197,0.822,0.824,0.3069,0,8972.05,144000.0,1,7,0.043,0
35462.69,22295.74,1500.0,11666.95,0.0423,63608.02,0.4738,0.921,0.126,0.833,0,0.0333,0.974,0.894,0.329,0,4643.21,18000.0,0,0,0.1261,1
30918.18,23243.17,8000.0,-324.99,0.2587,1423.74,0.0253,0.941,0.096,0.747,13,-0.024,0.768,0.575,0.0,4,4794.07,192000.0,1,7,0.9999,1
36393.99,22705.33,2500.0,11188.66,0.0687,56941.34,0.3765,0.88,0.163,0.853,0,0.1746,0.965,0.881,0.3074,0,3643.11,30000.0,0,0,0.2952,0
89525.44,45788.96,0.0,43736.49,0.0,253302.0,0.6256,0.971,0.087,0.93,0,0.0724,0.97,0.756,0.4885,0,8334.63,0.0,0,0,0.0003,0
149041.42,91570.21,8000.0,49471.21,0.0537,214476.82,0.2933,0.815,0.228,0.854,0,0.4666,0.897,0.822,0.3319,0,9021.0,144000.0,0,0,0.0138,0
72974.77,45998.39,12000.0,14976.38,0.1644,75384.6,0.3429,0.871,0.162,0.886,0,0.3636,0.933,0.725,0.2052,0,9712.2,216000.0,1,11,0.355,0
70869.77,35124.96,3000.0,32744.81,0.0423,194762.52,0.6346,0.973,0.088,0.979,0,0.0462,0.963,0.872,0.462,0,7648.04,45000.0,0,0,0.001,0
45754.2,28916.39,0.0,16837.81,0.0,84836.29,0.3707,0.888,0.121,0.861,0,-0.0191,0.934,0.83,0.368,0,4702.97,0.0,0,0,0.1187,0
43290.17,32512.77,8000.0,2777.4,0.1848,13089.43,0.148,0.919,0.086,0.743,4,-0.1889,0.651,0.708,0.0642,1,4564.29,192000.0,1,26,0.9937,1
34681.09,22168.33,2500.0,10012.76,0.0721,51955.14,0.307,0.898,0.132,0.901,0,0.0515,0.972,0.823,0.2887,0,4572.29,30000.0,0,0,0.3055,1
31194.69,23484.35,20000.0,-12289.66,0.6411,557.52,0.016,0.938,0.094,0.768,24,-0.1528,0.682,0.61,0.0,2,4748.0,480000.0,1,27,1.0,1
61677.82,29803.55,3000.0,28874.27,0.0486,186163.55,0.8487,0.974,0.088,0.902,0,0.0578,0.977,0.797,0.4681,0,8033.99,45000.0,0,0,0.0012,0
33056.95,21280.42,2500.0,9276.53,0.0756,48362.51,0.35,0.885,0.121,0.922,0,0.2686,0.921,0.914,0.2806,0,4015.44,30000.0,0,0,0.1723,1
78623.5,50514.47,8000.0,20109.04,0.1018,96560.5,0.384,0.842,0.197,0.902,0,0.2841,0.874,0.727,0.2558,1,9395.85,144000.0,0,0,0.5455,0
25830.88,19727.94,16000.0,-9897.06,0.6194,529.32,0.0194,0.917,0.126,0.619,24,-0.1636,0.523,0.618,0.0,2,5150.76,384000.0,1,14,1.0,1
34021.0,26197.82,12000.0,-4176.82,0.3527,1182.87,0.0147,0.909,0.104,0.647,24,-0.19,0.746,0.642,0.0,1,4005.15,288000.0,0,0,1.0,1
58561.13,29521.88,0.0,29039.25,0.0,178535.36,0.8032,0.971,0.088,0.923,0,0.0743,0.975,0.87,0.4959,0,5240.85,0.0,1,1,0.0008,0
28755.12,17896.14,3500.0,7358.99,0.1217,42972.42,0.4753,0.899,0.124,0.861,0,-0.0372,0.911,0.929,0.2559,0,3193.23,42000.0,0,0,0.4043,0
74435.87,37223.12,3000.0,34212.75,0.0403,199546.12,0.61,0.974,0.099,0.933,0,0.0659,0.987,0.868,0.4596,0,5350.22,45000.0,0,0,0.0011,0
24910.5,19053.26,8000.0,-2142.77,0.3211,1408.38,0.0201,0.906,0.118,0.553,22,-0.2012,0.614,0.602,0.0,3,5874.42,192000.0,1,32,1.0,1
70630.55,35026.66,0.0,35603.88,0.0,218017.47,0.7536,0.975,0.099,0.979,0,0.0452,0.969,0.915,0.5041,0,6718.76,0.0,0,0,0.0003,0
40610.76,26331.37,0.0,14279.39,0.0,71221.02,0.3481,0.897,0.135,0.934,0,0.0326,0.923,0.938,0.3516,0,3867.37,0.0,0,0,0.1073,0
32807.53,21272.17,2500.0,9035.36,0.0762,50761.49,0.4034,0.9,0.125,0.909,0,-0.0304,0.919,0.894,0.2754,0,4923.41,30000.0,0,0,0.2958,0
39602.59,30236.79,12000.0,-2634.21,0.303,2000.36,0.0126,0.916,0.105,0.566,21,-0.1795,0.741,0.551,0.0,3,6992.58,288000.0,0,0,1.0,1
38513.97,24504.85,1500.0,12509.12,0.0389,65848.38,0.3652,0.892,0.109,0.86,0,-0.155,0.877,0.83,0.3248,0,3653.65,18000.0,0,0,0.3249,0
91339.74,55208.76,8000.0,28130.98,0.0876,128190.87,0.3808,0.85,0.178,0.823,0,0.3949,0.836,0.787,0.308,0,8428.03,144000.0,1,10,0.1177,0
68698.12,33572.02,6000.0,29126.1,0.0873,171024.65,0.5427,0.972,0.083,0.968,0,0.0535,0.992,0.918,0.424,0,8305.19,90000.0,0,0,0.0023,0
44205.72,27919.84,0.0,16285.88,0.0,85280.22,0.4531,0.88,0.136,0.921,0,0.1147,0.957,0.948,0.3684,0,4563.19,0.0,0,0,0.0493,0
26379.35,16903.0,2500.0,6976.35,0.0948,39201.56,0.419,0.9,0.114,0.843,0,0.1482,0.977,0.872,0.2645,1,3350.24,30000.0,0,0,0.4419,0
28802.62,22345.55,8000.0,-1542.93,0.2778,784.15,0.0174,0.906,0.125,0.767,22,-0.1726,0.699,0.601,0.0,3,6441.73,192000.0,1,24,1.0,1
93591.5,57748.32,12000.0,23843.18,0.1282,119273.28,0.4111,0.841,0.219,0.928,0,0.2807,0.856,0.876,0.2548,0,7427.71,216000.0,1,13,0.2414,0
98377.53,60080.02,4000.0,34297.51,0.0407,157252.72,0.4408,0.871,0.138,0.831,0,0.2233,0.938,0.762,0.3486,0,11730.21,72000.0,1,20,0.017,0
101219.04,65154.5,4000.0,32064.54,0.0395,145911.87,0.3913,0.857,0.161,0.932,0,0.3078,0.953,0.784,0.3168,0,7914.5,72000.0,1,17,0.0189,0
68045.9,34415.33,3000.0,30630.57,0.0441,181006.06,0.6713,0.968,0.064,0.979,0,0.0574,0.978,0.82,0.4501,0,8738.35,45000.0,0,0,0.0009,0
39293.62,29735.29,8000.0,1558.33,0.2036,9566.45,0.1403,0.919,0.102,0.678,8,-0.1106,0.607,0.73,0.0397,3,6207.48,192000.0,0,0,0.9997,1
78318.33,38081.32,6000.0,34237.01,0.0766,204615.55,0.6605,0.97,0.087,0.928,0,0.0576,0.999,0.801,0.4372,0,8324.6,90000.0,0,0,0.0012,0
42092.75,26647.57,2500.0,12945.19,0.0594,67374.48,0.3384,0.894,0.143,0.935,0,0.0334,0.943,0.89,0.3075,0,3724.37,30000.0,0,0,0.2076,1
30964.78,19733.58,0.0,11231.21,0.0,63354.08,0.5825,0.908,0.13,0.822,0,0.0003,0.888,0.834,0.3627,0,4985.34,0.0,0,0,0.1528,0
45169.46,22072.59,0.0,23096.87,0.0,156070.96,1.1493,0.971,0.087,0.923,0,0.0618,0.997,0.858,0.5113,0,8912.19,0.0,0,0,0.0005,0
63032.81,38930.1,4000.0,20102.71,0.0635,97282.98,0.4585,0.85,0.189,0.936,0,0.2581,0.937,0.759,0.3189,0,11380.75,72000.0,0,0,0.1403,0
38010.64,24084.6,0.0,13926.04,0.0,75983.76,0.498,0.886,0.131,0.876,0,0.0321,0.919,0.833,0.3664,0,4340.19,0.0,0,0,0.1132,1
81801.89,50112.16,8000.0,23689.73,0.0978,109199.62,0.3777,0.838,0.181,0.941,0,0.3803,0.855,0.823,0.2896,0,8803.02,144000.0,0,0,0.1329,0
55506.54,29200.9,0.0,26305.64,0.0,158348.87,0.6965,0.972,0.074,0.922,0,0.0469,0.935,0.791,0.4739,0,7305.46,0.0,0,0,0.0021,0
59424.3,30588.67,6000.0,22835.63,0.101,144062.25,0.6574,0.973,0.084,0.928,0,0.0632,0.984,0.836,0.3843,0,5363.35,90000.0,1,3,0.0058,0
106870.6,68765.88,4000.0,34104.72,0.0374,148786.17,0.3855,0.838,0.175,0.82,0,0.2319,0.951,0.826,0.3191,0,8877.44,72000.0,0,0,0.0383,0
42795.77,27616.02,0.0,15179.75,0.0,81264.79,0.4906,0.897,0.131,0.823,0,-0.062,0.862,0.911,0.3547,0,4954.37,0.0,0,0,0.1504,0
37161.19,24347.98,0.0,12813.21,0.0,69005.66,0.476,0.902,0.12,0.921,0,0.0546,0.908,0.881,0.3448,0,4209.14,0.0,0,0,0.0809,0
129150.62,80695.03,8000.0,40455.59,0.0619,166318.22,0.2223,0.834,0.196,0.911,0,0.3569,0.925,0.893,0.3132,1,9724.73,144000.0,1,9,0.0577,0
15958.9,12170.84,20000.0,-16211.93,1.2532,528.64,0.0313,0.906,0.111,0.732,24,-0.1796,0.656,0.674,0.0,1,4197.1,480000.0,0,0,1.0,1
37350.09,23392.36,0.0,13957.73,0.0,71734.36,0.3735,0.878,0.153,0.932,0,-0.1081,0.965,0.884,0.3737,0,3574.19,0.0,0,0,0.1917,1
79659.33,49447.94,16000.0,14211.39,0.2009,78597.31,0.3618,0.846,0.168,0.885,0,0.2258,0.85,0.876,0.1784,1,6432.7,288000.0,1,4,0.7596,1
59547.49,29729.51,3000.0,26817.98,0.0504,166240.51,0.7368,0.968,0.108,0.953,0,0.056,0.947,0.809,0.4504,0,6768.72,45000.0,0,0,0.0031,0
39248.76,24818.31,1500.0,12930.45,0.0382,65040.95,0.3611,0.894,0.126,0.861,0,-0.0228,0.921,0.909,0.3294,0,3438.93,18000.0,0,0,0.2172,0
76526.76,48120.02,4000.0,24406.74,0.0523,122173.36,0.5121,0.855,0.182,0.827,0,0.3586,0.91,0.723,0.3189,1,9303.89,72000.0,0,0,0.1747,1
73815.62,37483.89,0.0,36331.73,0.0,222831.49,0.798,0.974,0.089,0.923,0,0.0434,0.992,0.897,0.4922,0,5271.14,0.0,0,0,0.0003,0
74980.25,37655.07,3000.0,34325.18,0.04,202651.27,0.5929,0.969,0.11,0.956,0,0.0561,0.986,0.83,0.4578,0,6588.59,45000.0,1,13,0.0014,0
115088.2,73582.77,8000.0,33505.43,0.0695,153338.39,0.3809,0.833,0.168,0.943,0,0.4093,0.843,0.73,0.2911,0,7367.29,144000.0,1,9,0.0364,0
23870.68,18321.23,8000.0,-2450.56,0.3351,1663.91,0.0209,0.924,0.096,0.712,23,-0.118,0.537,0.534,0.0,1,5500.31,192000.0,0,0,1.0,1
78299.9,37409.88,0.0,40890.02,0.0,236659.11,0.6593,0.971,0.097,0.903,0,0.043,0.967,0.751,0.5222,0,5158.63,0.0,1,12,0.0005,0
72925.74,37071.89,0.0,35853.84,0.0,214870.68,0.6985,0.972,0.109,0.974,0,0.0552,0.944,0.751,0.4916,0,8190.33,0.0,0,0,0.0008,0
53080.41,32969.19,1500.0,18611.21,0.0283,91353.83,0.315,0.899,0.129,0.928,0,-0.0793,0.932,0.859,0.3506,0,3121.6,18000.0,0,0,0.1222,0
41489.1,26488.05,3500.0,11501.06,0.0844,58769.97,0.3191,0.889,0.174,0.826,0,0.0121,0.887,0.864,0.2772,0,3809.8,42000.0,0,0,0.6067,1
39184.38,29827.63,16000.0,-6643.26,0.4083,955.93,0.0128,0.91,0.095,0.729,24,-0.1848,0.669,0.647,0.0,2,6390.88,384000.0,0,0,1.0,1
35594.19,22934.49,0.0,12659.69,0.0,63123.82,0.3524,0.891,0.139,0.83,0,0.1089,0.954,0.839,0.3557,0,4751.23,0.0,0,0,0.1844,0
30264.66,20128.24,0.0,10136.42,0.0,53614.36,0.4064,0.903,0.131,0.816,0,-0.1401,0.892,0.848,0.3349,0,3083.58,0.0,0,0,0.3613,1
32128.99,20745.23,3500.0,7883.76,0.1089,44426.51,0.3972,0.902,0.11,0.91,0,0.0699,0.919,0.821,0.2454,0,4092.6,42000.0,0,0,0.3151,1
65206.9,32404.11,6000.0,26802.79,0.092,172761.96,0.8453,0.971,0.077,0.976,0,0.0642,0.999,0.784,0.411,0,5652.62,90000.0,0,0,0.0013,0
53318.01,26766.94,6000.0,20551.07,0.1125,138579.46,0.8578,0.969,0.081,0.944,0,0.0481,0.964,0.872,0.3854,0,8185.12,90000.0,0,0,0.0041,0
124186.25,78120.93,16000.0,30065.31,0.1288,128251.35,0.2392,0.832,0.194,0.849,0,0.4196,0.87,0.822,0.2421,0,8317.39,288000.0,0,0,0.1863,0
100030.86,49596.59,6000.0,44434.27,0.06,262163.16,0.5862,0.975,0.071,0.91,0,0.0527,0.943,0.889,0.4442,0,5434.65,90000.0,0,0,0.0003,0
15880.07,12151.18,16000.0,-12271.12,1.0076,592.52,0.0315,0.899,0.131,0.724,24,-0.2261,0.746,0.675,0.0,1,4159.13,384000.0,0,0,1.0,1
83638.17,43884.81,0.0,39753.37,0.0,222498.25,0.5256,0.972,0.056,0.947,0,0.0685,0.921,0.783,0.4753,0,5100.1,0.0,0,0,0.0005,0
32073.51,20543.29,2500.0,9030.21,0.0779,49095.84,0.41,0.886,0.129,0.874,0,0.1069,0.927,0.902,0.2815,0,4190.9,30000.0,0,0,0.273,0
64919.64,32780.44,6000.0,26139.21,0.0924,171370.89,0.8045,0.975,0.097,0.94,0,0.0527,0.95,0.853,0.4026,0,6965.32,90000.0,1,12,0.0026,0
90157.79,42902.69,0.0,47255.1,0.0,269224.76,0.6264,0.973,0.086,0.962,0,0.0591,0.966,0.904,0.5241,0,6448.7,0.0,0,0,0.0001,0
41943.7,26366.64,0.0,15577.06,0.0,76748.82,0.3441,0.904,0.114,0.888,0,0.0139,0.963,0.949,0.3714,0,3103.97,0.0,0,0,0.0692,0
64057.03,32458.87,3000.0,28598.17,0.0468,173186.11,0.6889,0.976,0.103,0.914,0,0.0533,0.932,0.904,0.4464,0,6173.01,45000.0,0,0,0.0025,0
74050.12,36321.35,0.0,37728.77,0.0,213358.13,0.6118,0.974,0.097,0.974,0,0.0521,0.96,0.868,0.5095,0,5568.98,0.0,0,0,0.0005,0
72425.82,35931.32,0.0,36494.5,0.0,215439.56,0.6935,0.972,0.093,0.961,0,0.0607,0.968,0.771,0.5039,0,5734.79,0.0,0,0,0.0005,0
43274.8,27569.82,0.0,15704.98,0.0,79153.94,0.3717,0.893,0.154,0.803,0,0.0429,0.919,0.901,0.3629,0,3496.39,0.0,0,0,0.1898,0
71367.35,43239.12,12000.0,16128.23,0.1681,83229.46,0.3946,0.843,0.174,0.857,0,0.406,0.829,0.883,0.226,0,6956.45,216000.0,1,10,0.3941,1
57810.98,29496.54,0.0,28314.44,0.0,169206.53,0.7339,0.974,0.077,0.943,0,0.043,0.948,0.822,0.4898,0,8090.1,0.0,0,0,0.0012,0
62932.88,30676.28,0.0,32256.59,0.0,200844.45,0.8933,0.974,0.09,0.945,0,0.0428,0.982,0.817,0.5126,0,6620.57,0.0,0,0,0.0004,0
79455.85,48874.81,8000.0,22581.04,0.1007,102062.43,0.3331,0.876,0.179,0.848,0,0.2144,0.896,0.821,0.2842,1,6550.17,144000.0,1,6,0.4088,0
43808.79,27510.37,3500.0,12798.42,0.0799,72000.95,0.4528,0.891,0.125,0.805,0,-0.1706,0.941,0.95,0.2921,0,3505.45,42000.0,0,0,0.294,0
86873.02,53328.45,8000.0,25544.57,0.0921,120087.69,0.4298,0.831,0.148,0.869,0,0.4204,0.958,0.848,0.294,0,7362.63,144000.0,1,5,0.0422,0
20324.1,15535.25,8000.0,-3211.16,0.3936,662.75,0.0246,0.91,0.084,0.704,24,-0.1298,0.711,0.594,0.0,2,4648.51,192000.0,0,0,1.0,1
54912.75,28319.01,0.0,26593.74,0.0,176474.38,1.0181,0.974,0.107,0.93,0,0.0478,0.973,0.855,0.4843,0,7360.02,0.0,0,0,0.0007,0
41831.58,26015.46,0.0,15816.12,0.0,83765.91,0.4381,0.893,0.155,0.912,0,-0.1256,0.956,0.913,0.3781,0,4233.23,0.0,0,0,0.1305,1
24333.63,15689.17,2500.0,6144.46,0.1027,39791.81,0.5874,0.899,0.118,0.841,0,0.0188,0.854,0.85,0.2525,0,4402.01,30000.0,0,0,0.3907,1
43237.03,21692.3,6000.0,15544.73,0.1388,114041.64,0.9918,0.971,0.114,0.946,0,0.0468,0.941,0.898,0.3595,0,5986.33,90000.0,1,3,0.0102,0
28207.74,21514.08,16000.0,-9306.33,0.5672,631.97,0.0177,0.905,0.094,0.701,24,-0.1949,0.566,0.506,0.0,2,6308.73,384000.0,0,0,1.0,1
106820.9,65512.48,8000.0,33308.42,0.0749,141635.1,0.265,0.836,0.184,0.877,0,0.3276,0.927,0.78,0.3118,0,9303.77,144000.0,0,0,0.0724,0
30611.47,23278.4,16000.0,-8666.93,0.5227,553.56,0.0163,0.928,0.098,0.708,24,-0.0791,0.7,0.689,0.0,1,6460.67,384000.0,0,0,1.0,1
30140.45,23053.18,8000.0,-912.73,0.2654,1288.54,0.0166,0.911,0.116,0.761,16,-0.2054,0.674,0.731,0.0,2,5879.44,192000.0,1,24,0.9999,1
44640.78,28887.23,0.0,15753.56,0.0,78817.55,0.4001,0.869,0.155,0.939,0,-0.1093,0.886,0.894,0.3529,0,3308.85,0.0,0,0,0.2096,0
37627.58,24031.21,1500.0,12096.37,0.0399,66288.4,0.4724,0.881,0.141,0.815,0,0.0019,0.928,0.939,0.3215,0,3702.14,18000.0,0,0,0.2259,0
38735.83,24712.52,0.0,14023.31,0.0,72909.98,0.4181,0.895,0.141,0.814,0,-0.0858,0.978,0.84,0.362,0,4212.23,0.0,0,0,0.1944,0
90839.51,56964.52,12000.0,21874.99,0.1321,109661.46,0.3763,0.833,0.211,0.867,0,0.3815,0.934,0.871,0.2408,1,9614.17,216000.0,1,18,0.4187,0
84622.86,42294.92,6000.0,36327.93,0.0709,216439.33,0.5959,0.974,0.089,0.911,0,0.0488,0.984,0.857,0.4293,0,5913.07,90000.0,0,0,0.001,0
37275.89,23747.02,0.0,13528.88,0.0,65674.85,0.3058,0.911,0.126,0.927,0,0.1203,0.887,0.826,0.3629,0,3960.76,0.0,0,0,0.1341,0
37758.09,24205.75,1500.0,12052.34,0.0397,63658.6,0.3509,0.891,0.098,0.862,0,0.0667,0.889,0.884,0.3192,0,4818.0,18000.0,0,0,0.1714,0
126925.32,80276.33,8000.0,38648.99,0.063,165812.3,0.2955,0.84,0.187,0.907,0,0.2736,0.847,0.744,0.3045,0,9451.46,144000.0,1,8,0.0517,0
37459.91,23908.41,0.0,13551.51,0.0,69591.03,0.3736,0.895,0.137,0.935,0,0.0315,0.862,0.83,0.3618,0,3502.03,0.0,0,0,0.1788,1
47966.02,29776.55,12000.0,6189.46,0.2502,50939.35,0.6564,0.873,0.147,0.901,0,0.2336,0.96,0.882,0.129,0,10735.09,216000.0,0,0,0.3864,0
65126.01,31550.5,3000.0,30575.51,0.0461,184126.18,0.6841,0.975,0.1,0.926,0,0.0546,0.958,0.859,0.4695,0,6223.22,45000.0,1,12,0.0017,0
49974.11,30969.83,1500.0,17504.28,0.03,89136.31,0.3473,0.92,0.107,0.938,0,-0.0333,0.885,0.825,0.3503,0,4271.51,18000.0,0,0,0.0919,0
62247.51,37915.07,8000.0,16332.44,0.1285,82942.58,0.4459,0.843,0.188,0.87,0,0.4164,0.829,0.874,0.2624,0,8517.85,144000.0,0,0,0.3202,0
45908.15,29070.67,0.0,16837.49,0.0,88683.97,0.4294,0.927,0.116,0.859,0,-0.1176,0.979,0.886,0.3668,0,4278.63,0.0,0,0,0.0649,0
40195.56,25261.14,0.0,14934.42,0.0,76994.26,0.3637,0.889,0.107,0.857,0,-0.0281,0.873,0.837,0.3715,0,4452.66,0.0,0,0,0.1601,0
53156.17,33360.39,1500.0,18295.78,0.0282,95751.52,0.4252,0.912,0.105,0.866,0,-0.0834,0.912,0.838,0.3442,0,3532.81,18000.0,0,0,0.0853,0
43704.67,27389.75,1500.0,14814.92,0.0343,74003.49,0.3595,0.886,0.131,0.847,0,0.0861,0.868,0.946,0.339,0,4784.68,18000.0,0,0,0.1826,0
96935.22,60896.09,12000.0,24039.14,0.1238,105872.74,0.2959,0.823,0.207,0.934,0,0.4998,0.916,0.81,0.248,0,9555.56,216000.0,0,0,0.1867,0
44604.51,28665.93,1500.0,14438.58,0.0336,73766.76,0.3522,0.905,0.116,0.821,0,-0.0448,0.932,0.899,0.3237,0,3079.43,18000.0,0,0,0.1787,0
64081.08,31181.96,3000.0,29899.12,0.0468,180143.06,0.6869,0.973,0.103,0.976,0,0.0424,0.978,0.855,0.4666,0,8422.15,45000.0,0,0,0.0016,0
44252.42,28020.68,0.0,16231.74,0.0,85911.87,0.4837,0.885,0.162,0.871,0,-0.1464,0.866,0.842,0.3668,1,4914.1,0.0,0,0,0.4353,0
45385.79,22507.87,0.0,22877.91,0.0,150458.35,1.0335,0.974,0.086,0.931,0,0.0614,0.958,0.883,0.5041,0,7504.36,0.0,0,0,0.0008,0
71046.67,35935.13,0.0,35111.54,0.0,207190.27,0.6873,0.97,0.103,0.953,0,0.0376,0.95,0.84,0.4942,0,7203.7,0.0,0,0,0.0008,0
112530.22,67982.3,16000.0,28547.92,0.1422,131649.16,0.2909,0.821,0.197,0.938,0,0.5,0.889,0.848,0.2537,0,11107.29,288000.0,1,3,0.1133,0
43471.96,28013.11,3500.0,11958.84,0.0805,63052.86,0.3692,0.905,0.118,0.817,0,0.0009,0.882,0.951,0.2751,0,3328.96,42000.0,0,0,0.2883,0
111869.63,70232.56,12000.0,29637.07,0.1073,136323.19,0.2946,0.86,0.141,0.924,0,0.1558,0.939,0.793,0.2649,0,8784.55,216000.0,0,0,0.0642,0
47871.87,29236.08,3500.0,15135.78,0.0731,74882.17,0.3132,0.886,0.124,0.882,0,0.1346,0.898,0.897,0.3162,0,4631.87,42000.0,0,0,0.1833,0
54431.13,27213.38,0.0,27217.75,0.0,164185.33,0.6919,0.973,0.11,0.962,0,0.0316,0.995,0.905,0.5,0,5490.46,0.0,1,8,0.0016,0
42243.76,27003.14,1500.0,13740.62,0.0355,69109.63,0.3275,0.901,0.115,0.877,0,0.0632,0.892,0.848,0.3253,0,4210.21,18000.0,0,0,0.1787,1
40551.09,26316.95,1500.0,12734.14,0.037,66021.74,0.3634,0.896,0.135,0.911,0,0.0332,0.911,0.896,0.314,0,4661.16,18000.0,0,0,0.1895,1
107856.3,66037.53,8000.0,33818.76,0.0742,150159.34,0.3084,0.832,0.204,0.948,0,0.3066,0.913,0.784,0.3136,0,11393.71,144000.0,0,0,0.0645,0
47458.8,30240.52,1500.0,15718.28,0.0316,82562.49,0.4433,0.9,0.097,0.836,0,-0.0343,0.92,0.879,0.3312,0,3416.13,18000.0,0,0,0.0959,0
126872.49,80391.99,4000.0,42480.5,0.0315,191032.93,0.2981,0.865,0.145,0.948,0,0.278,0.867,0.874,0.3348,0,11846.0,72000.0,1,20,0.006,0
73175.67,36992.85,3000.0,33182.82,0.041,198780.4,0.6633,0.973,0.112,0.974,0,0.0407,0.95,0.918,0.4535,0,6690.7,45000.0,0,0,0.0012,0
39479.71,19151.66,6000.0,14328.04,0.152,101731.12,0.902,0.972,0.083,0.966,0,0.0676,0.978,0.807,0.3629,0,8487.53,90000.0,0,0,0.0108,0
94948.67,58245.67,16000.0,20703.0,0.1685,89678.66,0.2586,0.843,0.17,0.946,0,0.3004,0.853,0.734,0.218,0,7399.42,288000.0,0,0,0.4226,1
111255.78,69761.29,12000.0,29494.49,0.1079,139412.53,0.3763,0.87,0.169,0.93,0,0.2786,0.907,0.766,0.2651,0,9233.44,216000.0,1,4,0.0598,0
76475.64,38066.87,3000.0,35408.76,0.0392,213623.0,0.6981,0.972,0.095,0.904,0,0.0417,0.965,0.848,0.463,0,7195.66,45000.0,0,0,0.0009,0
38164.58,24649.02,1500.0,12015.56,0.0393,63376.58,0.4055,0.893,0.124,0.903,0,0.0022,0.951,0.824,0.3148,0,3137.45,18000.0,0,0,0.181,0
39655.44,25647.15,2500.0,11508.28,0.063,58733.42,0.3488,0.893,0.131,0.895,0,-0.0798,0.945,0.881,0.2902,0,4703.97,30000.0,0,0,0.3041,0
63541.97,31865.65,3000.0,28676.32,0.0472,182169.57,0.8545,0.971,0.111,0.974,0,0.0606,0.991,0.783,0.4513,0,6010.6,45000.0,0,0,0.0012,0
44615.76,29483.06,1500.0,13632.69,0.0336,68039.85,0.3224,0.903,0.124,0.867,0,0.0209,0.958,0.828,0.3056,0,3004.41,18000.0,0,0,0.1845,0
36286.71,23011.83,1500.0,11774.89,0.0413,64169.47,0.4461,0.908,0.1,0.839,0,-0.14,0.938,0.95,0.3245,1,4325.84,18000.0,0,0,0.3026,1
42757.96,26773.61,1500.0,14484.35,0.0351,76813.93,0.4059,0.909,0.09,0.806,0,-0.0701,0.904,0.877,0.3388,0,4901.17,18000.0,0,0,0.1403,0
33333.08,21006.22,2500.0,9826.87,0.075,51230.59,0.3812,0.894,0.113,0.892,0,-0.0458,0.85,0.85,0.2948,0,4365.16,30000.0,0,0,0.386,0
38369.88,24451.65,0.0,13918.23,0.0,74681.27,0.4694,0.894,0.144,0.827,0,0.2016,0.926,0.849,0.3627,0,3883.91,0.0,0,0,0.104,1
33953.65,26341.26,20000.0,-12387.6,0.589,659.51,0.0147,0.923,0.092,0.729,24,-0.2023,0.628,0.688,0.0,2,5429.75,480000.0,0,0,1.0,1
35461.28,26688.07,8000.0,773.21,0.2256,5741.54,0.1048,0.913,0.108,0.587,8,-0.1644,0.684,0.622,0.0218,2,5627.88,192000.0,0,0,0.9997,1
48049.15,30446.76,0.0,17602.39,0.0,93137.2,0.4392,0.912,0.125,0.924,0,-0.0591,0.932,0.906,0.3663,0,4401.81,0.0,0,0,0.0562,0
52738.58,33269.97,2500.0,16968.61,0.0474,79723.51,0.2799,0.893,0.133,0.937,0,0.0053,0.943,0.895,0.3217,0,3035.4,30000.0,0,0,0.1446,0
38395.01,24467.76,1500.0,12427.25,0.0391,67086.33,0.4332,0.892,0.126,0.903,0,-0.0754,0.895,0.84,0.3237,0,3920.89,18000.0,0,0,0.2311,1
67015.16,40999.05,12000.0,14016.11,0.1791,78201.81,0.4411,0.851,0.202,0.867,0,0.2227,0.84,0.865,0.2091,0,7655.5,216000.0,0,0,0.6288,1
53662.25,34101.13,0.0,19561.12,0.0,93573.45,0.2976,0.883,0.134,0.9,0,0.0004,0.882,0.937,0.3645,0,3552.47,0.0,0,0,0.1093,0
38623.36,24629.93,1500.0,12493.42,0.0388,65951.06,0.4448,0.881,0.124,0.813,0,-0.1976,0.906,0.93,0.3235,0,3978.57,18000.0,0,0,0.319,0
33754.41,25844.56,12000.0,-4090.15,0.3555,894.83,0.0148,0.911,0.113,0.673,24,-0.196,0.668,0.711,0.0,4,6565.72,288000.0,1,12,1.0,1
49745.21,25056.83,0.0,24688.38,0.0,147941.56,0.7458,0.968,0.091,0.902,0,0.0742,0.95,0.867,0.4963,0,6619.22,0.0,0,0,0.0023,0
73934.76,37083.91,6000.0,30850.85,0.0812,192504.27,0.681,0.974,0.106,0.913,0,0.0491,0.998,0.791,0.4173,0,7783.73,90000.0,0,0,0.0024,0
39830.32,25486.76,2500.0,11843.56,0.0628,65335.37,0.4136,0.909,0.129,0.908,0,-0.0802,0.95,0.855,0.2974,0,3977.34,30000.0,0,0,0.2168,0
62388.78,31042.55,0.0,31346.23,0.0,187093.47,0.7243,0.973,0.089,0.954,0,0.045,0.999,0.848,0.5024,0,6123.9,0.0,0,0,0.0007,0
50037.11,24536.85,0.0,25500.25,0.0,163291.13,0.9372,0.968,0.092,0.913,0,0.0558,0.93,0.769,0.5096,0,6231.0,0.0,0,0,0.0015,0
66397.35,33271.78,0.0,33125.57,0.0,207144.96,0.8752,0.974,0.089,0.951,0,0.0518,0.964,0.755,0.4989,0,5662.03,0.0,0,0,0.0004,0
33207.24,21230.21,2500.0,9477.03,0.0753,49242.15,0.3159,0.893,0.125,0.904,0,0.1405,0.93,0.855,0.2854,0,4175.9,30000.0,0,0,0.2767,1
82263.94,40594.73,0.0,41669.2,0.0,247232.55,0.7019,0.976,0.083,0.963,0,0.0538,0.967,0.913,0.5065,0,8655.52,0.0,0,0,0.0001,0
78095.54,49323.52,8000.0,20772.02,0.1024,97928.72,0.3616,0.826,0.199,0.844,0,0.2936,0.953,0.751,0.266,0,7888.65,144000.0,0,0,0.3268,1
27648.11,21259.82,16000.0,-9611.71,0.5787,769.28,0.0181,0.895,0.114,0.706,24,-0.2497,0.726,0.554,0.0,1,4448.78,384000.0,1,29,1.0,1
38045.65,23689.53,0.0,14356.12,0.0,74930.49,0.4471,0.891,0.142,0.81,0,0.1397,0.905,0.865,0.3773,0,4996.03,0.0,0,0,0.1377,1
73747.74,46801.56,12000.0,14946.18,0.1627,83776.52,0.4478,0.84,0.199,0.916,0,0.3913,0.929,0.778,0.2027,2,10730.36,216000.0,1,13,0.7581,1
61512.37,30578.78,6000.0,24933.59,0.0975,156865.85,0.6886,0.975,0.097,0.935,0,0.0496,0.991,0.775,0.4053,0,6360.15,90000.0,0,0,0.0051,0
75986.24,37353.46,6000.0,32632.78,0.079,184007.33,0.4906,0.974,0.101,0.939,0,0.0647,0.952,0.89,0.4295,0,5982.19,90000.0,1,3,0.0031,0
36051.78,23336.56,0.0,12715.22,0.0,67766.48,0.4104,0.887,0.138,0.873,0,-0.0877,0.946,0.835,0.3527,0,4601.66,0.0,0,0,0.2138,1
70545.55,42170.5,4000.0,24375.04,0.0567,111329.25,0.4366,0.838,0.188,0.869,0,0.4581,0.935,0.764,0.3455,0,9526.1,72000.0,0,0,0.0778,0
120622.45,77222.06,4000.0,39400.38,0.0332,169781.11,0.3134,0.85,0.193,0.922,0,0.2467,0.891,0.82,0.3266,0,10792.92,72000.0,0,0,0.0251,1
107199.75,65456.25,4000.0,37743.49,0.0373,168544.8,0.3503,0.862,0.154,0.852,0,0.1928,0.925,0.776,0.3521,0,9888.94,72000.0,1,10,0.0205,0
80785.23,41121.24,6000.0,33663.99,0.0743,203817.62,0.5846,0.978,0.107,0.93,0,0.0423,0.96,0.872,0.4167,0,6228.44,90000.0,0,0,0.002,0
58130.54,29167.04,3000.0,25963.49,0.0516,166962.19,0.8072,0.978,0.087,0.932,0,0.0431,0.966,0.919,0.4466,0,6230.43,45000.0,0,0,0.0014,0
37316.37,24272.78,1500.0,11543.6,0.0402,61368.28,0.4373,0.88,0.158,0.817,0,-0.0851,0.878,0.958,0.3093,0,4512.63,18000.0,0,0,0.4114,0
79452.7,38475.02,0.0,40977.69,0.0,234054.8,0.6167,0.974,0.086,0.945,0,0.0521,0.997,0.796,0.5157,0,7347.41,0.0,0,0,0.0003,0
40307.18,25679.95,0.0,14627.23,0.0,73413.93,0.4209,0.889,0.109,0.877,0,-0.0041,0.864,0.857,0.3629,0,4229.74,0.0,0,0,0.1294,0
60073.86,37347.98,8000.0,14725.88,0.1332,73235.86,0.4095,0.836,0.243,0.876,0,0.3262,0.888,0.853,0.2451,1,7410.89,144000.0,1,12,0.791,1
83470.99,52400.68,4000.0,27070.31,0.0479,132742.57,0.5338,0.883,0.16,0.874,0,0.1478,0.9,0.836,0.3243,0,8623.81,72000.0,0,0,0.0384,0
68252.67,42125.99,12000.0,14126.68,0.1758,67767.28,0.3338,0.848,0.168,0.944,0,0.2674,0.874,0.873,0.207,0,8473.73,216000.0,0,0,0.4596,0
78712.21,48715.24,8000.0,21996.97,0.1016,101578.17,0.3402,0.852,0.161,0.931,0,0.2848,0.935,0.73,0.2795,0,7565.26,144000.0,1,23,0.1481,0
66260.65,39216.05,8000.0,19044.59,0.1207,86503.36,0.3515,0.833,0.149,0.889,0,0.4374,0.913,0.88,0.2874,0,8470.68,144000.0,1,4,0.141,0
66742.1,33954.62,0.0,32787.48,0.0,204033.07,0.7884,0.977,0.079,0.964,0,0.0485,0.955,0.865,0.4913,0,5509.8,0.0,1,11,0.0004,0
26807.66,20365.4,12000.0,-5557.73,0.4476,563.1,0.0187,0.93,0.09,0.682,24,-0.0975,0.748,0.53,0.0,3,4931.19,288000.0,0,0,1.0,1
106048.08,66617.62,8000.0,31430.46,0.0754,150318.1,0.3916,0.853,0.166,0.822,0,0.3756,0.864,0.805,0.2964,1,7431.34,144000.0,1,5,0.1101,0
73843.87,46065.69,8000.0,19778.18,0.1083,93034.77,0.3536,0.842,0.192,0.941,0,0.3125,0.838,0.883,0.2678,0,8592.14,144000.0,0,0,0.2685,0
65766.15,33737.97,6000.0,26028.18,0.0912,157578.17,0.6508,0.973,0.089,0.919,0,0.0469,0.97,0.918,0.3958,0,7337.18,90000.0,0,0,0.0037,0
87556.82,42894.08,0.0,44662.73,0.0,254214.32,0.586,0.972,0.09,0.968,0,0.0493,0.98,0.866,0.5101,0,5298.78,0.0,0,0,0.0002,0
133367.01,85573.65,4000.0,43793.36,0.03,182392.01,0.2652,0.856,0.177,0.928,0,0.258,0.919,0.834,0.3284,1,6069.58,72000.0,0,0,0.025,0
66549.38,32977.49,3000.0,30571.89,0.0451,189155.36,0.7647,0.977,0.077,0.905,0,0.0565,0.954,0.886,0.4594,0,8424.17,45000.0,0,0,0.0009,0
25227.39,19347.51,16000.0,-10120.11,0.6342,538.67,0.0198,0.913,0.092,0.723,24,-0.1849,0.6,0.507,0.0,2,6375.25,384000.0,1,15,1.0,1
31000.96,19691.08,3500.0,7809.88,0.1129,48532.86,0.5784,0.902,0.133,0.873,0,0.1806,0.897,0.919,0.2519,0,3089.78,42000.0,0,0,0.2128,0
40503.69,31052.57,16000.0,-6548.88,0.395,963.88,0.0123,0.908,0.089,0.747,24,-0.1624,0.633,0.558,0.0,2,4467.12,384000.0,1,6,1.0,1
25326.21,16004.46,0.0,9321.74,0.0,53890.88,0.6079,0.892,0.146,0.892,0,-0.1128,0.933,0.884,0.3681,0,4717.82,0.0,0,0,0.1811,1
32575.78,24944.19,20000.0,-12368.41,0.614,508.3,0.0153,0.922,0.103,0.621,24,-0.1609,0.713,0.629,0.0,1,5665.31,480000.0,1,18,1.0,1
26959.07,20734.01,16000.0,-9774.94,0.5935,500.0,0.0185,0.926,0.106,0.7,24,-0.1382,0.61,0.745,0.0,1,5352.15,384000.0,0,0,1.0,1
38958.28,29315.26,12000.0,-2356.98,0.308,2441.4,0.0128,0.922,0.094,0.68,21,-0.1282,0.521,0.654,0.0,2,6552.87,288000.0,0,0,1.0,1
41491.35,25922.18,1500.0,14069.17,0.0362,74879.28,0.4719,0.879,0.137,0.851,0,-0.0644,0.918,0.838,0.3391,0,3936.88,18000.0,0,0,0.2292,0
55410.68,27409.84,0.0,28000.84,0.0,170581.63,0.7645,0.976,0.093,0.94,0,0.0336,0.931,0.883,0.5053,0,5559.03,0.0,0,0,0.0013,0
39669.77,25394.13,0.0,14275.64,0.0,77835.24,0.4997,0.9,0.118,0.929,0,-0.2002,0.893,0.882,0.3599,0,4833.61,0.0,0,0,0.1191,0
41209.56,25324.97,12000.0,3884.59,0.2912,47612.55,0.8647,0.827,0.185,0.908,4,0.3306,0.911,0.881,0.0943,0,11879.15,216000.0,0,0,0.6731,0
101214.44,63044.67,8000.0,30169.77,0.079,134029.5,0.3512,0.862,0.147,0.89,0,0.3421,0.951,0.895,0.2981,0,6696.61,144000.0,1,12,0.0243,0
66602.54,33252.63,0.0,33349.91,0.0,204450.73,0.8169,0.975,0.087,0.978,0,0.0523,0.942,0.864,0.5007,0,6527.82,0.0,0,0,0.0004,0
75802.24,38261.67,0.0,37540.57,0.0,231910.35,0.7755,0.972,0.091,0.957,0,0.0441,0.972,0.763,0.4952,0,7607.58,0.0,0,0,0.0003,0
42959.95,27855.89,0.0,15104.06,0.0,79195.52,0.4364,0.897,0.117,0.931,0,0.0855,0.974,0.849,0.3516,0,4097.88,0.0,0,0,0.0499,0
112457.02,69536.49,4000.0,38920.52,0.0356,168148.76,0.3024,0.88,0.155,0.869,0,0.2457,0.897,0.821,0.3461,1,7310.73,72000.0,0,0,0.0359,0
28273.09,21700.7,20000.0,-13427.61,0.7074,536.11,0.0177,0.914,0.094,0.615,24,-0.1327,0.716,0.736,0.0,2,6065.6,480000.0,0,0,1.0,1
84232.23,52695.35,16000.0,15536.88,0.19,76048.89,0.3047,0.837,0.204,0.879,0,0.1659,0.845,0.872,0.1845,0,11780.04,288000.0,1,23,0.756,1
21911.15,17181.31,12000.0,-7270.16,0.5477,731.65,0.0228,0.926,0.095,0.667,24,-0.1621,0.701,0.539,0.0,2,6170.05,288000.0,0,0,1.0,1
35322.63,27177.12,16000.0,-7854.49,0.453,500.65,0.0142,0.922,0.115,0.727,24,-0.16,0.684,0.61,0.0,1,5775.25,384000.0,1,12,1.0,1
20914.37,16089.15,12000.0,-7174.78,0.5738,675.54,0.0239,0.922,0.108,0.613,24,-0.1128,0.604,0.526,0.0,1,5099.19,288000.0,0,0,1.0,1
92133.58,45551.02,3000.0,43582.56,0.0326,248379.31,0.5321,0.97,0.101,0.975,0,0.061,0.969,0.838,0.473,0,6915.77,45000.0,0,0,0.0004,0
37894.21,23803.36,0.0,14090.85,0.0,75344.97,0.4934,0.881,0.149,0.896,0,-0.0237,0.865,0.862,0.3718,0,3813.75,0.0,0,0,0.1816,0
119816.05,74242.08,4000.0,41573.97,0.0334,179108.35,0.3524,0.868,0.164,0.874,0,0.2514,0.898,0.817,0.347,0,11690.97,72000.0,0,0,0.0116,0
43347.5,33137.02,16000.0,-5789.52,0.3691,836.36,0.0115,0.92,0.104,0.682,24,-0.1459,0.632,0.701,0.0,1,4855.01,384000.0,1,26,1.0,1
39836.92,25708.75,0.0,14128.17,0.0,76958.89,0.5278,0.887,0.145,0.875,0,-0.0067,0.942,0.837,0.3547,0,4168.73,0.0,0,0,0.1204,0
32163.95,24292.24,12000.0,-4128.29,0.3731,717.23,0.0155,0.896,0.11,0.637,24,-0.2003,0.694,0.666,0.0,2,5005.32,288000.0,0,0,1.0,1
41280.17,26683.67,3500.0,11096.5,0.0848,62098.03,0.3734,0.895,0.1,0.892,0,0.0335,0.955,0.908,0.2688,0,3408.79,42000.0,0,0,0.165,0
34869.44,26210.17,12000.0,-3340.72,0.3441,1375.82,0.0143,0.911,0.121,0.555,23,-0.1486,0.719,0.726,0.0,2,6469.01,288000.0,1,14,1.0,1
27453.71,20943.91,12000.0,-5490.21,0.4371,628.28,0.0182,0.913,0.108,0.734,24,-0.1768,0.779,0.648,0.0,2,4347.3,288000.0,0,0,1.0,1
33189.21,21746.74,0.0,11442.47,0.0,58920.82,0.4128,0.892,0.105,0.871,0,0.0267,0.897,0.952,0.3448,0,4837.41,0.0,0,0,0.1179,0
82189.4,51117.02,12000.0,19072.38,0.146,87056.15,0.2879,0.849,0.175,0.836,0,0.3006,0.891,0.851,0.2321,0,8192.34,216000.0,0,0,0.4012,0
26186.59,20291.92,8000.0,-2105.33,0.3055,846.06,0.0191,0.913,0.107,0.604,21,-0.1581,0.669,0.699,0.0,3,4595.04,192000.0,0,0,1.0,1
75270.52,46833.84,16000.0,12436.69,0.2126,64851.66,0.3186,0.872,0.167,0.848,0,0.2154,0.876,0.852,0.1652,0,7139.98,288000.0,0,0,0.671,1
33526.68,25645.74,8000.0,-119.06,0.2386,3058.11,0.0679,0.917,0.109,0.587,14,-0.1403,0.659,0.554,0.0,1,5354.76,192000.0,0,0,0.9998,1
60237.98,30941.05,3000.0,26296.93,0.0498,174679.08,0.9061,0.978,0.104,0.918,0,0.0502,0.963,0.834,0.4366,0,5351.89,45000.0,0,0,0.0016,0
37619.62,24221.63,3500.0,9897.99,0.093,52800.06,0.3547,0.876,0.165,0.821,0,0.0523,0.97,0.857,0.2631,0,4482.89,42000.0,0,0,0.5212,0
24224.08,18760.98,16000.0,-10536.89,0.6605,599.94,0.0206,0.916,0.115,0.713,24,-0.1508,0.683,0.688,0.0,3,6962.25,384000.0,1,32,1.0,1
57462.35,36888.14,4000.0,16574.22,0.0696,88837.91,0.5548,0.87,0.157,0.863,0,0.1859,0.933,0.804,0.2884,0,11041.84,72000.0,1,14,0.1281,0
32709.48,20656.61,2500.0,9552.87,0.0764,57316.97,0.59,0.884,0.148,0.894,0,-0.1908,0.936,0.869,0.2921,0,3912.9,30000.0,0,0,0.3492,1
28163.01,18123.87,2500.0,7539.15,0.0888,44605.34,0.4938,0.89,0.126,0.897,0,-0.0221,0.884,0.957,0.2677,0,3408.6,30000.0,0,0,0.319,0
37658.53,24698.37,0.0,12960.16,0.0,72315.47,0.5174,0.898,0.136,0.86,0,-0.0175,0.917,0.845,0.3441,0,3407.09,0.0,0,0,0.1367,1
52261.59,25944.11,0.0,26317.48,0.0,161766.56,0.8058,0.973,0.107,0.95,0,0.0265,0.927,0.848,0.5036,0,5057.0,0.0,1,7,0.0019,0
43382.95,34215.42,12000.0,-2832.47,0.2766,739.11,0.0115,0.919,0.119,0.613,19,-0.1572,0.771,0.614,0.0,4,5822.91,288000.0,0,0,1.0,1
43605.44,27147.27,1500.0,14958.18,0.0344,78225.63,0.375,0.884,0.128,0.839,0,0.0417,0.954,0.821,0.343,0,3518.37,18000.0,0,0,0.1742,1
42452.79,27584.07,2500.0,12368.73,0.0589,63033.84,0.2975,0.883,0.15,0.852,0,-0.0519,0.964,0.897,0.2914,0,3634.1,30000.0,0,0,0.3822,0
53424.44,26103.71,0.0,27320.73,0.0,161715.31,0.7054,0.975,0.096,0.964,0,0.0398,0.973,0.907,0.5114,0,8155.15,0.0,1,1,0.0013,0
67641.75,43640.77,12000.0,12000.98,0.1774,65876.89,0.3762,0.825,0.191,0.916,0,0.3976,0.937,0.867,0.1774,0,11581.63,216000.0,0,0,0.4768,0
36407.25,27978.51,12000.0,-3571.26,0.3296,1495.02,0.0137,0.898,0.086,0.765,21,-0.2458,0.528,0.566,0.0,2,4586.32,288000.0,1,31,1.0,1
39282.16,20084.29,0.0,19197.86,0.0,134548.94,1.2541,0.972,0.09,0.969,0,0.0587,0.939,0.842,0.4887,0,5989.97,0.0,0,0,0.0007,0
35560.94,22610.34,1500.0,11450.6,0.0422,63740.69,0.5249,0.886,0.137,0.819,0,-0.0032,0.929,0.954,0.322,0,4815.02,18000.0,0,0,0.1909,1
45144.75,27995.77,1500.0,15648.98,0.0332,79607.94,0.4002,0.89,0.134,0.885,0,0.0391,0.856,0.902,0.3466,0,3066.65,18000.0,0,0,0.167,0
80174.85,48921.05,8000.0,23253.79,0.0998,111523.28,0.3981,0.845,0.149,0.933,0,0.2809,0.849,0.847,0.29,0,10617.25,144000.0,0,0,0.1031,0
29842.21,22809.88,12000.0,-4967.68,0.4021,646.23,0.0168,0.915,0.105,0.693,24,-0.1654,0.761,0.684,0.0,1,6174.28,288000.0,0,0,1.0,1
61783.75,31519.92,6000.0,24263.84,0.0971,163512.36,0.8451,0.971,0.104,0.962,0,0.0702,0.939,0.807,0.3927,0,8518.08,90000.0,0,0,0.0035,0
18741.9,14330.73,12000.0,-7588.83,0.6403,570.96,0.0267,0.915,0.116,0.669,24,-0.1811,0.576,0.636,0.0,4,4593.21,288000.0,0,0,1.0,1
48688.69,30519.77,12000.0,6168.92,0.2465,52292.26,0.7241,0.855,0.168,0.886,1,0.2347,0.953,0.83,0.1267,0,7139.7,216000.0,1,14,0.5177,0
34747.3,26998.56,8000.0,-251.26,0.2302,3181.22,0.0484,0.935,0.088,0.728,16,-0.0789,0.756,0.68,0.0,1,5444.36,192000.0,0,0,0.9988,1
50436.74,31319.3,8000.0,11117.44,0.1586,69313.92,0.6298,0.841,0.15,0.829,0,0.2649,0.856,0.831,0.2204,1,7066.33,144000.0,0,0,0.5794,1
25666.16,16399.1,0.0,9267.06,0.0,54464.88,0.6655,0.893,0.13,0.836,0,-0.0317,0.853,0.938,0.3611,0,4894.59,0.0,0,0,0.156,1
45695.47,28789.02,0.0,16906.44,0.0,89976.08,0.5151,0.89,0.136,0.872,0,-0.0631,0.964,0.897,0.37,0,4624.27,0.0,0,0,0.0727,0
95216.98,58219.9,12000.0,24997.09,0.126,109348.56,0.242,0.833,0.168,0.845,0,0.3206,0.83,0.795,0.2625,0,6254.49,216000.0,0,0,0.3197,1
59721.26,37589.97,4000.0,18131.29,0.067,99230.67,0.6192,0.845,0.192,0.834,0,0.4296,0.91,0.856,0.3036,0,10635.7,72000.0,1,7,0.097,0
30618.58,23448.53,16000.0,-8829.95,0.5226,656.15,0.0163,0.913,0.089,0.576,24,-0.1721,0.762,0.567,0.0,2,6689.71,384000.0,0,0,1.0,1
80248.96,39935.39,0.0,40313.56,0.0,241729.44,0.7106,0.973,0.108,0.93,0,0.0569,0.956,0.865,0.5024,0,5429.73,0.0,0,0,0.0003,0
109359.26,69397.24,4000.0,35962.02,0.0366,152999.98,0.3385,0.841,0.183,0.866,0,0.5,0.942,0.732,0.3288,0,10092.21,72000.0,0,0,0.0216,0
39394.21,24791.54,1500.0,13102.67,0.0381,64023.85,0.3522,0.901,0.107,0.833,0,0.0883,0.89,0.85,0.3326,0,3748.51,18000.0,0,0,0.1851,0
29766.81,22748.46,12000.0,-4981.65,0.4031,547.26,0.0168,0.912,0.1,0.736,24,-0.1338,0.744,0.634,0.0,1,4105.57,288000.0,1,27,1.0,1
45620.47,28680.48,0.0,16940.0,0.0,88992.03,0.4449,0.892,0.153,0.912,0,0.1139,0.968,0.868,0.3713,0,4526.59,0.0,0,0,0.0646,0
39956.54,25649.53,0.0,14307.0,0.0,71380.01,0.3542,0.876,0.138,0.923,0,0.0574,0.904,0.944,0.3581,0,3102.46,0.0,0,0,0.1314,0
66730.84,34120.73,3000.0,29610.11,0.045,187525.68,0.8152,0.974,0.087,0.922,0,0.0455,0.926,0.786,0.4437,0,7963.1,45000.0,0,0,0.0015,0
22575.8,17701.63,8000.0,-3125.84,0.3544,584.49,0.0221,0.917,0.097,0.627,24,-0.2046,0.638,0.749,0.0,1,6714.76,192000.0,1,6,1.0,1
65006.55,33227.83,0.0,31778.72,0.0,194346.47,0.7725,0.968,0.089,0.98,0,0.0686,0.945,0.838,0.4889,1,8391.32,0.0,0,0,0.0014,0
83134.59,51603.18,8000.0,23531.42,0.0962,111969.57,0.4182,0.852,0.171,0.834,0,0.3022,0.824,0.824,0.2831,0,6418.0,144000.0,1,22,0.1847,0
48622.8,24282.41,3000.0,21340.4,0.0617,151908.24,1.1132,0.97,0.106,0.965,0,0.0549,0.999,0.858,0.4389,0,8746.82,45000.0,0,0,0.0012,0
31228.17,23899.16,12000.0,-4670.99,0.3843,616.05,0.016,0.912,0.104,0.748,24,-0.2057,0.638,0.657,0.0,4,5651.68,288000.0,0,0,1.0,1
106425.07,64084.61,12000.0,30340.46,0.1128,127208.63,0.2746,0.858,0.151,0.868,0,0.2858,0.835,0.892,0.2851,0,11042.09,216000.0,1,18,0.0932,0
108410.33,65886.69,16000.0,26523.65,0.1476,115417.33,0.2652,0.856,0.159,0.932,0,0.3086,0.829,0.738,0.2447,0,9759.19,288000.0,0,0,0.2082,1
89422.4,54894.29,8000.0,26528.1,0.0895,122343.8,0.4161,0.81,0.185,0.865,0,0.3573,0.873,0.765,0.2967,0,9313.06,144000.0,0,0,0.1534,0
42394.96,27453.53,0.0,14941.43,0.0,79836.68,0.4462,0.894,0.137,0.854,0,-0.0984,0.937,0.917,0.3524,0,3283.93,0.0,0,0,0.1371,0
29022.61,17845.94,1500.0,9676.68,0.0517,52272.46,0.4495,0.895,0.126,0.883,0,-0.0759,0.97,0.918,0.3334,0,4175.9,18000.0,0,0,0.2183,0
45710.94,22465.71,0.0,23245.23,0.0,147289.14,0.9025,0.974,0.101,0.974,0,0.0507,0.973,0.913,0.5085,0,5761.83,0.0,0,0,0.0011,0
33366.79,21417.52,0.0,11949.26,0.0,66450.38,0.5458,0.889,0.136,0.926,0,-0.125,0.954,0.834,0.3581,0,3797.24,0.0,0,0,0.1357,0
97040.31,59314.39,12000.0,25725.92,0.1237,117595.6,0.3274,0.85,0.194,0.882,0,0.2147,0.839,0.835,0.2651,0,10636.49,216000.0,1,22,0.2816,1
29310.96,22828.88,20000.0,-13517.92,0.6823,612.12,0.0171,0.922,0.098,0.668,24,-0.14,0.686,0.536,0.0,2,6330.32,480000.0,0,0,1.0,1
66573.45,41471.64,12000.0,13101.81,0.1803,74733.37,0.4771,0.863,0.147,0.894,0,0.2158,0.931,0.822,0.1968,0,9985.25,216000.0,0,0,0.3161,0
66202.92,32042.34,6000.0,28160.58,0.0906,185006.46,0.855,0.975,0.099,0.906,0,0.0485,0.922,0.91,0.4254,0,8998.22,90000.0,0,0,0.0019,0
54999.72,27012.29,0.0,27987.43,0.0,180248.44,0.9292,0.976,0.095,0.955,0,0.0478,0.951,0.904,0.5089,0,8108.38,0.0,0,0,0.0006,0
33259.4,25739.67,12000.0,-4480.27,0.3608,564.07,0.015,0.929,0.077,0.584,24,-0.1458,0.663,0.545,0.0,2,5269.87,288000.0,0,0,1.0,1
31284.76,24190.7,12000.0,-4905.95,0.3836,1117.2,0.016,0.912,0.108,0.686,24,-0.2195,0.694,0.564,0.0,2,4412.84,288000.0,1,19,1.0,1
35122.38,22507.33,0.0,12615.05,0.0,65164.21,0.4508,0.895,0.123,0.901,0,0.221,0.859,0.859,0.3592,0,4179.87,0.0,0,0,0.0923,0
58655.82,30401.97,0.0,28253.85,0.0,180771.72,0.8861,0.968,0.09,0.974,0,0.0665,0.988,0.839,0.4817,0,5602.09,0.0,0,0,0.0005,0
40311.31,26029.62,3500.0,10781.69,0.0868,60772.43,0.4726,0.898,0.12,0.838,0,0.1439,0.855,0.896,0.2675,1,4556.32,42000.0,0,0,0.4152,1
91882.34,57653.96,12000.0,22228.39,0.1306,113078.58,0.422,0.838,0.162,0.907,0,0.3302,0.939,0.899,0.2419,0,11285.44,216000.0,0,0,0.0934,1
20655.05,15635.13,20000.0,-14980.08,0.9683,585.46,0.0242,0.924,0.103,0.761,24,-0.154,0.667,0.625,0.0,3,4109.28,480000.0,1,6,1.0,1
64981.38,32747.62,0.0,32233.76,0.0,198598.83,0.8278,0.975,0.101,0.902,0,0.0493,0.949,0.899,0.496,0,6205.19,0.0,1,7,0.0006,0
33164.13,21553.38,0.0,11610.75,0.0,65978.99,0.5858,0.902,0.131,0.825,0,-0.0432,0.943,0.885,0.3501,0,4951.13,0.0,0,0,0.1194,0
57002.16,28289.9,3000.0,25712.27,0.0526,170519.1,0.9228,0.971,0.099,0.973,0,0.0512,0.94,0.795,0.4511,0,7229.12,45000.0,0,0,0.0016,0
68091.13,34684.3,3000.0,30406.82,0.0441,177686.86,0.5758,0.975,0.095,0.931,0,0.0337,0.959,0.908,0.4466,0,7735.49,45000.0,0,0,0.0022,0
29643.46,22627.87,16000.0,-8984.42,0.5397,512.75,0.0169,0.923,0.103,0.607,24,-0.15,0.726,0.595,0.0,3,6007.62,384000.0,1,21,1.0,1
68525.45,34731.13,3000.0,30794.32,0.0438,189587.34,0.7431,0.972,0.089,0.907,0,0.0406,0.975,0.756,0.4494,0,5665.72,45000.0,0,0,0.0016,0
54750.77,27676.81,3000.0,24073.96,0.0548,146657.19,0.6981,0.97,0.093,0.909,0,0.0631,0.984,0.818,0.4397,0,6884.05,45000.0,0,0,0.0042,0
68770.87,42026.11,8000.0,18744.77,0.1163,91851.46,0.4264,0.857,0.199,0.869,0,0.4014,0.911,0.848,0.2726,1,9045.24,144000.0,1,8,0.3944,0
93731.58,58911.22,8000.0,26820.36,0.0854,114680.65,0.2947,0.862,0.158,0.911,0,0.2729,0.859,0.811,0.2861,0,11381.98,144000.0,0,0,0.1084,0
46407.76,23425.65,6000.0,16982.11,0.1293,120835.52,0.9345,0.973,0.093,0.937,0,0.0365,0.968,0.869,0.3659,0,7758.98,90000.0,1,2,0.007,0
71780.09,35742.72,0.0,36037.37,0.0,219393.26,0.7807,0.976,0.101,0.927,0,0.0397,0.981,0.828,0.5021,0,8774.95,0.0,0,0,0.0004,0
58311.51,29286.96,3000.0,26024.55,0.0514,166784.82,0.7912,0.974,0.102,0.915,0,0.0611,0.944,0.794,0.4463,0,6111.24,45000.0,0,0,0.003,0
38927.14,24644.01,2500.0,11783.13,0.0642,62926.93,0.4421,0.879,0.147,0.887,0,-0.0208,0.879,0.85,0.3027,0,3753.1,30000.0,0,0,0.3591,1
70365.23,35101.09,0.0,35264.14,0.0,201967.27,0.5534,0.977,0.109,0.958,0,0.0395,0.933,0.848,0.5012,0,5164.17,0.0,0,0,0.0013,0
83458.86,40932.11,0.0,42526.75,0.0,242307.96,0.5937,0.973,0.103,0.935,0,0.0391,0.984,0.757,0.5096,0,7033.19,0.0,0,0,0.0004,0
27295.67,21038.29,16000.0,-9742.62,0.5862,509.89,0.0183,0.908,0.119,0.776,24,-0.1759,0.733,0.569,0.0,2,5772.72,384000.0,0,0,1.0,1
53953.61,27875.13,0.0,26078.48,0.0,171062.22,0.9005,0.975,0.105,0.938,0,0.0517,0.96,0.825,0.4834,0,6239.85,0.0,0,0,0.0011,0
36702.59,23403.53,0.0,13299.06,0.0,69714.61,0.4375,0.893,0.162,0.898,0,-0.1845,0.934,0.945,0.3623,0,4968.93,0.0,0,0,0.2293,0
24911.98,15861.1,0.0,9050.88,0.0,54471.46,0.7221,0.897,0.149,0.903,0,0.0231,0.954,0.925,0.3633,0,3748.16,0.0,0,0,0.0787,0
32263.22,20989.23,1500.0,9773.99,0.0465,54596.38,0.5275,0.9,0.119,0.829,0,-0.0053,0.884,0.843,0.3029,0,4834.51,18000.0,0,0,0.2478,0
33866.86,20822.07,2500.0,10544.79,0.0738,60436.98,0.445,0.882,0.116,0.814,0,-0.1588,0.888,0.94,0.3114,0,4084.02,30000.0,0,0,0.3863,0
42706.23,27331.65,1500.0,13874.58,0.0351,76514.36,0.4729,0.894,0.144,0.835,0,-0.0875,0.888,0.904,0.3249,0,3260.84,18000.0,0,0,0.2436,1
138396.45,87843.74,8000.0,42552.71,0.0578,187372.23,0.308,0.851,0.141,0.869,0,0.2821,0.84,0.872,0.3075,1,9185.96,144000.0,1,16,0.0271,0
37446.06,23354.1,0.0,14091.95,0.0,75584.69,0.5024,0.896,0.116,0.872,0,0.0576,0.882,0.851,0.3763,0,4865.75,0.0,0,0,0.0907,0
24626.4,15788.33,0.0,8838.07,0.0,53201.77,0.7177,0.897,0.116,0.931,0,0.1479,0.865,0.915,0.3589,0,4243.49,0.0,0,0,0.0513,0
58088.49,35134.78,12000.0,10953.71,0.2066,61153.22,0.4086,0.826,0.242,0.88,0,0.4051,0.932,0.744,0.1886,0,11232.94,216000.0,0,0,0.7951,0
40099.68,25158.82,0.0,14940.85,0.0,80545.97,0.4484,0.885,0.138,0.855,0,-0.1289,0.924,0.836,0.3726,0,4401.11,0.0,0,0,0.1935,1
47186.81,30298.08,4000.0,12888.74,0.0848,77916.58,0.7266,0.865,0.144,0.846,0,0.3197,0.901,0.762,0.2731,0,6927.66,72000.0,1,21,0.1062,0
105718.24,65121.35,4000.0,36596.88,0.0378,165387.8,0.3972,0.833,0.211,0.879,0,0.2786,0.85,0.799,0.3462,0,9484.69,72000.0,1,22,0.0527,0
45699.39,29889.33,1500.0,14310.06,0.0328,70308.48,0.3253,0.895,0.126,0.934,0,0.045,0.863,0.935,0.3131,0,3590.25,18000.0,0,0,0.1593,0
36469.6,23525.44,0.0,12944.16,0.0,69126.25,0.4912,0.902,0.112,0.818,0,0.09,0.88,0.899,0.3549,0,4708.76,0.0,0,0,0.1004,0
36320.97,23466.07,0.0,12854.9,0.0,63537.58,0.3837,0.899,0.118,0.83,0,-0.0723,0.896,0.828,0.3539,1,4984.47,0.0,0,0,0.4165,1
86771.7,43915.66,3000.0,39856.04,0.0346,224207.92,0.4817,0.978,0.09,0.962,0,0.0382,0.968,0.87,0.4593,0,6335.36,45000.0,0,0,0.0007,0
87004.53,43964.6,0.0,43039.93,0.0,242401.38,0.5693,0.973,0.09,0.912,0,0.0512,0.942,0.817,0.4947,0,5651.87,0.0,0,0,0.0004,0
108643.93,67304.47,12000.0,29339.46,0.1105,133827.17,0.3148,0.842,0.209,0.831,0,0.2438,0.888,0.807,0.2701,0,10160.71,216000.0,1,15,0.2331,1
26718.52,20780.48,12000.0,-6061.96,0.4491,851.27,0.0187,0.906,0.085,0.74,24,-0.2364,0.772,0.595,0.0,3,4379.08,288000.0,1,29,1.0,1
57486.65,28103.27,0.0,29383.38,0.0,174245.75,0.7327,0.969,0.092,0.939,0,0.0557,0.927,0.792,0.5111,0,6067.26,0.0,1,4,0.0016,0
27933.2,21481.24,16000.0,-9548.04,0.5728,543.6,0.0179,0.914,0.123,0.747,24,-0.2041,0.568,0.689,0.0,2,5970.68,384000.0,1,12,1.0,1
35579.84,22370.97,0.0,13208.86,0.0,71886.28,0.5089,0.893,0.114,0.899,0,0.0129,0.957,0.931,0.3712,0,4490.66,0.0,0,0,0.0593,0
80687.92,39356.85,3000.0,38331.07,0.0372,228586.55,0.6726,0.969,0.086,0.94,0,0.0546,0.929,0.868,0.4751,0,7013.7,45000.0,0,0,0.0005,0
92279.1,46581.02,3000.0,42698.08,0.0325,250677.31,0.6284,0.972,0.1,0.922,0,0.0552,0.931,0.847,0.4627,0,8037.44,45000.0,0,0,0.0004,0
117609.14,72444.32,4000.0,41164.82,0.034,164805.64,0.2456,0.835,0.168,0.832,0,0.5,0.947,0.751,0.35,0,6743.73,72000.0,0,0,0.0149,0
148038.82,90093.6,4000.0,53945.22,0.027,215886.77,0.2779,0.845,0.182,0.852,0,0.3089,0.852,0.782,0.3644,0,11763.06,72000.0,1,20,0.007,0
77260.28,37501.9,0.0,39758.38,0.0,225394.58,0.5602,0.974,0.089,0.926,0,0.0639,0.953,0.774,0.5146,0,7602.36,0.0,0,0,0.0006,0
30418.63,23605.17,12000.0,-5186.54,0.3945,892.34,0.0164,0.933,0.071,0.716,24,-0.1489,0.713,0.518,0.0,3,5067.8,288000.0,1,26,1.0,1
30443.3,23215.93,8000.0,-772.63,0.2628,2049.18,0.0164,0.925,0.113,0.734,12,-0.1224,0.74,0.739,0.0,3,6418.22,192000.0,1,9,0.9999,1
42850.39,27041.21,0.0,15809.18,0.0,80199.68,0.4043,0.902,0.108,0.862,0,0.1382,0.906,0.954,0.3689,0,4598.7,0.0,0,0,0.0526,0
42294.78,27195.35,0.0,15099.43,0.0,81316.48,0.4544,0.917,0.107,0.841,0,-0.0556,0.897,0.888,0.357,0,3318.77,0.0,0,0,0.0904,0
56542.47,28845.96,3000.0,24696.51,0.0531,159775.03,0.8202,0.971,0.101,0.961,0,0.0572,0.986,0.806,0.4368,0,8821.26,45000.0,0,0,0.0022,0
34661.76,21679.48,2500.0,10482.28,0.0721,61971.53,0.5198,0.903,0.139,0.898,0,-0.0662,0.962,0.895,0.3024,0,4971.28,30000.0,0,0,0.2029,0
123993.19,77401.19,4000.0,42592.0,0.0323,188406.88,0.3265,0.828,0.213,0.838,0,0.3975,0.925,0.794,0.3435,0,10904.49,72000.0,0,0,0.021,0
43015.23,27760.74,2500.0,12754.49,0.0581,71646.35,0.4525,0.882,0.159,0.81,0,-0.095,0.899,0.951,0.2965,0,4467.4,30000.0,0,0,0.3785,0
34112.27,21733.2,0.0,12379.07,0.0,67439.0,0.536,0.903,0.131,0.81,0,-0.0814,0.926,0.951,0.3629,0,4203.8,0.0,0,0,0.136,0
35198.19,27207.73,20000.0,-12009.54,0.5682,582.34,0.0142,0.931,0.089,0.673,24,-0.1018,0.602,0.503,0.0,3,6110.08,480000.0,0,0,1.0,1
71689.56,36691.78,3000.0,31997.78,0.0418,184086.54,0.5291,0.973,0.092,0.937,0,0.0649,0.985,0.87,0.4463,0,7969.75,45000.0,0,0,0.0018,0
38288.56,24288.04,0.0,14000.53,0.0,74476.32,0.4619,0.871,0.141,0.932,0,-0.1185,0.893,0.847,0.3657,0,4154.87,0.0,0,0,0.1952,0
90414.32,55187.09,12000.0,23227.23,0.1327,115578.63,0.4336,0.851,0.165,0.877,0,0.326,0.888,0.821,0.2569,0,8097.82,216000.0,0,0,0.1319,1
68775.72,41433.83,4000.0,23341.88,0.0582,105027.8,0.369,0.872,0.164,0.887,0,0.3428,0.876,0.745,0.3394,0,6351.67,72000.0,1,4,0.1042,0
20109.46,15131.09,20000.0,-15021.63,0.9946,554.38,0.0249,0.922,0.1,0.667,24,-0.1549,0.682,0.564,0.0,1,6651.54,480000.0,0,0,1.0,1
71237.67,44010.14,16000.0,11227.53,0.2246,76249.03,0.5609,0.826,0.192,0.936,0,0.3951,0.9,0.728,0.1576,0,11278.5,288000.0,1,20,0.5231,1
29685.93,22550.15,16000.0,-8864.21,0.539,514.5,0.0168,0.936,0.096,0.61,24,-0.1052,0.526,0.68,0.0,3,5878.74,384000.0,1,19,1.0,1
40707.83,25764.71,0.0,14943.12,0.0,75953.83,0.3579,0.896,0.144,0.821,0,-0.1108,0.882,0.888,0.3671,0,3011.9,0.0,0,0,0.2813,1
21712.75,16892.51,20000.0,-15179.76,0.9211,500.0,0.023,0.918,0.104,0.692,24,-0.1263,0.756,0.607,0.0,2,5043.22,480000.0,1,23,1.0,1
29375.18,21872.99,20000.0,-12497.82,0.6808,608.09,0.017,0.916,0.106,0.732,24,-0.1349,0.709,0.521,0.0,3,6934.57,480000.0,1,18,1.0,1
26487.59,16625.16,1500.0,8362.43,0.0566,52356.81,0.6655,0.894,0.13,0.937,0,-0.052,0.97,0.89,0.3157,0,4395.02,18000.0,0,0,0.1229,0
81215.75,50493.15,12000.0,18722.61,0.1478,87160.48,0.3146,0.832,0.193,0.837,0,0.3665,0.875,0.851,0.2305,1,6894.11,216000.0,0,0,0.6659,1
28671.06,18053.77,2500.0,8117.29,0.0872,51028.64,0.6304,0.888,0.137,0.854,0,-0.0818,0.955,0.86,0.2831,0,3520.61,30000.0,0,0,0.2936,1
79377.99,39876.36,0.0,39501.64,0.0,224115.5,0.5294,0.976,0.108,0.966,0,0.0591,0.954,0.806,0.4976,0,7384.67,0.0,0,0,0.0007,0
40503.32,26120.28,2500.0,11883.04,0.0617,59386.59,0.3285,0.9,0.116,0.801,0,0.1204,0.873,0.957,0.2934,0,4237.87,30000.0,0,0,0.2506,0
39727.72,24713.72,2500.0,12513.99,0.0629,67909.5,0.4175,0.888,0.139,0.897,0,-0.0862,0.963,0.918,0.315,0,4181.79,30000.0,0,0,0.2263,0
53832.44,25884.2,0.0,27948.24,0.0,169498.88,0.7856,0.973,0.103,0.926,0,0.0515,0.964,0.887,0.5192,0,7113.08,0.0,0,0,0.0012,0
41714.19,26223.19,0.0,15491.0,0.0,80425.62,0.4608,0.898,0.132,0.932,0,-0.1123,0.91,0.825,0.3714,0,3398.35,0.0,0,0,0.1227,0
96832.87,61703.38,4000.0,31129.48,0.0413,129045.24,0.2816,0.838,0.166,0.856,0,0.5,0.852,0.744,0.3215,0,9663.71,72000.0,0,0,0.0589,0
69704.63,34789.58,3000.0,31915.05,0.043,192246.66,0.6764,0.974,0.1,0.904,0,0.0589,0.943,0.816,0.4579,0,6014.48,45000.0,0,0,0.0019,0
30276.36,23390.73,20000.0,-13114.37,0.6606,614.91,0.0165,0.904,0.111,0.753,24,-0.1632,0.706,0.617,0.0,3,5033.94,480000.0,0,0,1.0,1
82848.0,41894.18,0.0,40953.82,0.0,231398.16,0.5887,0.971,0.084,0.911,0,0.0567,0.994,0.813,0.4943,0,8313.52,0.0,0,0,0.0004,0
44821.72,28564.61,0.0,16257.11,0.0,78195.58,0.3119,0.896,0.132,0.814,0,0.0816,0.855,0.862,0.3627,0,4434.46,0.0,0,0,0.1979,0
83754.75,51746.04,16000.0,16008.72,0.191,94852.57,0.4461,0.888,0.159,0.84,0,0.1099,0.856,0.734,0.1911,0,6174.77,288000.0,0,0,0.5106,0
53478.08,33873.1,2500.0,17104.98,0.0467,86421.51,0.3429,0.898,0.113,0.847,0,-0.0785,0.971,0.866,0.3199,0,4785.8,30000.0,0,0,0.1365,0
55542.99,28182.83,0.0,27360.16,0.0,172104.54,0.8644,0.973,0.082,0.972,0,0.0511,0.99,0.81,0.4926,0,7817.69,0.0,1,12,0.0007,0
30201.55,23134.73,16000.0,-8933.19,0.5298,653.78,0.0166,0.915,0.108,0.648,24,-0.1453,0.575,0.611,0.0,2,4656.93,384000.0,1,22,1.0,1
29140.06,22223.66,20000.0,-13083.6,0.6863,519.34,0.0172,0.914,0.111,0.592,24,-0.1315,0.773,0.729,0.0,2,6067.67,480000.0,1,6,1.0,1
45192.69,28546.6,0.0,16646.09,0.0,85825.85,0.4229,0.919,0.129,0.816,0,0.0602,0.918,0.931,0.3683,0,3684.15,0.0,0,0,0.0767,0
40405.5,26012.1,2500.0,11893.39,0.0619,67547.78,0.4723,0.899,0.153,0.848,0,0.1608,0.933,0.88,0.2944,0,4456.07,30000.0,0,0,0.188,0
90625.59,44163.74,0.0,46461.85,0.0,267726.12,0.6183,0.975,0.074,0.933,0,0.0421,0.928,0.815,0.5127,0,8447.68,0.0,1,13,0.0002,0
33148.05,21553.68,1500.0,10094.37,0.0453,57836.67,0.5124,0.892,0.133,0.866,0,-0.0128,0.883,0.92,0.3045,0,3712.28,18000.0,0,0,0.2339,1
40293.74,25795.69,3500.0,10998.06,0.0869,65798.02,0.5236,0.88,0.153,0.856,0,-0.039,0.865,0.834,0.2729,0,3291.06,42000.0,0,0,0.4334,0
75729.54,36732.61,3000.0,35996.93,0.0396,211521.26,0.6667,0.972,0.084,0.957,0,0.0639,0.982,0.909,0.4753,0,8465.6,45000.0,1,12,0.0005,0
68547.5,42175.44,4000.0,22372.05,0.0584,112818.32,0.5482,0.835,0.157,0.919,0,0.4993,0.846,0.866,0.3264,0,9240.84,72000.0,1,14,0.037,0
34202.64,21043.29,3500.0,9659.35,0.1023,51843.79,0.3537,0.893,0.117,0.862,0,0.0606,0.894,0.849,0.2824,0,4110.71,42000.0,0,0,0.3855,1
37102.27,23710.65,0.0,13391.61,0.0,70022.38,0.4524,0.908,0.116,0.919,0,-0.0492,0.921,0.94,0.3609,0,4097.2,0.0,0,0,0.0804,0
70038.57,43889.32,8000.0,18149.25,0.1142,98940.04,0.5175,0.84,0.205,0.842,0,0.3569,0.943,0.731,0.2591,0,7188.9,144000.0,1,15,0.2682,1
44331.07,29306.02,0.0,15025.05,0.0,78508.53,0.4217,0.907,0.12,0.917,0,0.0275,0.955,0.86,0.3389,0,3420.59,0.0,0,0,0.0664,0
53051.14,33229.02,2500.0,17322.11,0.0471,88862.05,0.307,0.891,0.119,0.916,0,0.0843,0.978,0.852,0.3265,1,3093.12,30000.0,0,0,0.1821,0
32865.14,20439.56,2500.0,9925.58,0.0761,59725.88,0.6156,0.88,0.151,0.932,0,-0.1384,0.896,0.94,0.302,0,3092.32,30000.0,0,0,0.2731,0
63075.14,31367.72,3000.0,28707.42,0.0476,168122.39,0.6275,0.97,0.101,0.957,0,0.0603,0.956,0.915,0.4551,1,8369.21,45000.0,0,0,0.0053,0
59750.94,29397.26,6000.0,24353.68,0.1004,155986.69,0.7743,0.972,0.084,0.907,0,0.0322,0.948,0.875,0.4076,0,6981.78,90000.0,0,0,0.004,0
33410.23,25780.36,12000.0,-4370.13,0.3592,553.37,0.015,0.924,0.085,0.683,24,-0.1229,0.527,0.565,0.0,3,6937.0,288000.0,0,0,1.0,1
98327.87,61072.37,8000.0,29255.51,0.0814,131696.49,0.3576,0.85,0.186,0.949,0,0.389,0.895,0.804,0.2975,0,10067.2,144000.0,1,15,0.0564,0
41029.26,20714.76,0.0,20314.5,0.0,132436.09,0.9649,0.972,0.111,0.929,0,0.0489,0.975,0.903,0.4951,0,6371.05,0.0,0,0,0.0019,0
50818.74,31566.01,4000.0,15252.74,0.0787,75021.34,0.5049,0.838,0.18,0.926,0,0.3253,0.934,0.815,0.3001,0,10779.27,72000.0,0,0,0.1758,0
45555.46,22552.77,0.0,23002.69,0.0,156613.65,1.2059,0.971,0.093,0.979,0,0.0468,0.938,0.765,0.5049,0,8613.27,0.0,1,9,0.0006,0
86927.36,43982.24,3000.0,39945.12,0.0345,231766.92,0.6115,0.975,0.089,0.901,0,0.0439,0.939,0.863,0.4595,0,6550.56,45000.0,0,0,0.0006,0
68550.78,33611.48,0.0,34939.3,0.0,204199.42,0.6143,0.972,0.092,0.902,0,0.0489,0.945,0.811,0.5097,0,5252.28,0.0,1,7,0.0011,0
35137.39,27093.07,16000.0,-7955.68,0.4554,500.0,0.0142,0.915,0.103,0.677,24,-0.1582,0.772,0.608,0.0,1,5120.13,384000.0,0,0,1.0,1
57896.28,27929.39,0.0,29966.89,0.0,178703.4,0.7323,0.969,0.117,0.965,0,0.0673,0.935,0.782,0.5176,0,8318.73,0.0,1,2,0.0018,0
38214.85,24062.64,1500.0,12652.21,0.0393,66089.09,0.4162,0.904,0.13,0.919,0,0.0819,0.866,0.919,0.3311,0,4777.23,18000.0,0,0,0.1486,0
44968.2,22555.64,0.0,22412.56,0.0,138127.44,0.7972,0.973,0.089,0.925,0,0.0474,0.975,0.831,0.4984,0,5487.31,0.0,0,0,0.0023,0
44672.02,28474.64,0.0,16197.38,0.0,82706.92,0.3649,0.889,0.131,0.913,0,-0.0447,0.969,0.921,0.3626,0,3441.17,0.0,0,0,0.0901,0
25216.83,16322.7,0.0,8894.13,0.0,53905.69,0.7083,0.899,0.143,0.931,0,-0.0642,0.947,0.958,0.3527,0,4605.36,0.0,0,0,0.0807,0
55799.65,27503.58,0.0,28296.07,0.0,177351.91,0.8481,0.974,0.093,0.968,0,0.0612,0.939,0.836,0.5071,0,7211.78,0.0,0,0,0.0008,0
27324.45,20685.01,8000.0,-1360.56,0.2928,1304.76,0.0183,0.93,0.091,0.617,19,-0.0618,0.573,0.52,0.0,1,4429.16,192000.0,0,0,0.9999,1
32966.29,21137.63,2500.0,9328.66,0.0758,51184.19,0.4254,0.905,0.119,0.903,0,0.037,0.899,0.895,0.283,0,4460.37,30000.0,0,0,0.2384,0
74936.77,47277.99,4000.0,23658.78,0.0534,107982.05,0.3383,0.861,0.185,0.84,0,0.1171,0.929,0.801,0.3157,0,8285.93,72000.0,0,0,0.2083,0
22167.98,17052.15,12000.0,-6884.18,0.5413,533.24,0.0226,0.922,0.109,0.675,24,-0.188,0.722,0.565,0.0,1,4562.56,288000.0,1,30,1.0,1
135599.44,84596.56,8000.0,43002.88,0.059,186301.88,0.3274,0.834,0.193,0.911,0,0.3861,0.889,0.728,0.3171,0,6415.84,144000.0,1,13,0.0191,0
75000.57,37497.76,0.0,37502.81,0.0,226929.65,0.7788,0.969,0.101,0.962,0,0.0707,0.934,0.759,0.5,0,8949.23,0.0,0,0,0.0004,0
53747.58,26542.52,6000.0,21205.06,0.1116,137288.0,0.7447,0.972,0.092,0.922,0,0.0556,0.943,0.775,0.3945,0,5442.07,90000.0,0,0,0.0096,0
57993.13,29002.22,0.0,28990.91,0.0,182330.5,0.8006,0.973,0.111,0.926,0,0.0585,0.957,0.892,0.4999,0,6805.88,0.0,0,0,0.0011,0
74082.59,36608.19,0.0,37474.4,0.0,211671.87,0.573,0.969,0.11,0.96,0,0.0473,0.933,0.751,0.5058,0,6824.49,0.0,0,0,0.0012,0
37563.4,24013.76,1500.0,12049.63,0.0399,68761.63,0.5309,0.898,0.131,0.851,0,0.0172,0.968,0.864,0.3208,0,4476.74,18000.0,0,0,0.1306,0
64753.92,31945.27,3000.0,29808.65,0.0463,177545.0,0.6317,0.97,0.093,0.94,0,0.0474,0.965,0.9,0.4603,0,8161.89,45000.0,1,5,0.0018,0
33125.6,20648.19,2500.0,9977.41,0.0755,52868.67,0.41,0.902,0.111,0.837,0,0.0473,0.944,0.821,0.3012,0,4828.85,30000.0,0,0,0.2583,0
24326.35,15262.95,1500.0,7563.4,0.0617,45946.84,0.5948,0.902,0.153,0.89,0,-0.1027,0.854,0.868,0.3109,0,4526.89,18000.0,0,0,0.4073,0
34919.65,23138.33,2500.0,9281.32,0.0716,52204.33,0.5066,0.897,0.106,0.924,0,0.202,0.913,0.91,0.2658,0,3377.75,30000.0,0,0,0.0978,0
20556.49,15865.52,16000.0,-11309.03,0.7783,592.36,0.0243,0.921,0.113,0.551,24,-0.1668,0.552,0.682,0.0,2,5620.82,384000.0,1,19,1.0,1
50601.97,39023.65,8000.0,3578.32,0.1581,16821.85,0.1438,0.903,0.086,0.768,2,-0.2167,0.604,0.664,0.0707,4,4583.55,192000.0,0,0,0.9995,1
39899.5,30199.39,12000.0,-2299.9,0.3008,1131.45,0.0125,0.925,0.092,0.65,22,-0.1569,0.769,0.658,0.0,2,4069.82,288000.0,0,0,0.9999,1
74102.17,36883.26,6000.0,31218.91,0.081,192388.28,0.669,0.971,0.091,0.937,0,0.0571,0.983,0.861,0.4213,0,7132.79,90000.0,0,0,0.0016,0
40992.8,26472.32,1500.0,13020.48,0.0366,70750.38,0.4534,0.9,0.132,0.883,0,-0.0745,0.909,0.846,0.3176,0,4993.93,18000.0,0,0,0.2075,0
55125.17,27783.89,0.0,27341.28,0.0,161538.96,0.6844,0.972,0.091,0.96,0,0.0501,0.982,0.757,0.496,0,6454.87,0.0,0,0,0.0018,0
34736.2,21955.29,0.0,12780.9,0.0,67835.21,0.4872,0.87,0.151,0.852,0,0.053,0.947,0.889,0.3679,0,4230.57,0.0,0,0,0.1587,0
56873.92,35045.47,4000.0,17828.45,0.0703,80592.01,0.4327,0.834,0.168,0.88,0,0.4217,0.874,0.858,0.3135,0,8883.81,72000.0,0,0,0.1554,0
32100.56,20749.6,0.0,11350.96,0.0,62485.12,0.4638,0.884,0.111,0.875,0,-0.0787,0.873,0.836,0.3536,0,3427.4,0.0,0,0,0.2013,0
51079.39,31754.65,0.0,19324.74,0.0,95615.39,0.3196,0.898,0.13,0.853,0,0.033,0.888,0.899,0.3783,0,3133.78,0.0,0,0,0.103,0
65607.42,31838.06,0.0,33769.36,0.0,209635.43,0.8867,0.973,0.093,0.918,0,0.0411,0.992,0.912,0.5147,0,5299.51,0.0,1,2,0.0003,0
19694.56,14907.53,8000.0,-3212.97,0.4062,908.08,0.0254,0.914,0.102,0.719,24,-0.2166,0.744,0.59,0.0,3,4811.28,192000.0,1,9,1.0,1
75416.28,36608.05,6000.0,32808.23,0.0796,198808.49,0.6482,0.973,0.085,0.979,0,0.0439,0.964,0.863,0.435,0,6290.58,90000.0,1,5,0.0012,0
37206.31,23663.21,0.0,13543.11,0.0,75956.27,0.5622,0.895,0.125,0.924,0,-0.1794,0.965,0.949,0.364,0,3265.58,0.0,0,0,0.0746,0
38323.06,24761.33,3500.0,10061.74,0.0913,58911.57,0.4872,0.892,0.143,0.917,0,-0.1286,0.886,0.851,0.2626,0,4039.31,42000.0,0,0,0.4099,1
38681.2,23896.28,2500.0,12284.92,0.0646,64352.27,0.336,0.891,0.143,0.878,0,-0.0535,0.949,0.922,0.3176,0,4930.16,30000.0,0,0,0.3046,0
31855.17,20847.13,0.0,11008.05,0.0,57808.35,0.428,0.881,0.159,0.899,0,0.0683,0.87,0.909,0.3456,0,3380.01,0.0,0,0,0.2434,0
74186.33,45336.73,8000.0,20849.6,0.1078,97051.56,0.3273,0.85,0.155,0.824,0,0.2628,0.956,0.828,0.281,0,9475.61,144000.0,0,0,0.1913,0
96144.57,58455.75,8000.0,29688.82,0.0832,134830.64,0.4198,0.82,0.196,0.931,0,0.3977,0.905,0.868,0.3088,1,6291.68,144000.0,1,20,0.119,0
26576.15,20322.56,20000.0,-13746.41,0.7526,599.11,0.0188,0.914,0.107,0.653,24,-0.1746,0.759,0.535,0.0,1,4484.24,480000.0,1,9,1.0,1
79200.9,49703.88,4000.0,25497.01,0.0505,120469.3,0.4428,0.855,0.167,0.892,0,0.2358,0.828,0.849,0.3219,0,7082.46,72000.0,0,0,0.0857,0
101612.32,63792.28,4000.0,33820.04,0.0394,143302.22,0.261,0.861,0.18,0.922,0,0.2125,0.941,0.78,0.3328,0,7232.77,72000.0,1,11,0.0455,0
38086.83,29150.53,12000.0,-3063.7,0.3151,648.69,0.0131,0.935,0.092,0.578,22,-0.1296,0.772,0.725,0.0,1,5763.53,288000.0,1,24,0.9999,1
34181.56,21921.39,2500.0,9760.17,0.0731,54891.45,0.3993,0.903,0.124,0.826,0,-0.0584,0.941,0.915,0.2855,1,4904.84,30000.0,0,0,0.5251,1
47668.03,23635.56,6000.0,18032.48,0.1259,129361.11,1.0008,0.974,0.091,0.974,0,0.031,0.969,0.833,0.3783,0,7447.5,90000.0,0,0,0.0043,0
61411.19,31068.11,0.0,30343.08,0.0,191765.16,0.8611,0.976,0.087,0.945,0,0.0455,0.998,0.756,0.4941,0,6488.82,0.0,0,0,0.0006,0
29934.84,18784.88,2500.0,8649.97,0.0835,46735.46,0.3729,0.89,0.123,0.812,0,0.0916,0.853,0.854,0.289,0,4026.51,30000.0,0,0,0.4693,0
37628.41,23812.88,2500.0,11315.52,0.0664,58623.95,0.3127,0.892,0.121,0.871,0,0.0516,0.963,0.836,0.3007,0,4438.44,30000.0,0,0,0.2618,1
74432.22,37605.37,0.0,36826.85,0.0,227816.37,0.797,0.973,0.079,0.972,0,0.0443,0.934,0.832,0.4948,0,7018.86,0.0,0,0,0.0003,0
65842.97,32219.01,6000.0,27623.97,0.0911,178388.38,0.7883,0.971,0.1,0.977,0,0.0636,0.993,0.879,0.4195,0,7391.79,90000.0,0,0,0.0016,0
97503.99,60878.17,8000.0,28625.82,0.082,130079.37,0.3637,0.856,0.183,0.934,0,0.3328,0.919,0.883,0.2936,1,7689.12,144000.0,1,9,0.109,0
72836.18,36316.01,3000.0,33520.18,0.0412,199545.93,0.6417,0.971,0.088,0.965,0,0.0376,0.998,0.805,0.4602,0,8570.88,45000.0,1,13,0.001,0
28997.71,18781.0,0.0,10216.71,0.0,56883.38,0.5657,0.898,0.152,0.809,0,-0.0495,0.901,0.909,0.3523,0,3358.87,0.0,0,0,0.2355,0
33129.59,20541.75,2500.0,10087.84,0.0755,54938.47,0.4438,0.896,0.143,0.807,0,0.0551,0.893,0.912,0.3045,0,3260.65,30000.0,0,0,0.3618,0
47619.57,23916.02,0.0,23703.56,0.0,161450.9,1.145,0.975,0.099,0.927,0,0.0493,0.972,0.824,0.4978,0,5625.9,0.0,1,6,0.0006,0
24399.8,18850.35,16000.0,-10450.55,0.6557,573.31,0.0205,0.918,0.098,0.712,24,-0.1821,0.738,0.669,0.0,2,4461.95,384000.0,1,11,1.0,1
31748.65,24309.71,16000.0,-8561.06,0.504,792.66,0.0157,0.927,0.079,0.78,24,-0.1174,0.696,0.728,0.0,4,4143.92,384000.0,0,0,1.0,1
122842.6,77664.24,12000.0,33178.36,0.0977,150056.33,0.3305,0.841,0.171,0.903,0,0.5,0.828,0.853,0.2701,0,9320.11,216000.0,1,23,0.0397,0
31045.59,23946.15,12000.0,-4900.57,0.3865,552.98,0.0161,0.903,0.101,0.563,24,-0.1821,0.722,0.679,0.0,3,5812.86,288000.0,0,0,1.0,1
39301.7,24594.46,0.0,14707.24,0.0,77553.31,0.5199,0.9,0.131,0.821,0,-0.0814,0.953,0.872,0.3742,1,4025.42,0.0,0,0,0.2343,0
54775.47,33833.11,16000.0,4942.36,0.2921,39865.98,0.4974,0.853,0.163,0.859,4,0.2968,0.866,0.838,0.0902,0,11687.18,288000.0,1,7,0.8776,1
90063.29,54979.59,8000.0,27083.71,0.0888,120432.28,0.2872,0.833,0.225,0.93,0,0.4109,0.944,0.877,0.3007,0,10884.77,144000.0,1,10,0.1249,0
62185.81,29809.58,6000.0,26376.23,0.0965,153164.65,0.539,0.971,0.078,0.909,0,0.0632,0.977,0.898,0.4242,0,6329.49,90000.0,0,0,0.0049,0
37999.43,23831.34,0.0,14168.09,0.0,72711.65,0.4593,0.904,0.137,0.817,0,0.1689,0.94,0.933,0.3729,0,4504.13,0.0,0,0,0.0795,0
49126.54,30929.18,0.0,18197.36,0.0,92663.14,0.3615,0.89,0.127,0.891,0,-0.1235,0.924,0.949,0.3704,0,4774.21,0.0,0,0,0.101,0
76334.14,38476.07,3000.0,34858.08,0.0393,206047.27,0.6712,0.972,0.101,0.974,0,0.0407,0.929,0.855,0.4567,0,8678.26,45000.0,0,0,0.001,0
37363.05,23448.97,2500.0,11414.09,0.0669,58468.63,0.3337,0.885,0.14,0.912,0,0.1813,0.957,0.94,0.3055,0,3986.76,30000.0,0,0,0.1779,1
26452.47,20076.54,20000.0,-13624.07,0.7561,524.72,0.0189,0.909,0.1,0.599,24,-0.2026,0.588,0.708,0.0,2,4745.94,480000.0,1,31,1.0,1
76397.68,37130.15,0.0,39267.53,0.0,231070.36,0.6891,0.974,0.102,0.972,0,0.0541,0.93,0.802,0.514,0,5475.04,0.0,0,0,0.0004,0
78291.9,48043.35,4000.0,26248.55,0.0511,125855.95,0.461,0.881,0.171,0.93,0,0.1124,0.833,0.739,0.3353,0,8380.89,72000.0,1,16,0.0964,0
33772.53,20785.54,0.0,12986.99,0.0,68647.96,0.5257,0.89,0.142,0.879,0,0.0423,0.891,0.896,0.3845,0,3965.13,0.0,0,0,0.1259,0
63806.62,31325.42,6000.0,26481.21,0.094,171920.88,0.8021,0.972,0.099,0.92,0,0.0716,0.994,0.798,0.415,0,5296.87,90000.0,0,0,0.0026,0
53874.0,26519.64,0.0,27354.36,0.0,164151.47,0.7174,0.97,0.094,0.957,0,0.0759,0.999,0.757,0.5077,0,7780.89,0.0,0,0,0.0015,0
54305.95,27100.39,3000.0,24205.56,0.0552,154349.17,0.8056,0.974,0.1,0.923,0,0.0656,0.952,0.88,0.4457,0,8223.16,45000.0,0,0,0.0028,0
41293.78,25902.17,1500.0,13891.6,0.0363,72941.18,0.3806,0.891,0.123,0.832,0,0.0416,0.853,0.847,0.3364,0,4491.67,18000.0,0,0,0.2467,0
58617.66,37532.97,8000.0,13084.69,0.1365,73617.36,0.5117,0.84,0.171,0.905,0,0.2964,0.926,0.866,0.2232,1,6630.53,144000.0,0,0,0.4576,0
45253.96,29168.27,3500.0,12585.69,0.0773,68847.04,0.419,0.893,0.146,0.81,0,0.1427,0.936,0.941,0.2781,0,3439.18,42000.0,0,0,0.2192,0
16426.18,12575.93,12000.0,-8149.76,0.7305,576.76,0.0304,0.901,0.12,0.72,24,-0.2497,0.715,0.573,0.0,1,5758.85,288000.0,1,24,1.0,1
86489.53,52803.46,12000.0,21686.07,0.1387,105070.23,0.3788,0.881,0.145,0.828,0,0.3539,0.838,0.733,0.2507,0,7812.7,216000.0,0,0,0.2016,0
62286.79,31476.25,3000.0,27810.54,0.0482,179481.2,0.8688,0.968,0.084,0.937,0,0.0633,0.968,0.83,0.4465,0,7272.77,45000.0,0,0,0.001,0
80543.62,48136.62,16000.0,16407.0,0.1987,90531.24,0.4104,0.808,0.212,0.891,0,0.3605,0.909,0.896,0.2037,0,9036.82,288000.0,1,7,0.5133,0
65598.04,32342.34,3000.0,30255.7,0.0457,180664.04,0.6692,0.973,0.116,0.974,0,0.0415,0.97,0.85,0.4612,0,5604.87,45000.0,0,0,0.002,0
32067.88,20695.11,2500.0,8872.78,0.078,52099.88,0.4927,0.886,0.148,0.862,0,0.0213,0.89,0.877,0.2767,0,3611.58,30000.0,0,0,0.3867,0
29817.23,22990.64,8000.0,-1173.41,0.2683,3299.52,0.0168,0.906,0.125,0.648,17,-0.2482,0.605,0.509,0.0,2,5581.17,192000.0,1,32,1.0,1
42790.75,27134.8,1500.0,14155.95,0.0351,71165.15,0.3973,0.882,0.135,0.824,0,0.0672,0.874,0.898,0.3308,0,4548.83,18000.0,0,0,0.2311,1
76620.83,38839.2,0.0,37781.63,0.0,217764.23,0.5706,0.977,0.081,0.928,0,0.0507,0.928,0.9,0.4931,0,8854.49,0.0,0,0,0.0006,0
32834.64,25304.35,8000.0,-469.71,0.2436,1836.02,0.0152,0.901,0.125,0.636,14,-0.2129,0.546,0.53,0.0,3,5699.62,192000.0,1,28,1.0,1
77604.73,39867.91,0.0,37736.82,0.0,227804.89,0.7155,0.969,0.106,0.972,0,0.0568,0.991,0.87,0.4863,0,6894.43,0.0,0,0,0.0003,0
17355.54,13312.88,16000.0,-11957.34,0.9219,531.65,0.0288,0.91,0.094,0.702,24,-0.1701,0.774,0.541,0.0,1,6194.98,384000.0,0,0,1.0,1
37101.57,23523.17,1500.0,12078.4,0.0404,62998.2,0.3248,0.882,0.132,0.904,0,-0.0743,0.947,0.951,0.3255,0,4979.44,18000.0,0,0,0.2408,0
105560.26,64008.35,12000.0,29551.92,0.1137,130386.0,0.3075,0.826,0.185,0.833,0,0.2188,0.923,0.828,0.28,0,9243.51,216000.0,1,6,0.1799,1
72204.4,37164.37,0.0,35040.03,0.0,202311.64,0.6375,0.972,0.087,0.977,0,0.0666,0.99,0.799,0.4853,0,6640.69,0.0,0,0,0.0006,0
75084.91,36857.96,0.0,38226.95,0.0,223705.37,0.6889,0.971,0.093,0.919,0,0.0724,0.973,0.801,0.5091,0,8957.38,0.0,0,0,0.0004,0
98262.04,59835.38,8000.0,30426.66,0.0814,131934.2,0.2936,0.835,0.182,0.948,0,0.4779,0.827,0.755,0.3096,0,10304.77,144000.0,1,6,0.0788,0
73276.23,36877.59,3000.0,33398.64,0.0409,204003.19,0.7202,0.976,0.103,0.902,0,0.0634,0.936,0.884,0.4558,0,6859.89,45000.0,0,0,0.0011,0
81398.94,41082.38,0.0,40316.56,0.0,230730.54,0.5674,0.972,0.087,0.901,0,0.0502,0.988,0.852,0.4953,0,5011.64,0.0,0,0,0.0004,0
61084.34,30413.09,3000.0,27671.25,0.0491,162373.89,0.6162,0.975,0.072,0.923,0,0.0479,0.962,0.807,0.453,0,8682.8,45000.0,0,0,0.0026,0
32652.74,20563.34,2500.0,9589.39,0.0766,55001.19,0.5244,0.887,0.14,0.921,0,0.003,0.978,0.845,0.2937,0,4765.1,30000.0,0,0,0.2134,0
30307.78,19357.23,1500.0,9450.56,0.0495,49651.91,0.364,0.907,0.111,0.801,0,-0.1045,0.975,0.924,0.3118,0,3760.79,18000.0,0,0,0.287,1
45795.56,28920.46,0.0,16875.1,0.0,89656.64,0.4579,0.887,0.119,0.894,0,0.1292,0.887,0.849,0.3685,0,4651.84,0.0,0,0,0.0618,0
55168.91,27907.21,6000.0,21261.7,0.1088,146576.15,0.933,0.974,0.091,0.967,0,0.052,0.939,0.828,0.3854,0,5747.63,90000.0,1,8,0.0035,0
98904.34,59598.01,16000.0,23306.33,0.1618,105559.01,0.3113,0.828,0.17,0.905,0,0.4519,0.823,0.736,0.2356,0,8996.9,288000.0,0,0,0.2914,0
48166.99,31043.61,2500.0,14623.38,0.0519,72261.38,0.2479,0.877,0.162,0.913,0,-0.107,0.88,0.922,0.3036,0,4267.58,30000.0,0,0,0.4486,1
111817.98,69727.71,4000.0,38090.27,0.0358,162585.18,0.3245,0.814,0.216,0.887,0,0.5,0.822,0.745,0.3406,0,7444.77,72000.0,0,0,0.0511,0
27670.25,21536.28,12000.0,-5866.03,0.4337,549.33,0.0181,0.919,0.104,0.597,24,-0.1969,0.537,0.538,0.0,3,5795.2,288000.0,1,32,1.0,1
73257.85,37841.67,3000.0,32416.18,0.041,187191.63,0.5441,0.971,0.088,0.969,0,0.0609,0.965,0.829,0.4425,0,7521.1,45000.0,1,3,0.0016,0
32840.73,21440.76,0.0,11399.97,0.0,62301.16,0.5067,0.893,0.127,0.938,0,0.0398,0.925,0.933,0.3471,0,3654.79,0.0,0,0,0.0819,0
41168.12,26282.16,1500.0,13385.95,0.0364,67852.0,0.3322,0.9,0.118,0.917,0,0.012,0.975,0.916,0.3252,0,4774.19,18000.0,0,0,0.1167,0
37315.54,28860.19,16000.0,-7544.65,0.4288,566.96,0.0134,0.941,0.093,0.689,24,-0.0967,0.768,0.647,0.0,1,4530.5,384000.0,1,14,1.0,1
74083.37,37433.81,0.0,36649.57,0.0,218780.16,0.6888,0.974,0.095,0.978,0,0.0341,0.987,0.885,0.4947,0,5698.46,0.0,0,0,0.0003,0
57364.92,28693.4,3000.0,25671.52,0.0523,164363.06,0.8768,0.973,0.098,0.944,0,0.0387,0.957,0.863,0.4475,0,6723.01,45000.0,1,5,0.0017,0
34030.73,25232.67,16000.0,-7201.94,0.4702,712.48,0.0147,0.918,0.096,0.747,24,-0.166,0.73,0.607,0.0,4,4115.04,384000.0,0,0,1.0,1
40179.72,24849.65,0.0,15330.07,0.0,77775.61,0.3682,0.9,0.112,0.935,0,-0.0612,0.89,0.904,0.3815,0,4488.48,0.0,0,0,0.0995,0
71419.96,43471.19,16000.0,11948.77,0.224,81288.6,0.5366,0.841,0.202,0.893,0,0.2873,0.921,0.87,0.1673,0,7666.09,288000.0,1,12,0.526,0
36737.13,23322.7,1500.0,11914.43,0.0408,65852.76,0.5533,0.905,0.118,0.803,0,-0.0389,0.87,0.853,0.3243,0,4432.76,18000.0,0,0,0.2087,0
36570.72,28723.5,20000.0,-12152.78,0.5469,528.81,0.0137,0.92,0.105,0.637,24,-0.1671,0.751,0.612,0.0,3,4604.04,480000.0,0,0,1.0,1
42456.63,21621.18,3000.0,17835.45,0.0707,118777.74,0.8928,0.975,0.09,0.907,0,0.042,0.958,0.809,0.4201,0,6010.2,45000.0,0,0,0.0063,0
75418.28,37948.28,3000.0,34470.0,0.0398,211477.88,0.7818,0.97,0.082,0.95,0,0.0638,0.932,0.878,0.4571,0,5531.6,45000.0,0,0,0.0005,0
31049.08,19300.41,0.0,11748.67,0.0,69418.1,0.6155,0.882,0.132,0.894,0,-0.1072,0.967,0.86,0.3784,0,3479.9,0.0,0,0,0.1061,0
30435.21,19189.74,0.0,11245.47,0.0,59392.52,0.4827,0.889,0.139,0.816,0,-0.0828,0.853,0.891,0.3695,0,4935.65,0.0,0,0,0.3061,1
69754.52,34321.1,0.0,35433.42,0.0,202393.75,0.6252,0.973,0.081,0.926,0,0.0465,0.961,0.839,0.508,0,5904.71,0.0,1,7,0.0007,0
44826.57,27600.45,0.0,17226.13,0.0,88132.15,0.3824,0.908,0.12,0.859,0,-0.0918,0.88,0.929,0.3843,0,3296.29,0.0,0,0,0.1125,0
76538.45,38987.5,3000.0,34550.95,0.0392,193806.12,0.476,0.973,0.094,0.946,0,0.0504,0.935,0.768,0.4514,0,6392.14,45000.0,0,0,0.0025,0
71295.97,35711.81,3000.0,32584.15,0.0421,193436.42,0.6289,0.975,0.1,0.904,0,0.0484,0.962,0.8,0.457,0,8260.0,45000.0,0,0,0.002,0
86848.71,55353.13,8000.0,23495.58,0.0921,106956.05,0.328,0.863,0.203,0.881,0,0.2654,0.889,0.754,0.2705,0,9233.88,144000.0,0,0,0.2667,0
40645.6,25753.15,0.0,14892.45,0.0,75632.4,0.3878,0.916,0.103,0.858,0,0.0217,0.963,0.908,0.3664,0,3800.41,0.0,0,0,0.0621,0
42279.08,26449.98,8000.0,7829.1,0.1892,53672.98,0.6801,0.83,0.184,0.845,0,0.4342,0.906,0.77,0.1852,0,7253.35,144000.0,1,22,0.4846,0
41897.58,27114.47,2500.0,12283.11,0.0597,66519.23,0.4346,0.908,0.107,0.908,0,-0.072,0.942,0.908,0.2932,0,4071.92,30000.0,0,0,0.1352,1
38405.62,24642.41,3500.0,10263.21,0.0911,57077.95,0.4312,0.895,0.151,0.847,0,-0.0011,0.886,0.862,0.2672,0,4001.89,42000.0,0,0,0.456,0
36584.02,23072.42,1500.0,12011.6,0.041,67299.93,0.5088,0.894,0.145,0.861,0,-0.0309,0.853,0.83,0.3283,0,3879.53,18000.0,0,0,0.2978,0
52366.73,26552.45,0.0,25814.28,0.0,152829.44,0.7088,0.971,0.078,0.947,0,0.0577,0.934,0.816,0.493,0,5251.54,0.0,0,0,0.0019,0
36704.6,23179.17,1500.0,12025.43,0.0409,67061.91,0.5075,0.881,0.133,0.844,0,-0.0245,0.963,0.935,0.3276,0,3470.12,18000.0,0,0,0.1605,0
56877.23,34168.37,4000.0,18708.86,0.0703,95631.04,0.594,0.837,0.146,0.938,0,0.4535,0.847,0.877,0.3289,1,9463.68,72000.0,1,13,0.1032,0
84381.23,52239.88,8000.0,24141.35,0.0948,112949.8,0.4001,0.851,0.2,0.937,0,0.3548,0.893,0.846,0.2861,0,11253.95,144000.0,0,0,0.1183,0
89660.95,56826.58,8000.0,24834.37,0.0892,119900.4,0.3721,0.859,0.171,0.898,0,0.2022,0.945,0.885,0.277,0,11763.04,144000.0,1,9,0.0882,0
35171.67,22359.04,3500.0,9312.64,0.0995,47636.66,0.3776,0.899,0.129,0.935,0,0.096,0.893,0.958,0.2648,0,3991.77,42000.0,0,0,0.2627,0
35919.58,22754.45,1500.0,11665.14,0.0418,65550.97,0.5445,0.906,0.096,0.885,0,-0.0024,0.927,0.893,0.3248,0,3024.01,18000.0,0,0,0.0826,0
85220.22,41509.64,6000.0,37710.58,0.0704,225829.11,0.6327,0.973,0.1,0.933,0,0.049,0.971,0.86,0.4425,1,7495.63,90000.0,0,0,0.002,0
43258.1,27032.15,0.0,16225.95,0.0,81474.82,0.4025,0.903,0.118,0.848,0,0.1615,0.965,0.854,0.3751,0,4134.35,0.0,0,0,0.0563,0
50792.93,31727.76,0.0,19065.17,0.0,95819.72,0.3672,0.893,0.149,0.825,0,-0.0746,0.861,0.842,0.3754,0,3786.71,0.0,0,0,0.2138,0
27547.97,17032.03,2500.0,8015.94,0.0908,47532.59,0.5041,0.924,0.098,0.927,0,-0.1058,0.881,0.894,0.291,0,3598.61,30000.0,0,0,0.2256,0
113355.45,69418.5,12000.0,31936.95,0.1059,138383.25,0.2752,0.859,0.169,0.893,0,0.2023,0.825,0.742,0.2817,0,9362.6,216000.0,0,0,0.1467,0
39298.65,25285.72,0.0,14012.93,0.0,70758.7,0.3634,0.909,0.113,0.803,0,0.0069,0.966,0.837,0.3566,0,4553.2,0.0,0,0,0.1318,0
68697.15,34650.08,0.0,34047.06,0.0,202586.61,0.6764,0.973,0.096,0.945,0,0.0566,0.993,0.823,0.4956,0,5816.77,0.0,0,0,0.0007,0
101891.12,64969.05,4000.0,32922.06,0.0393,135668.96,0.2835,0.825,0.21,0.874,0,0.4018,0.946,0.887,0.3231,0,6838.38,72000.0,0,0,0.0538,0
31672.39,23655.93,8000.0,16.46,0.2526,3961.89,0.1039,0.913,0.115,0.626,11,-0.1724,0.695,0.749,0.0005,3,6372.76,192000.0,1,31,0.9999,1
33526.9,21115.62,1500.0,10911.27,0.0447,59445.81,0.5483,0.881,0.154,0.931,0,0.0647,0.925,0.945,0.3254,0,4708.0,18000.0,0,0,0.1502,0
75948.6,38061.48,3000.0,34887.13,0.0395,211086.15,0.7058,0.977,0.078,0.912,0,0.0402,0.943,0.854,0.4594,0,5655.46,45000.0,0,0,0.0007,0
83429.67,52193.99,8000.0,23235.68,0.0959,114072.15,0.4514,0.89,0.132,0.945,0,0.3039,0.949,0.73,0.2785,1,10617.72,144000.0,1,6,0.0832,0
82609.61,51430.79,8000.0,23178.82,0.0968,107012.55,0.3979,0.825,0.178,0.847,0,0.4826,0.872,0.723,0.2806,0,11356.67,144000.0,1,23,0.1761,0
50545.02,24790.91,0.0,25754.1,0.0,158567.59,0.84,0.976,0.078,0.937,0,0.0375,0.979,0.823,0.5095,0,6016.49,0.0,0,0,0.001,0
27441.8,20812.48,16000.0,-9370.68,0.5831,516.81,0.0182,0.927,0.089,0.674,24,-0.1235,0.712,0.711,0.0,2,6343.6,384000.0,1,10,1.0,1
45599.66,28103.29,0.0,17496.37,0.0,88261.52,0.4297,0.884,0.125,0.803,0,-0.143,0.952,0.865,0.3837,0,4582.39,0.0,0,0,0.1435,0
126375.93,77809.23,4000.0,44566.7,0.0317,185504.06,0.2785,0.86,0.193,0.862,0,0.1982,0.899,0.869,0.3527,0,10382.5,72000.0,1,21,0.0181,0
68623.48,42755.44,8000.0,17868.04,0.1166,90619.39,0.4756,0.854,0.168,0.868,0,0.2543,0.82,0.796,0.2604,0,10942.72,144000.0,0,0,0.3048,1
82374.4,41027.72,0.0,41346.68,0.0,231214.51,0.5247,0.97,0.083,0.958,0,0.0679,0.924,0.916,0.5019,0,7188.39,0.0,0,0,0.0004,0
33639.74,21279.75,0.0,12359.99,0.0,66270.46,0.4787,0.893,0.11,0.916,0,-0.0607,0.912,0.871,0.3674,0,4482.44,0.0,0,0,0.1077,0
80910.87,49014.1,8000.0,23896.77,0.0989,116729.76,0.4188,0.882,0.152,0.829,0,0.259,0.946,0.809,0.2953,0,6892.27,144000.0,0,0,0.0805,0
61037.19,29847.69,0.0,31189.5,0.0,198835.38,0.9018,0.977,0.095,0.971,0,0.0386,0.978,0.809,0.511,0,7406.5,0.0,0,0,0.0004,0
54280.74,26646.98,6000.0,21633.76,0.1105,135674.82,0.6992,0.973,0.103,0.954,0,0.0452,0.978,0.911,0.3986,0,6117.42,90000.0,0,0,0.0069,0
51188.17,32199.98,1500.0,17488.19,0.0293,89503.7,0.3625,0.913,0.112,0.811,0,0.014,0.856,0.932,0.3416,0,3164.84,18000.0,0,0,0.1235,0
34347.77,26134.2,16000.0,-7786.43,0.4658,546.65,0.0146,0.909,0.13,0.6,24,-0.1817,0.572,0.576,0.0,2,4531.53,384000.0,0,0,1.0,1
68274.5,34357.1,3000.0,30917.4,0.0439,187417.8,0.7046,0.973,0.095,0.917,0,0.0467,0.944,0.813,0.4528,0,5270.93,45000.0,0,0,0.0018,0
91944.47,44557.8,3000.0,44386.67,0.0326,246301.57,0.4934,0.976,0.086,0.954,0,0.0225,0.923,0.788,0.4828,0,6478.09,45000.0,0,0,0.0006,0
28736.17,18559.63,2500.0,7676.54,0.087,45675.25,0.5662,0.904,0.101,0.841,0,0.0915,0.979,0.918,0.2671,0,3948.65,30000.0,0,0,0.1289,0
62692.38,32159.31,0.0,30533.08,0.0,188798.69,0.8052,0.97,0.103,0.958,0,0.0442,0.923,0.768,0.487,0,6580.83,0.0,0,0,0.0012,0
43446.77,27147.73,2500.0,13799.05,0.0575,72743.99,0.396,0.893,0.132,0.809,0,-0.1229,0.881,0.876,0.3176,0,4744.62,30000.0,0,0,0.3672,0
39222.22,24507.41,0.0,14714.81,0.0,74516.43,0.3531,0.893,0.109,0.803,0,-0.1269,0.97,0.866,0.3752,0,3793.96,0.0,0,0,0.1659,0
63831.14,32664.72,0.0,31166.42,0.0,195166.88,0.853,0.975,0.102,0.963,0,0.0515,0.976,0.881,0.4883,0,7173.78,0.0,1,7,0.0005,0
49425.81,24638.41,3000.0,21787.4,0.0607,143011.75,0.8435,0.976,0.099,0.971,0,0.0494,0.923,0.875,0.4408,0,5174.9,45000.0,0,0,0.0033,0
33420.7,25527.88,12000.0,-4107.19,0.3591,970.3,0.015,0.916,0.095,0.774,24,-0.1775,0.659,0.583,0.0,1,5293.61,288000.0,0,0,1.0,1
42761.44,32665.01,16000.0,-5903.57,0.3742,1158.73,0.0117,0.916,0.091,0.563,24,-0.1533,0.779,0.678,0.0,4,4434.24,384000.0,1,20,1.0,1
36697.14,23020.78,2500.0,11176.36,0.0681,61664.08,0.4088,0.887,0.12,0.929,0,0.0168,0.962,0.919,0.3046,0,3890.07,30000.0,0,0,0.1579,0
43524.58,28048.4,3500.0,11976.18,0.0804,64257.81,0.3994,0.89,0.126,0.829,0,0.0211,0.898,0.822,0.2752,0,4796.32,42000.0,0,0,0.3466,1
38075.2,29261.96,12000.0,-3186.76,0.3152,572.77,0.0131,0.922,0.093,0.659,22,-0.0949,0.737,0.712,0.0,4,6237.31,288000.0,1,10,1.0,1
23942.58,18445.08,16000.0,-10502.5,0.6683,655.26,0.0209,0.918,0.103,0.583,24,-0.1948,0.701,0.512,0.0,1,5536.01,384000.0,1,11,1.0,1
35531.49,22434.85,2500.0,10596.64,0.0704,57816.28,0.4022,0.903,0.117,0.907,0,-0.0744,0.96,0.904,0.2982,0,3072.56,30000.0,0,0,0.2091,0
42440.9,27494.57,0.0,14946.33,0.0,76381.23,0.3646,0.882,0.146,0.817,0,0.0268,0.925,0.895,0.3522,0,4834.9,0.0,0,0,0.1975,0
37737.28,24331.5,0.0,13405.78,0.0,72313.59,0.4748,0.879,0.123,0.892,0,-0.0692,0.883,0.935,0.3552,0,4534.81,0.0,0,0,0.1351,0
60436.55,31462.6,3000.0,25973.94,0.0496,167226.76,0.7771,0.973,0.086,0.961,0,0.0477,0.967,0.893,0.4298,0,5995.03,45000.0,1,9,0.0015,0
40489.48,26073.09,0.0,14416.38,0.0,76502.82,0.4803,0.886,0.161,0.919,0,0.0833,0.879,0.889,0.3561,0,4463.22,0.0,0,0,0.1322,0
27294.59,17250.2,1500.0,8544.38,0.055,46953.44,0.4361,0.891,0.148,0.855,0,-0.0107,0.956,0.829,0.313,0,3337.23,18000.0,0,0,0.3817,0
73334.38,46244.91,12000.0,15089.46,0.1636,75117.31,0.3548,0.849,0.174,0.899,0,0.281,0.924,0.771,0.2058,0,7652.38,216000.0,0,0,0.4474,1
41446.14,26501.56,1500.0,13444.58,0.0362,67234.78,0.317,0.894,0.14,0.925,0,-0.1062,0.924,0.896,0.3244,0,4263.82,18000.0,0,0,0.262,0
56608.91,28412.54,6000.0,22196.37,0.106,152234.04,0.8684,0.973,0.093,0.935,0,0.0556,0.98,0.828,0.3921,0,5734.59,90000.0,0,0,0.0035,0
33021.8,21034.04,0.0,11987.76,0.0,66786.61,0.5296,0.899,0.146,0.917,0,-0.0853,0.863,0.952,0.363,0,4366.17,0.0,0,0,0.1567,0
76022.76,38029.9,3000.0,34992.86,0.0395,213282.33,0.7351,0.975,0.095,0.962,0,0.0558,0.982,0.793,0.4603,0,8392.32,45000.0,0,0,0.0006,0
38076.8,24435.5,0.0,13641.3,0.0,71169.97,0.4589,0.889,0.12,0.852,0,-0.0699,0.889,0.857,0.3583,0,4990.05,0.0,0,0,0.1685,0
30162.52,19453.39,0.0,10709.13,0.0,59951.74,0.5646,0.899,0.137,0.908,0,-0.0349,0.912,0.926,0.355,0,4788.07,0.0,0,0,0.1176,0
68937.39,33370.32,3000.0,32567.08,0.0435,186599.24,0.5654,0.971,0.079,0.954,0,0.0531,0.962,0.887,0.4724,0,7051.99,45000.0,0,0,0.0013,0
31692.66,24519.87,16000.0,-8827.21,0.5048,500.0,0.0158,0.9,0.122,0.715,24,-0.2225,0.544,0.575,0.0,3,5202.36,384000.0,0,0,1.0,1
32541.09,20671.61,1500.0,10369.49,0.0461,54308.02,0.3911,0.893,0.137,0.931,0,-0.1066,0.905,0.842,0.3187,0,3235.64,18000.0,0,0,0.3419,1
99632.12,63679.99,12000.0,23952.13,0.1204,113865.13,0.3065,0.859,0.15,0.899,0,0.2308,0.883,0.748,0.2404,0,10921.67,216000.0,0,0,0.1791,0
79032.18,48846.73,8000.0,22185.45,0.1012,111160.04,0.4831,0.848,0.194,0.904,0,0.2783,0.947,0.865,0.2807,0,8341.38,144000.0,0,0,0.1126,0
39196.14,24715.23,0.0,14480.92,0.0,74365.5,0.3977,0.869,0.129,0.903,0,-0.1383,0.881,0.845,0.3694,0,3973.3,0.0,0,0,0.2352,0
97500.18,61077.92,12000.0,24422.26,0.1231,113486.78,0.2874,0.836,0.179,0.868,0,0.3837,0.926,0.721,0.2505,0,8632.47,216000.0,0,0,0.2149,0
72310.35,35064.76,0.0,37245.59,0.0,216429.38,0.6557,0.974,0.091,0.951,0,0.0511,0.957,0.837,0.5151,0,6174.87,0.0,0,0,0.0005,0
73469.12,36033.41,6000.0,31435.71,0.0817,187016.31,0.5854,0.972,0.097,0.9,0,0.0654,0.979,0.913,0.4279,0,5302.97,90000.0,0,0,0.0024,0
73280.59,45297.51,4000.0,23983.08,0.0546,116503.96,0.4759,0.872,0.17,0.839,0,0.3364,0.895,0.794,0.3273,0,11821.24,72000.0,1,23,0.07,0
31859.36,20454.61,0.0,11404.75,0.0,66893.88,0.5915,0.889,0.097,0.84,0,-0.1232,0.924,0.922,0.358,0,3109.45,0.0,0,0,0.0945,0
73868.61,45741.8,12000.0,16126.8,0.1625,90704.61,0.5071,0.828,0.176,0.906,0,0.289,0.821,0.825,0.2183,0,8328.34,216000.0,0,0,0.3874,1
73035.86,36562.93,3000.0,33472.93,0.0411,192426.38,0.542,0.973,0.109,0.956,0,0.0465,0.992,0.801,0.4583,0,8142.31,45000.0,0,0,0.002,0
89725.68,55922.72,4000.0,29802.96,0.0446,135433.81,0.3995,0.839,0.176,0.831,0,0.261,0.886,0.781,0.3322,0,11342.56,72000.0,1,18,0.0807,0
74426.88,37904.87,3000.0,33522.01,0.0403,200349.8,0.6532,0.975,0.083,0.958,0,0.0395,0.988,0.901,0.4504,0,7376.31,45000.0,0,0,0.0007,0
82880.6,50381.92,16000.0,16498.68,0.193,83455.35,0.3462,0.854,0.165,0.853,0,0.289,0.918,0.84,0.1991,1,6816.42,288000.0,1,21,0.6317,1
39116.85,23961.06,0.0,15155.79,0.0,80199.66,0.4515,0.886,0.124,0.856,0,-0.1161,0.861,0.847,0.3874,0,3352.54,0.0,0,0,0.1916,0
145227.32,90203.95,8000.0,47023.37,0.0551,195543.85,0.2775,0.812,0.197,0.828,0,0.4785,0.863,0.819,0.3238,0,6517.63,144000.0,0,0,0.0176,0
81571.63,51089.84,8000.0,22481.79,0.0981,116681.54,0.4716,0.875,0.164,0.853,0,0.239,0.863,0.826,0.2756,0,10679.12,144000.0,1,7,0.1228,0
109066.57,68354.59,8000.0,32711.98,0.0733,134271.21,0.2365,0.827,0.214,0.9,0,0.4852,0.908,0.882,0.2999,0,8081.62,144000.0,0,0,0.0733,0
40400.28,26550.93,0.0,13849.35,0.0,71223.03,0.342,0.901,0.12,0.819,0,-0.097,0.861,0.84,0.3428,0,4203.7,0.0,0,0,0.2785,0
67925.92,41838.73,4000.0,22087.19,0.0589,107221.95,0.5233,0.86,0.17,0.86,0,0.326,0.906,0.884,0.3252,0,9113.08,72000.0,0,0,0.0626,0
41508.16,26175.14,2500.0,12833.03,0.0602,65357.6,0.2907,0.889,0.127,0.902,0,-0.1684,0.891,0.94,0.3092,0,3770.45,30000.0,0,0,0.3647,1
66872.52,42103.51,8000.0,16769.01,0.1196,81904.05,0.3564,0.867,0.146,0.88,0,0.2198,0.865,0.881,0.2508,0,11315.93,144000.0,0,0,0.2588,0
37683.8,28958.97,20000.0,-11275.17,0.5307,595.27,0.0133,0.925,0.084,0.749,24,-0.1534,0.741,0.546,0.0,2,6262.41,480000.0,1,18,1.0,1
69370.73,35107.46,3000.0,31263.27,0.0432,190695.97,0.6822,0.977,0.089,0.939,0,0.0608,0.956,0.833,0.4507,0,5423.61,45000.0,1,12,0.0013,0
42124.99,26547.63,2500.0,13077.36,0.0593,72287.52,0.4686,0.91,0.14,0.92,0,-0.1077,0.937,0.836,0.3104,0,4769.95,30000.0,0,0,0.2034,0
66649.28,33859.07,3000.0,29790.22,0.045,176509.87,0.6472,0.972,0.08,0.957,0,0.0509,0.949,0.879,0.447,0,8564.36,45000.0,0,0,0.0015,0
61595.31,30990.68,6000.0,24604.64,0.0974,160815.59,0.7453,0.973,0.117,0.903,0,0.0461,0.995,0.795,0.3995,0,5564.08,90000.0,0,0,0.0062,0
99313.35,62755.06,4000.0,32558.29,0.0403,143890.24,0.291,0.853,0.148,0.932,0,0.2754,0.902,0.801,0.3278,0,6734.52,72000.0,0,0,0.0285,0
39410.02,24955.43,0.0,14454.59,0.0,78218.41,0.5015,0.902,0.154,0.913,0,0.1562,0.976,0.836,0.3668,0,3560.09,0.0,0,0,0.0643,0
68133.02,33025.24,0.0,35107.78,0.0,209384.33,0.7265,0.972,0.089,0.936,0,0.0626,0.954,0.842,0.5153,0,5425.58,0.0,0,0,0.0005,0
109844.28,69824.63,8000.0,32019.65,0.0728,149762.31,0.4319,0.863,0.157,0.89,0,0.227,0.84,0.74,0.2915,0,9829.9,144000.0,1,18,0.0502,0
29924.18,18572.94,0.0,11351.24,0.0,66988.66,0.6287,0.912,0.104,0.813,0,0.0365,0.942,0.884,0.3793,0,3767.84,0.0,0,0,0.06,0
30891.92,23640.58,20000.0,-12748.66,0.6474,579.17,0.0162,0.906,0.125,0.66,24,-0.2228,0.654,0.541,0.0,1,6837.65,480000.0,1,13,1.0,1
125780.67,76984.17,8000.0,40796.5,0.0636,176136.08,0.3392,0.824,0.181,0.863,0,0.4231,0.88,0.844,0.3243,0,9825.97,144000.0,1,14,0.0195,0
32291.98,20724.02,0.0,11567.96,0.0,59298.12,0.381,0.893,0.13,0.871,0,-0.0196,0.965,0.887,0.3582,0,4136.48,0.0,0,0,0.1691,0
36548.79,23180.4,0.0,13368.39,0.0,68619.79,0.4034,0.89,0.161,0.867,0,-0.0777,0.898,0.863,0.3658,0,4524.76,0.0,0,0,0.2936,0
57973.39,28862.06,0.0,29111.32,0.0,186147.6,0.9201,0.975,0.103,0.943,0,0.0591,0.991,0.813,0.5021,0,6525.62,0.0,0,0,0.0006,0
43430.33,27105.44,0.0,16324.89,0.0,81103.22,0.3493,0.903,0.137,0.915,0,0.0284,0.941,0.852,0.3759,0,4480.27,0.0,0,0,0.1018,0
45137.86,28841.54,0.0,16296.32,0.0,86398.25,0.4243,0.906,0.116,0.881,0,0.1453,0.912,0.92,0.361,0,4686.73,0.0,0,0,0.0471,0
32637.78,20500.9,0.0,12136.87,0.0,64301.25,0.4791,0.894,0.141,0.846,0,0.1499,0.861,0.836,0.3719,0,4787.14,0.0,0,0,0.1698,0
30225.27,19591.62,3500.0,7133.65,0.1158,39700.94,0.3789,0.909,0.143,0.895,0,-0.1165,0.858,0.886,0.236,0,4363.99,42000.0,0,0,0.6354,1
71780.8,36317.34,0.0,35463.46,0.0,215866.75,0.7599,0.973,0.091,0.97,0,0.0507,0.974,0.831,0.4941,0,6953.63,0.0,0,0,0.0004,0
51572.78,32038.04,4000.0,15534.74,0.0776,93306.64,0.7384,0.876,0.166,0.937,0,0.12,0.856,0.854,0.3012,2,6779.31,72000.0,0,0,0.3761,1
38175.19,23422.36,2500.0,12252.83,0.0655,65655.3,0.4256,0.91,0.122,0.867,0,0.0601,0.913,0.942,0.321,0,3188.31,30000.0,0,0,0.1534,0
50564.26,31634.15,8000.0,10930.11,0.1582,61593.12,0.5156,0.847,0.148,0.907,0,0.3331,0.95,0.817,0.2162,0,8144.99,144000.0,1,21,0.2565,0
26206.69,19660.35,12000.0,-5453.67,0.4579,967.97,0.0191,0.921,0.096,0.571,24,-0.1486,0.688,0.64,0.0,1,5970.46,288000.0,0,0,1.0,1
36405.56,22866.4,2500.0,11039.16,0.0687,58647.29,0.4041,0.887,0.13,0.82,0,-0.1363,0.966,0.888,0.3032,0,3306.03,30000.0,0,0,0.3676,0
49147.29,30266.05,3500.0,15381.23,0.0712,78218.4,0.2906,0.89,0.144,0.922,0,0.1217,0.944,0.887,0.313,0,4071.24,42000.0,0,0,0.1761,0
29795.94,22521.75,12000.0,-4725.8,0.4027,1061.22,0.0168,0.924,0.109,0.665,24,-0.1408,0.661,0.563,0.0,1,4638.8,288000.0,1,6,1.0,1
32402.04,24569.96,20000.0,-12167.92,0.6172,603.31,0.0154,0.948,0.077,0.646,24,-0.0842,0.698,0.666,0.0,1,4644.93,480000.0,1,17,1.0,1
47943.61,31054.75,0.0,16888.86,0.0,81444.25,0.2658,0.883,0.124,0.874,0,0.2358,0.874,0.907,0.3523,0,4894.23,0.0,0,0,0.0976,0
67427.72,41616.42,8000.0,17811.3,0.1186,89851.58,0.441,0.869,0.155,0.854,0,0.1319,0.88,0.749,0.2642,1,10875.18,144000.0,0,0,0.5221,1
51887.48,33408.78,0.0,18478.7,0.0,94890.51,0.3364,0.889,0.138,0.871,0,0.076,0.95,0.898,0.3561,0,4405.31,0.0,0,0,0.0809,0
40027.86,24800.73,0.0,15227.12,0.0,73729.89,0.3827,0.903,0.118,0.88,0,0.0055,0.974,0.89,0.3804,0,3226.04,0.0,0,0,0.08,0
84564.67,52805.48,16000.0,15759.19,0.1892,74812.15,0.2683,0.872,0.157,0.845,0,0.3145,0.952,0.779,0.1864,1,7049.03,288000.0,0,0,0.6478,0
98244.74,59719.96,4000.0,34524.78,0.0407,161969.77,0.44,0.846,0.199,0.894,0,0.2376,0.911,0.873,0.3514,0,9856.94,72000.0,0,0,0.0295,0
26755.48,17016.23,0.0,9739.25,0.0,53708.14,0.487,0.89,0.119,0.855,0,-0.0252,0.865,0.895,0.364,0,3553.89,0.0,0,0,0.208,0
97876.47,50150.02,3000.0,44726.45,0.0307,254417.08,0.5275,0.972,0.092,0.93,0,0.0398,0.968,0.803,0.457,0,7909.42,45000.0,0,0,0.0004,0
37400.29,28171.03,16000.0,-6770.75,0.4278,548.02,0.0134,0.927,0.066,0.692,24,-0.1038,0.755,0.663,0.0,4,4949.57,384000.0,0,0,1.0,1
39042.55,24805.55,0.0,14236.99,0.0,78337.02,0.4721,0.89,0.129,0.854,0,-0.1163,0.903,0.871,0.3647,0,3877.2,0.0,0,0,0.166,0
37852.1,29166.72,12000.0,-3314.62,0.317,645.86,0.0132,0.937,0.102,0.605,23,-0.1023,0.65,0.611,0.0,4,5457.37,288000.0,0,0,1.0,1
67576.0,33889.22,0.0,33686.78,0.0,202832.63,0.6958,0.973,0.106,0.952,0,0.0511,0.998,0.858,0.4985,0,6350.12,0.0,1,4,0.0006,0
38366.36,24493.01,1500.0,12373.35,0.0391,67612.1,0.4617,0.883,0.161,0.909,0,-0.2104,0.931,0.878,0.3225,0,3629.21,18000.0,0,0,0.3465,0
59021.62,29506.41,6000.0,23515.21,0.1017,159965.27,0.8905,0.973,0.085,0.96,0,0.0441,0.949,0.847,0.3984,0,7669.77,90000.0,0,0,0.0024,0
36081.65,22754.58,2500.0,10827.07,0.0693,64365.69,0.5698,0.902,0.103,0.889,0,0.0322,0.882,0.836,0.3001,0,4502.49,30000.0,0,0,0.1385,0
34790.46,21776.35,1500.0,11514.12,0.0431,64712.81,0.5054,0.892,0.108,0.875,0,0.0393,0.852,0.837,0.331,0,3782.17,18000.0,0,0,0.1744,0
47234.65,29895.94,2500.0,14838.71,0.0529,80735.87,0.49,0.878,0.146,0.829,0,-0.1162,0.931,0.956,0.3141,0,3890.6,30000.0,0,0,0.2219,1
38197.35,24301.36,1500.0,12395.99,0.0393,65691.0,0.3961,0.907,0.131,0.843,0,-0.1192,0.858,0.909,0.3245,0,3386.52,18000.0,0,0,0.3222,0
55705.95,28922.17,0.0,26783.79,0.0,175163.42,0.9681,0.972,0.077,0.959,0,0.0456,0.998,0.855,0.4808,0,8071.48,0.0,0,0,0.0004,0
86361.67,43686.37,6000.0,36675.3,0.0695,222598.24,0.6512,0.969,0.095,0.971,0,0.0538,0.965,0.808,0.4247,0,8153.74,90000.0,1,2,0.0009,0
75829.4,37889.59,0.0,37939.8,0.0,216940.52,0.5842,0.972,0.09,0.953,0,0.0553,0.99,0.842,0.5003,0,5789.95,0.0,0,0,0.0005,0
56045.43,27157.48,3000.0,25887.96,0.0535,165350.8,0.833,0.973,0.091,0.971,0,0.0454,0.982,0.827,0.4619,0,8496.68,45000.0,0,0,0.0015,0
42082.02,27116.73,1500.0,13465.29,0.0356,71345.18,0.4296,0.889,0.118,0.802,0,-0.0996,0.957,0.857,0.32,0,3364.64,18000.0,0,0,0.2167,0
61708.33,30598.61,3000.0,28109.72,0.0486,175360.67,0.8014,0.97,0.103,0.92,0,0.0508,0.987,0.787,0.4555,1,8815.61,45000.0,0,0,0.0045,0
68795.36,42438.55,8000.0,18356.81,0.1163,85622.11,0.385,0.865,0.178,0.894,0,0.2241,0.842,0.794,0.2668,0,9251.32,144000.0,1,18,0.3562,0
39523.52,24741.57,1500.0,13281.95,0.038,67396.39,0.3827,0.912,0.102,0.843,0,0.0716,0.895,0.919,0.3361,0,3801.41,18000.0,0,0,0.1217,0
36157.66,22846.27,2500.0,10811.39,0.0691,63154.83,0.4783,0.893,0.117,0.877,0,0.0447,0.947,0.952,0.299,0,3072.8,30000.0,0,0,0.1378,0
48651.45,30953.06,3500.0,14198.39,0.0719,71254.28,0.2616,0.897,0.119,0.84,0,-0.0509,0.935,0.904,0.2918,0,4649.72,42000.0,0,0,0.2897,1
32236.66,19978.74,2500.0,9757.92,0.0776,52522.64,0.4205,0.904,0.1,0.838,0,0.0144,0.882,0.857,0.3027,0,3022.19,30000.0,0,0,0.2795,0
87559.98,54448.24,8000.0,25111.73,0.0914,108741.52,0.3196,0.861,0.149,0.883,0,0.268,0.85,0.747,0.2868,0,7614.96,144000.0,0,0,0.15,0
35832.09,17691.46,3000.0,15140.64,0.0837,116173.65,1.296,0.977,0.104,0.965,0,0.0545,0.995,0.829,0.4225,0,6349.17,45000.0,1,1,0.0018,0
40861.23,26096.92,1500.0,13264.32,0.0367,74345.59,0.4679,0.901,0.122,0.858,0,-0.0345,0.925,0.921,0.3246,0,4902.88,18000.0,0,0,0.1344,0
36210.67,22839.26,0.0,13371.41,0.0,70099.04,0.4729,0.886,0.149,0.908,0,0.0719,0.948,0.845,0.3693,0,3636.56,0.0,0,0,0.1173,0
46148.5,29275.37,3500.0,13373.13,0.0758,70022.9,0.353,0.895,0.121,0.897,0,-0.0545,0.978,0.904,0.2898,0,4342.33,42000.0,0,0,0.1888,0
32741.88,24994.95,16000.0,-8253.07,0.4887,639.19,0.0153,0.925,0.098,0.727,24,-0.1687,0.521,0.629,0.0,2,4166.66,384000.0,1,10,1.0,1
52141.15,25828.99,6000.0,20312.15,0.1151,143082.8,0.9519,0.974,0.096,0.974,0,0.0471,0.989,0.783,0.3896,0,7425.16,90000.0,0,0,0.0036,0
87461.76,54228.38,16000.0,17233.38,0.1829,95338.91,0.4636,0.833,0.193,0.888,0,0.342,0.839,0.866,0.197,0,9008.89,288000.0,0,0,0.4135,1
38728.94,23828.98,3500.0,11399.96,0.0904,63284.1,0.3775,0.878,0.126,0.837,0,-0.1609,0.912,0.839,0.2944,0,3626.31,42000.0,0,0,0.5019,0
42269.75,32147.92,8000.0,2121.83,0.1893,11058.31,0.1502,0.931,0.105,0.75,6,-0.1328,0.592,0.725,0.0502,2,4937.86,192000.0,0,0,0.9985,1
31229.83,24567.76,20000.0,-13337.93,0.6404,502.37,0.016,0.918,0.108,0.675,24,-0.1833,0.588,0.715,0.0,1,5295.02,480000.0,0,0,1.0,1
35896.53,18343.72,0.0,17552.81,0.0,129203.98,1.3515,0.976,0.089,0.907,0,0.0335,0.975,0.905,0.489,0,5674.97,0.0,0,0,0.0006,0
82147.5,41611.65,0.0,40535.85,0.0,228376.72,0.5719,0.975,0.085,0.979,0,0.0491,0.987,0.794,0.4935,0,6171.16,0.0,0,0,0.0003,0
33315.58,21864.77,0.0,11450.8,0.0,60801.88,0.4446,0.893,0.131,0.927,0,-0.0129,0.978,0.855,0.3437,0,4589.68,0.0,0,0,0.118,0
31665.22,20385.04,0.0,11280.18,0.0,57572.14,0.3965,0.894,0.147,0.858,0,0.0062,0.962,0.938,0.3562,0,4407.27,0.0,0,0,0.1839,1
44670.08,28356.7,0.0,16313.38,0.0,80504.52,0.2954,0.886,0.124,0.921,0,-0.1123,0.965,0.922,0.3652,0,3635.24,0.0,0,0,0.1197,0
31444.89,20345.13,3500.0,7599.75,0.1113,41376.17,0.3748,0.881,0.121,0.834,0,0.0283,0.93,0.914,0.2417,0,3759.95,42000.0,0,0,0.4562,0
52696.05,26694.87,0.0,26001.19,0.0,158694.88,0.766,0.975,0.096,0.965,0,0.0464,0.954,0.772,0.4934,0,5724.06,0.0,1,11,0.0019,0
98203.95,50947.01,6000.0,41256.93,0.0611,244454.43,0.6016,0.975,0.078,0.939,0,0.0445,0.985,0.793,0.4201,0,7565.97,90000.0,0,0,0.0004,0
38769.58,24082.78,0.0,14686.8,0.0,74289.34,0.419,0.896,0.115,0.83,0,0.0193,0.945,0.949,0.3788,0,3356.47,0.0,0,0,0.0866,1
30743.44,18753.57,0.0,11989.87,0.0,68051.54,0.6556,0.896,0.141,0.827,0,0.0505,0.861,0.892,0.39,0,4674.98,0.0,0,0,0.1215,0
44466.4,27638.05,3500.0,13328.35,0.0787,72206.77,0.4281,0.898,0.149,0.909,0,0.0803,0.962,0.871,0.2997,0,3482.09,42000.0,0,0,0.1738,1
26195.01,16464.33,2500.0,7230.68,0.0954,46877.08,0.7041,0.885,0.137,0.883,0,-0.0896,0.937,0.917,0.276,0,4965.57,30000.0,0,0,0.2544,1
38446.16,24504.28,0.0,13941.88,0.0,70134.64,0.3658,0.918,0.136,0.899,0,0.0274,0.929,0.887,0.3626,0,4477.63,0.0,0,0,0.1172,0
85588.89,53025.75,12000.0,20563.14,0.1402,112335.33,0.4697,0.824,0.213,0.845,0,0.3608,0.95,0.733,0.2403,1,6079.38,216000.0,0,0,0.5099,1
34198.65,21987.97,0.0,12210.67,0.0,65693.12,0.5473,0.896,0.126,0.821,0,0.0752,0.931,0.895,0.3571,0,3141.35,0.0,0,0,0.0975,0
32385.87,20477.48,2500.0,9408.39,0.0772,52763.84,0.4823,0.905,0.123,0.878,0,0.0598,0.921,0.86,0.2905,0,4090.78,30000.0,0,0,0.2201,0
40829.37,26536.39,3500.0,10792.98,0.0857,55719.73,0.2934,0.892,0.13,0.904,0,-0.1138,0.861,0.857,0.2643,0,4941.93,42000.0,0,0,0.525,0
33485.41,25816.1,8000.0,-330.69,0.2389,5638.78,0.1144,0.912,0.112,0.563,15,-0.2477,0.551,0.613,0.0,2,6918.45,192000.0,0,0,1.0,1
89022.46,55643.41,4000.0,29379.05,0.0449,125333.51,0.3192,0.855,0.188,0.922,0,0.2646,0.824,0.813,0.33,0,9983.64,72000.0,1,7,0.1025,0
36757.53,23014.76,0.0,13742.77,0.0,72137.26,0.5066,0.911,0.108,0.9,0,0.0746,0.958,0.848,0.3739,0,4012.68,0.0,0,0,0.0478,0
86645.92,54565.12,4000.0,28080.8,0.0462,125775.29,0.3657,0.84,0.186,0.846,0,0.319,0.931,0.749,0.3241,0,11348.77,72000.0,0,0,0.0922,0
105729.13,64670.66,12000.0,29058.47,0.1135,126671.76,0.2856,0.847,0.178,0.926,0,0.3159,0.832,0.792,0.2748,0,11105.48,216000.0,0,0,0.1457,0
68686.9,34911.2,3000.0,30775.7,0.0437,178140.99,0.5933,0.971,0.085,0.952,0,0.0733,0.952,0.824,0.4481,0,5694.75,45000.0,0,0,0.0019,0
72297.0,36487.34,0.0,35809.66,0.0,222463.2,0.8016,0.972,0.103,0.954,0,0.0576,0.992,0.792,0.4953,0,8583.06,0.0,0,0,0.0004,0
36272.94,22677.97,1500.0,12094.98,0.0414,63840.85,0.4405,0.913,0.122,0.802,0,-0.0269,0.877,0.951,0.3334,0,3059.21,18000.0,0,0,0.2179,0
50621.74,25718.26,3000.0,21903.48,0.0593,136355.72,0.7084,0.974,0.092,0.931,0,0.049,0.969,0.804,0.4327,0,7516.12,45000.0,0,0,0.0056,0
37613.19,18428.88,0.0,19184.32,0.0,127869.71,1.0775,0.973,0.097,0.93,0,0.0517,0.98,0.839,0.51,0,6495.46,0.0,0,0,0.0014,0
42048.61,26034.28,0.0,16014.33,0.0,79446.35,0.381,0.877,0.137,0.836,0,-0.059,0.86,0.916,0.3809,0,3060.71,0.0,0,0,0.2202,0
37220.95,23560.72,0.0,13660.24,0.0,76297.09,0.4867,0.881,0.129,0.839,0,-0.0477,0.858,0.887,0.367,0,4960.99,0.0,0,0,0.1852,1
72372.09,36499.36,0.0,35872.73,0.0,209694.69,0.6508,0.976,0.096,0.954,0,0.0341,0.962,0.847,0.4957,0,8764.55,0.0,1,5,0.0006,0
45260.37,28088.26,1500.0,15672.11,0.0331,83089.95,0.4856,0.901,0.122,0.852,0,0.0202,0.879,0.957,0.3463,0,4473.7,18000.0,0,0,0.0972,0
43112.5,28032.9,1500.0,13579.61,0.0348,73726.72,0.4784,0.903,0.147,0.938,0,0.0564,0.881,0.895,0.315,0,3749.22,18000.0,0,0,0.1317,1
69643.72,35711.14,0.0,33932.58,0.0,202006.83,0.6501,0.972,0.094,0.906,0,0.0451,0.969,0.812,0.4872,0,5966.32,0.0,0,0,0.001,0
61091.52,30861.36,3000.0,27230.16,0.0491,164410.77,0.6501,0.969,0.109,0.904,0,0.0542,0.961,0.878,0.4457,0,7683.06,45000.0,0,0,0.0039,0
59023.86,29807.24,0.0,29216.62,0.0,179672.34,0.8236,0.975,0.087,0.959,0,0.0442,0.947,0.771,0.495,0,8526.97,0.0,0,0,0.0009,0
44635.06,21880.07,0.0,22754.99,0.0,148987.83,1.0518,0.974,0.092,0.911,0,0.0609,0.934,0.854,0.5098,0,7761.44,0.0,0,0,0.0011,0
40153.27,25965.06,0.0,14188.2,0.0,75505.92,0.4813,0.895,0.133,0.879,0,0.1394,0.958,0.833,0.3534,0,4134.62,0.0,0,0,0.0728,0
80831.42,40843.17,6000.0,33988.26,0.0742,202287.72,0.5547,0.975,0.089,0.975,0,0.0359,0.93,0.92,0.4205,0,5279.46,90000.0,0,0,0.0015,0
25111.77,18790.88,12000.0,-5679.11,0.4779,762.04,0.0199,0.913,0.103,0.564,24,-0.1793,0.524,0.73,0.0,1,5507.86,288000.0,0,0,1.0,1
57062.35,27873.38,6000.0,23188.97,0.1051,159976.94,0.9345,0.972,0.093,0.901,0,0.0512,0.978,0.826,0.4064,0,5427.54,90000.0,0,0,0.0029,0
38634.4,24771.05,1500.0,12363.35,0.0388,66362.7,0.4598,0.896,0.136,0.884,0,0.1608,0.902,0.866,0.32,0,4038.93,18000.0,0,0,0.1396,0
104488.49,62092.5,12000.0,30395.99,0.1148,128139.66,0.2565,0.83,0.178,0.857,0,0.3295,0.885,0.9,0.2909,0,9751.13,216000.0,0,0,0.1262,0
30192.38,19351.64,2500.0,8340.74,0.0828,50325.65,0.5498,0.907,0.106,0.845,0,-0.0165,0.852,0.859,0.2763,0,4304.55,30000.0,0,0,0.2839,0
58097.41,29568.96,3000.0,25528.46,0.0516,156001.55,0.6801,0.973,0.091,0.954,0,0.0574,0.92,0.811,0.4394,0,6815.25,45000.0,0,0,0.0039,0
41539.01,26337.47,1500.0,13701.55,0.0361,74832.27,0.5019,0.878,0.149,0.877,0,0.0529,0.892,0.948,0.3298,0,4804.34,18000.0,0,0,0.1574,0
74461.16,45637.52,12000.0,16823.64,0.1612,77716.34,0.3156,0.877,0.12,0.876,0,0.2476,0.912,0.816,0.2259,0,8756.85,216000.0,0,0,0.2407,0
74628.34,38434.63,0.0,36193.7,0.0,221322.61,0.7619,0.976,0.088,0.906,0,0.0362,0.981,0.882,0.485,0,7338.44,0.0,0,0,0.0003,0
38007.41,23579.29,1500.0,12928.11,0.0395,62788.88,0.3359,0.892,0.126,0.915,0,0.0199,0.895,0.836,0.3401,0,3679.83,18000.0,0,0,0.2333,0
24575.85,18825.39,16000.0,-10249.54,0.651,538.01,0.0203,0.918,0.082,0.617,24,-0.1708,0.696,0.718,0.0,2,5195.48,384000.0,0,0,1.0,1
38338.98,29565.58,16000.0,-7226.6,0.4173,710.52,0.013,0.931,0.089,0.671,24,-0.1293,0.536,0.532,0.0,2,4433.39,384000.0,0,0,1.0,1
109571.23,68478.63,8000.0,33092.6,0.073,145923.89,0.2939,0.842,0.199,0.879,0,0.3491,0.913,0.741,0.302,1,11030.61,144000.0,1,19,0.1741,1
32827.92,20855.14,0.0,11972.78,0.0,67001.67,0.6218,0.894,0.123,0.923,0,0.0299,0.921,0.924,0.3647,0,4405.72,0.0,0,0,0.0568,0
49369.37,24767.51,0.0,24601.86,0.0,160309.72,1.0305,0.973,0.097,0.97,0,0.0604,0.973,0.853,0.4983,0,8918.95,0.0,0,0,0.0006,0
70996.55,35624.58,0.0,35371.97,0.0,211750.02,0.7192,0.971,0.094,0.914,0,0.0563,0.988,0.886,0.4982,0,8313.59,0.0,0,0,0.0005,0
45875.12,29208.85,0.0,16666.27,0.0,82465.41,0.3823,0.897,0.141,0.823,0,-0.029,0.929,0.839,0.3633,0,3017.96,0.0,0,0,0.1688,0
30884.53,23581.44,12000.0,-4696.92,0.3885,552.52,0.0162,0.918,0.12,0.705,24,-0.1866,0.693,0.713,0.0,3,6680.99,288000.0,0,0,1.0,1
33590.18,21248.39,0.0,12341.79,0.0,66214.47,0.5012,0.912,0.129,0.87,0,-0.0921,0.87,0.958,0.3674,0,3579.99,0.0,0,0,0.142,0
69874.89,35776.27,3000.0,31098.61,0.0429,180206.2,0.5825,0.976,0.088,0.938,0,0.05,0.981,0.869,0.4451,0,6886.06,45000.0,0,0,0.0016,0
42628.28,26977.34,1500.0,14150.94,0.0352,74230.88,0.3806,0.884,0.13,0.919,0,-0.0963,0.854,0.861,0.332,0,4241.45,18000.0,0,0,0.2632,0
77292.29,46920.14,12000.0,18372.15,0.1553,93412.6,0.4091,0.88,0.119,0.948,0,0.2189,0.869,0.752,0.2377,0,6416.59,216000.0,1,15,0.1596,1
57805.41,28669.52,3000.0,26135.89,0.0519,166617.55,0.7766,0.971,0.097,0.927,0,0.0527,0.987,0.915,0.4521,0,5492.74,45000.0,0,0,0.0017,0
37798.06,23700.82,3500.0,10597.24,0.0926,56456.79,0.3069,0.896,0.137,0.817,0,-0.0066,0.904,0.908,0.2804,0,3001.83,42000.0,0,0,0.483,1
89204.59,44374.75,6000.0,38829.84,0.0673,238527.43,0.6723,0.974,0.103,0.942,0,0.0545,0.935,0.838,0.4353,0,7240.32,90000.0,1,2,0.0007,0
38569.18,24493.25,2500.0,11575.93,0.0648,62888.76,0.3952,0.903,0.124,0.904,0,0.0564,0.926,0.955,0.3001,0,4934.42,30000.0,0,0,0.1558,0
41808.22,25116.58,12000.0,4691.64,0.287,38210.72,0.5361,0.87,0.143,0.848,1,0.3712,0.931,0.764,0.1122,0,11935.51,216000.0,1,21,0.6895,1
30958.34,19524.64,1500.0,9933.71,0.0485,57890.19,0.602,0.88,0.136,0.909,0,0.0498,0.96,0.87,0.3209,1,4201.48,18000.0,0,0,0.2637,0
67406.84,33660.27,0.0,33746.58,0.0,202066.09,0.7323,0.973,0.082,0.902,0,0.0348,0.973,0.8,0.5006,0,8754.45,0.0,0,0,0.0007,0
26564.02,16760.28,1500.0,8303.73,0.0565,49730.9,0.6268,0.894,0.115,0.868,0,0.0424,0.906,0.892,0.3126,0,4163.5,18000.0,0,0,0.1528,0
113573.83,69930.08,12000.0,31643.74,0.1057,150319.99,0.35,0.832,0.224,0.874,0,0.3418,0.954,0.878,0.2786,0,11857.64,216000.0,0,0,0.0896,0
33954.15,21593.34,2500.0,9860.81,0.0736,55748.86,0.4681,0.868,0.174,0.901,0,0.1323,0.875,0.932,0.2904,1,4803.54,30000.0,0,0,0.5751,0
91544.74,46666.04,0.0,44878.71,0.0,258517.69,0.5796,0.974,0.106,0.958,0,0.048,0.927,0.916,0.4902,0,5381.86,0.0,1,13,0.0003,0
32958.95,20859.0,3500.0,8599.95,0.1062,47844.24,0.3951,0.886,0.108,0.853,0,0.0584,0.864,0.835,0.2609,0,4317.0,42000.0,0,0,0.4245,1
73525.99,37102.09,3000.0,33423.91,0.0408,190089.38,0.5669,0.975,0.086,0.973,0,0.0384,0.926,0.796,0.4546,0,8526.58,45000.0,1,12,0.0017,0
43951.01,28412.78,2500.0,13038.23,0.0569,68681.63,0.3261,0.883,0.158,0.882,0,-0.0947,0.95,0.886,0.2967,0,3937.64,30000.0,0,0,0.3792,0
35947.9,22973.04,2500.0,10474.86,0.0695,53193.45,0.3833,0.889,0.141,0.888,0,0.0033,0.971,0.866,0.2914,0,3251.83,30000.0,0,0,0.2989,0
74658.96,37138.41,0.0,37520.55,0.0,223634.12,0.7329,0.975,0.095,0.903,0,0.0444,0.949,0.758,0.5026,0,5315.47,0.0,0,0,0.0006,0
60505.19,32452.52,3000.0,25052.68,0.0496,162108.76,0.7673,0.972,0.087,0.954,0,0.049,0.959,0.844,0.4141,0,6419.06,45000.0,0,0,0.0021,0
116952.44,71187.68,8000.0,37764.77,0.0684,159457.05,0.2754,0.859,0.168,0.936,0,0.2162,0.828,0.847,0.3229,0,8670.76,144000.0,1,10,0.038,0
44273.05,27897.96,1500.0,14875.09,0.0339,77299.27,0.4269,0.894,0.138,0.888,0,-0.0039,0.851,0.937,0.336,0,4907.46,18000.0,0,0,0.1776,0
64150.49,32911.76,3000.0,28238.73,0.0468,166755.92,0.5711,0.971,0.084,0.914,0,0.0435,0.973,0.888,0.4402,0,8265.05,45000.0,0,0,0.0027,0
27756.04,17757.09,1500.0,8498.96,0.054,49281.76,0.5419,0.907,0.124,0.897,0,-0.0112,0.952,0.831,0.3062,0,3117.15,18000.0,0,0,0.1864,0
31949.49,24374.41,12000.0,-4424.92,0.3756,605.76,0.0156,0.917,0.092,0.729,24,-0.1961,0.572,0.567,0.0,1,6072.04,288000.0,0,0,1.0,1
44527.75,28515.69,3500.0,12512.07,0.0786,64220.53,0.2913,0.92,0.114,0.893,0,-0.104,0.89,0.854,0.281,0,3202.76,42000.0,0,0,0.3271,0
29345.83,22371.98,8000.0,-1026.15,0.2726,2229.85,0.017,0.923,0.119,0.714,17,-0.1652,0.624,0.59,0.0,1,4984.54,192000.0,1,16,0.9999,1
39814.88,25475.09,0.0,14339.79,0.0,76398.17,0.4999,0.902,0.147,0.819,0,-0.0187,0.872,0.942,0.3602,0,4477.08,0.0,0,0,0.1579,0
85563.99,51602.75,8000.0,25961.24,0.0935,121824.25,0.4469,0.863,0.168,0.898,0,0.3974,0.846,0.841,0.3034,1,10145.31,144000.0,1,11,0.1377,0
42038.34,26565.82,1500.0,13972.51,0.0357,72231.38,0.3765,0.903,0.126,0.893,0,-0.0456,0.974,0.896,0.3324,0,3123.41,18000.0,0,0,0.1353,0
63445.12,31365.82,0.0,32079.3,0.0,187454.98,0.6533,0.974,0.089,0.947,0,0.0329,0.949,0.861,0.5056,0,6515.92,0.0,0,0,0.001,0
64368.34,30987.22,0.0,33381.12,0.0,198454.4,0.7281,0.975,0.102,0.971,0,0.0506,0.969,0.916,0.5186,0,6441.59,0.0,1,13,0.0005,0
39884.93,20439.41,3000.0,16445.52,0.0752,107012.04,0.8021,0.971,0.084,0.974,0,0.0462,0.951,0.845,0.4123,0,8246.95,45000.0,0,0,0.0073,0
84251.72,50088.11,4000.0,30163.61,0.0475,144383.48,0.505,0.858,0.159,0.893,0,0.2096,0.892,0.777,0.358,0,7730.25,72000.0,0,0,0.0327,0
42686.04,27383.98,1500.0,13802.06,0.0351,76757.39,0.4955,0.891,0.171,0.907,0,0.2015,0.894,0.878,0.3233,0,4040.95,18000.0,0,0,0.1389,0
35663.73,22318.2,3500.0,9845.54,0.0981,52599.11,0.3692,0.899,0.137,0.922,0,-0.032,0.934,0.844,0.2761,0,3264.07,42000.0,0,0,0.3798,0
78766.36,39430.66,0.0,39335.7,0.0,220333.35,0.5437,0.97,0.107,0.929,0,0.0643,0.933,0.887,0.4994,0,8406.96,0.0,0,0,0.0008,0
