monthly_income,monthly_expenses,monthly_emi,cash_flow_surplus,debt_to_income,average_balance,income_stability,expense_volatility,transaction_regularity,savings_rate,failed_payment_count,recurring_obligation_amount,existing_debt_amount,credit_history_available,credit_history_length,default_probability_ground_truth,default_risk
45321.8,19542.71,0.0,25779.09,0.0,33189.02,0.969,0.11,0.951,0.5688,0,9849.55,0.0,1,3,0.0035,0
33428.96,21894.34,1500.0,10034.62,0.0449,8303.67,0.758,0.192,0.774,0.345,0,4099.09,18000.0,0,0,0.5406,1
52557.88,26428.56,2500.0,23629.31,0.0476,35977.2,0.904,0.111,0.897,0.4972,0,9744.43,37500.0,1,9,0.009,0
40328.27,25730.67,0.0,14597.6,0.0,9457.76,0.799,0.105,0.905,0.362,0,4987.57,0.0,0,0,0.105,0
60226.5,35351.2,4500.0,20375.3,0.0747,16774.56,0.855,0.241,0.902,0.413,0,5765.62,54000.0,0,0,0.1474,0
29927.32,18084.17,3000.0,8843.14,0.1002,5666.82,0.771,0.142,0.842,0.3957,0,5406.59,36000.0,0,0,0.5733,1
42656.98,29680.79,3000.0,9976.19,0.0703,15550.99,0.715,0.154,0.77,0.3042,0,4869.89,36000.0,0,0,0.4498,0
36578.14,22496.9,3000.0,11081.24,0.082,10358.47,0.828,0.233,0.83,0.385,0,5139.73,36000.0,0,0,0.5096,1
122385.86,73279.65,6000.0,43106.21,0.049,27705.45,0.736,0.154,0.816,0.4012,0,11727.69,108000.0,0,0,0.0095,0
58704.92,28300.27,2500.0,27904.65,0.0426,33571.13,0.918,0.058,0.909,0.5179,0,9648.49,37500.0,1,7,0.0044,0
26702.4,23458.37,10000.0,-6755.97,0.3745,3769.9,0.661,0.474,0.58,0.1215,1,4911.74,240000.0,0,0,0.9999,1
35000.0,19054.75,3000.0,12945.25,0.0857,27764.14,0.718,0.291,0.848,0.4556,0,12327.17,54000.0,0,0,0.3264,1
15000.0,11354.52,6000.0,-2354.52,0.4,2960.23,0.622,0.376,0.513,0.243,1,7633.06,144000.0,0,0,0.9999,1
40718.57,24366.44,1500.0,14852.13,0.0368,11970.48,0.852,0.136,0.874,0.4016,0,4896.92,18000.0,0,0,0.1416,0
48790.39,27667.1,0.0,21123.29,0.0,30768.95,0.915,0.054,0.939,0.4329,0,5082.94,0.0,0,0,0.0056,0
29501.57,20302.61,1500.0,7698.96,0.0508,13894.37,0.887,0.121,0.808,0.3118,0,5774.08,18000.0,0,0,0.2639,0
40135.17,34654.49,10000.0,-4519.32,0.2492,1153.7,0.606,0.31,0.523,0.1366,3,7601.67,240000.0,1,16,0.9999,1
42175.53,30679.21,3000.0,8496.32,0.0711,13187.94,0.828,0.113,0.777,0.2726,0,4819.29,36000.0,0,0,0.3651,0
40344.58,22230.36,0.0,18114.22,0.0,9142.59,0.81,0.204,0.861,0.449,0,5136.54,0.0,0,0,0.1666,0
47268.76,32139.29,3000.0,12129.48,0.0635,8717.27,0.832,0.185,0.766,0.3201,0,3795.61,36000.0,0,0,0.4693,0
37383.19,27230.26,1500.0,8652.93,0.0401,13364.61,0.859,0.175,0.848,0.2716,0,3585.73,18000.0,0,0,0.2813,1
58227.69,40065.99,15000.0,3161.7,0.2576,28859.78,0.833,0.206,0.802,0.3119,1,9853.66,270000.0,1,23,0.8988,1
23532.06,20478.24,10000.0,-6946.18,0.425,727.73,0.534,0.389,0.734,0.1298,2,6280.24,240000.0,0,0,1.0,1
77861.35,42679.99,2500.0,32681.36,0.0321,30513.61,0.956,0.086,0.909,0.4518,0,9050.57,37500.0,1,11,0.0034,0
83560.34,44286.38,2500.0,36773.96,0.0299,30073.06,0.964,0.139,0.914,0.47,0,5469.91,37500.0,0,0,0.0032,0
56517.27,34323.4,1500.0,20693.87,0.0265,4530.94,0.706,0.106,0.89,0.3927,0,3381.18,18000.0,0,0,0.1544,0
51270.44,26895.35,0.0,24375.09,0.0,36795.98,0.904,0.103,0.934,0.4754,0,8630.46,0.0,1,6,0.0039,0
32705.71,20859.51,0.0,11846.19,0.0,15409.73,0.705,0.244,0.892,0.3622,0,4226.86,0.0,0,0,0.2598,0
34200.44,22567.0,3000.0,8633.44,0.0877,9386.68,0.832,0.142,0.912,0.3402,0,4663.06,36000.0,0,0,0.3475,1
39209.45,18475.28,2500.0,18234.17,0.0638,25157.66,0.901,0.062,0.885,0.5288,0,9277.3,37500.0,0,0,0.0291,0
61708.37,30526.78,0.0,31181.59,0.0,20674.08,0.935,0.09,0.942,0.5053,0,5226.52,0.0,0,0,0.0054,0
79447.46,42245.29,0.0,37202.17,0.0,30102.33,0.906,0.114,0.883,0.4683,0,9701.15,0.0,0,0,0.0027,0
52772.99,26867.96,5000.0,20905.03,0.0947,51113.18,0.931,0.146,0.971,0.4909,0,5346.81,75000.0,0,0,0.0048,0
40247.93,22709.4,1500.0,16038.53,0.0373,9509.2,0.869,0.103,0.888,0.4358,0,3354.49,18000.0,0,0,0.1123,0
107490.0,69547.56,10000.0,27942.44,0.093,27458.4,0.706,0.177,0.913,0.353,0,14914.55,180000.0,0,0,0.0455,0
51961.96,30457.58,5000.0,16504.38,0.0962,41619.37,0.934,0.125,0.955,0.4138,0,9512.76,75000.0,0,0,0.0136,0
102048.82,58967.93,3000.0,40080.9,0.0294,22517.87,0.831,0.164,0.848,0.4222,1,14555.46,54000.0,0,0,0.0298,0
35119.32,16356.22,2500.0,16263.1,0.0712,25532.26,0.96,0.129,0.959,0.5343,0,7472.1,37500.0,0,0,0.032,0
76626.8,36028.62,0.0,40598.18,0.0,28529.43,0.911,0.126,0.942,0.5298,0,5420.53,0.0,0,0,0.0018,0
42472.87,24051.1,0.0,18421.77,0.0,15490.17,0.897,0.156,0.813,0.4337,0,5841.75,0.0,0,0,0.0791,0
25357.73,18173.89,14000.0,-6816.16,0.5521,5040.17,0.612,0.356,0.727,0.2833,1,5970.5,336000.0,0,0,0.9999,1
66840.78,36709.56,2500.0,27631.22,0.0374,21727.69,0.977,0.087,0.909,0.4508,0,6117.98,37500.0,1,1,0.0101,0
34240.92,24474.02,10000.0,-233.1,0.292,3018.89,0.694,0.381,0.657,0.2852,2,5818.16,240000.0,1,23,0.9997,1
53898.03,40718.68,6000.0,7179.35,0.1113,1787.55,0.593,0.338,0.646,0.2445,1,7897.58,144000.0,1,26,0.9917,1
76256.36,40945.56,0.0,35310.79,0.0,24230.96,0.973,0.132,0.975,0.4631,0,8067.08,0.0,0,0,0.0028,0
31263.89,26952.93,18000.0,-13689.04,0.5757,2576.67,0.53,0.399,0.595,0.1379,4,7368.48,432000.0,1,20,1.0,1
60370.57,34588.98,5000.0,20781.59,0.0828,29445.15,0.98,0.15,0.936,0.4271,0,9723.83,75000.0,1,3,0.0217,0
41471.15,22159.7,2500.0,16811.45,0.0603,35354.92,0.929,0.061,0.947,0.4657,0,8861.59,37500.0,0,0,0.0103,0
52607.48,46048.94,10000.0,-3441.46,0.1901,5633.01,0.527,0.257,0.689,0.1247,2,6816.32,240000.0,0,0,0.9989,1
24153.02,15397.43,4500.0,4255.59,0.1863,17777.36,0.77,0.177,0.883,0.3625,0,4866.26,54000.0,0,0,0.6684,1
31852.82,23942.13,10000.0,-2089.32,0.3139,4194.61,0.696,0.373,0.582,0.2484,2,4960.58,240000.0,0,0,0.9998,1
40932.79,24002.0,1500.0,15430.78,0.0366,8240.48,0.879,0.171,0.863,0.4136,0,3576.87,18000.0,0,0,0.1998,0
33757.94,19761.97,0.0,13995.97,0.0,8828.51,0.724,0.169,0.785,0.4146,0,4510.25,0.0,0,0,0.3153,0
67506.86,45547.94,15000.0,6958.92,0.2222,26711.84,0.662,0.192,0.921,0.3253,0,7660.69,270000.0,0,0,0.6004,1
97612.13,46246.94,0.0,51365.19,0.0,26892.76,0.96,0.054,0.905,0.5262,0,9476.03,0.0,0,0,0.0005,0
60081.24,30432.56,0.0,29648.68,0.0,20444.6,0.922,0.088,0.882,0.4935,0,6057.24,0.0,0,0,0.0088,0
39745.78,27258.47,3000.0,9487.31,0.0755,15642.26,0.8,0.113,0.841,0.3142,0,5236.32,36000.0,0,0,0.2664,1
56178.96,26551.1,2500.0,27127.86,0.0445,23315.98,0.946,0.086,0.979,0.5274,0,6186.13,37500.0,0,0,0.0078,0
32794.86,19260.86,0.0,13534.0,0.0,10051.5,0.735,0.235,0.764,0.4127,0,4231.19,0.0,0,0,0.4204,0
29610.52,26468.67,18000.0,-14858.15,0.6079,1638.65,0.663,0.314,0.543,0.1061,2,7717.5,432000.0,1,23,1.0,1
32699.01,20101.25,1500.0,11097.76,0.0459,14282.39,0.802,0.136,0.77,0.3853,0,3865.89,18000.0,0,0,0.2994,0
61008.8,30902.05,0.0,30106.75,0.0,17889.84,0.927,0.063,0.886,0.4935,1,6611.77,0.0,1,3,0.0247,0
98245.1,58388.56,6000.0,33856.54,0.0611,36532.55,0.72,0.289,0.925,0.4057,1,7118.68,108000.0,1,22,0.0553,0
38692.72,25726.58,3000.0,9966.14,0.0775,11377.29,0.728,0.219,0.784,0.3351,0,3492.8,36000.0,0,0,0.6193,0
92244.37,52742.2,15000.0,24502.17,0.1626,41603.21,0.728,0.272,0.866,0.4282,0,10164.12,270000.0,0,0,0.0918,0
45493.7,30931.85,6000.0,8561.86,0.1319,25128.43,0.759,0.286,0.894,0.3201,0,14458.49,108000.0,1,10,0.4816,0
42075.02,27630.34,3000.0,11444.68,0.0713,16989.31,0.858,0.123,0.803,0.3433,0,5231.84,36000.0,0,0,0.2204,1
50078.17,36324.36,1500.0,12253.81,0.03,13608.14,0.864,0.117,0.894,0.2746,0,4191.86,18000.0,0,0,0.1179,0
74314.8,47892.21,10000.0,16422.59,0.1346,20578.83,0.778,0.254,0.881,0.3555,0,9111.26,180000.0,0,0,0.3447,0
15000.0,11886.02,18000.0,-14886.02,1.2,5244.07,0.531,0.397,0.626,0.2076,2,4072.44,432000.0,1,33,1.0,1
69215.14,37476.38,0.0,31738.76,0.0,32238.84,0.946,0.111,0.922,0.4586,0,9671.84,0.0,1,5,0.0027,0
38445.8,25691.6,1500.0,11254.2,0.039,16376.77,0.711,0.15,0.886,0.3317,0,4000.5,18000.0,0,0,0.2169,1
74347.56,34889.02,0.0,39458.54,0.0,30733.18,0.959,0.095,0.902,0.5307,0,5704.29,0.0,0,0,0.0014,0
74066.59,34994.89,2500.0,36571.7,0.0338,28427.86,0.951,0.051,0.946,0.5275,0,9805.35,37500.0,0,0,0.0019,0
100600.4,41589.74,2500.0,56510.65,0.0249,30592.18,0.917,0.14,0.901,0.5866,0,5182.75,37500.0,0,0,0.0006,0
82828.73,40433.06,0.0,42395.68,0.0,5000.0,0.945,0.066,0.898,0.5118,0,9730.58,0.0,0,0,0.0063,0
29115.39,16161.29,0.0,12954.1,0.0,19009.08,0.843,0.199,0.755,0.4449,0,3693.22,0.0,0,0,0.1882,0
71886.99,45328.29,3000.0,23558.71,0.0417,28915.0,0.67,0.186,0.908,0.3695,1,13471.98,54000.0,0,0,0.1247,1
68569.17,46576.78,3000.0,18992.38,0.0438,17501.15,0.667,0.181,0.804,0.3207,0,11247.37,54000.0,0,0,0.2188,0
26772.77,20130.04,10000.0,-3357.27,0.3735,4573.51,0.618,0.317,0.656,0.2481,2,6208.19,240000.0,0,0,0.9999,1
45774.58,32498.63,1500.0,11775.95,0.0328,11876.17,0.704,0.14,0.842,0.29,0,3773.66,18000.0,0,0,0.2922,0
27692.42,16739.0,0.0,10953.42,0.0,12403.27,0.883,0.118,0.848,0.3955,0,4662.53,0.0,0,0,0.1276,0
73271.31,36796.79,3000.0,33474.52,0.0409,29215.5,0.83,0.281,0.89,0.4978,0,11985.33,54000.0,0,0,0.0219,0
15000.0,12056.75,6000.0,-3056.75,0.4,1080.63,0.533,0.435,0.521,0.1962,2,4981.4,144000.0,0,0,1.0,1
48730.5,29697.55,1500.0,17532.95,0.0308,8464.89,0.795,0.2,0.909,0.3906,0,3644.82,18000.0,0,0,0.1939,0
42860.53,24014.12,1500.0,17346.41,0.035,5923.28,0.819,0.15,0.881,0.4397,0,3225.41,18000.0,0,0,0.1909,0
134375.68,78873.89,3000.0,52501.8,0.0223,24621.88,0.814,0.27,0.904,0.413,0,11312.08,54000.0,0,0,0.0041,0
37404.53,21957.46,1500.0,13947.08,0.0401,14482.69,0.875,0.21,0.887,0.413,0,5076.83,18000.0,0,0,0.1785,0
83245.86,45305.88,15000.0,22939.97,0.1802,11712.31,0.839,0.156,0.906,0.4558,1,7625.18,270000.0,0,0,0.4974,0
36466.4,32608.68,18000.0,-14142.28,0.4936,2680.09,0.595,0.466,0.711,0.1058,1,7315.66,432000.0,0,0,1.0,1
55482.56,23046.93,2500.0,29935.62,0.0451,26908.28,0.927,0.122,0.887,0.5846,0,7697.46,37500.0,0,0,0.01,0
44942.12,30253.81,0.0,14688.31,0.0,13132.13,0.705,0.231,0.754,0.3268,0,4586.81,0.0,0,0,0.3702,0
44231.71,34517.81,10000.0,-286.11,0.2261,1974.85,0.626,0.468,0.746,0.2196,3,5671.07,240000.0,0,0,0.9999,1
74495.33,42531.2,3000.0,28964.13,0.0403,22745.72,0.709,0.185,0.806,0.4291,0,14889.5,54000.0,0,0,0.0614,0
45941.33,27105.03,2500.0,16336.3,0.0544,36826.23,0.907,0.092,0.968,0.41,0,7337.01,37500.0,0,0,0.0108,0
39331.62,26413.04,1500.0,11418.57,0.0381,13969.81,0.746,0.126,0.787,0.3285,0,5338.75,18000.0,0,0,0.2885,0
83307.56,44919.78,0.0,38387.78,0.0,24292.54,0.965,0.072,0.902,0.4608,0,7964.7,0.0,0,0,0.0021,0
35099.72,20214.03,3000.0,11885.69,0.0855,14335.2,0.891,0.229,0.888,0.4241,0,4652.57,36000.0,0,0,0.307,0
24011.62,14453.82,3000.0,6557.81,0.1249,6970.64,0.799,0.112,0.787,0.398,0,3228.39,36000.0,0,0,0.6555,1
15000.0,12277.22,14000.0,-11277.22,0.9333,1694.67,0.57,0.42,0.641,0.1815,1,7514.52,336000.0,1,25,1.0,1
36056.18,31275.22,14000.0,-9219.05,0.3883,4072.51,0.636,0.405,0.688,0.1326,1,7523.48,336000.0,1,6,0.9999,1
75741.92,49133.91,3000.0,23608.01,0.0396,18331.53,0.814,0.275,0.876,0.3513,0,8583.34,54000.0,1,23,0.1167,0
73299.56,37235.96,2500.0,33563.6,0.0341,16497.52,0.909,0.126,0.934,0.492,0,6709.36,37500.0,0,0,0.0118,0
27535.66,20932.41,14000.0,-7396.75,0.5084,3291.13,0.513,0.396,0.586,0.2398,2,4182.97,336000.0,1,35,1.0,1
26410.78,22492.81,6000.0,-2082.03,0.2272,3565.82,0.504,0.331,0.622,0.1483,3,6733.18,144000.0,0,0,0.9999,1
28161.04,19965.11,1500.0,6695.94,0.0533,11289.04,0.744,0.112,0.866,0.291,0,3819.78,18000.0,0,0,0.3528,0
29775.87,26462.51,10000.0,-6686.64,0.3358,1279.56,0.628,0.349,0.569,0.1113,4,5637.34,240000.0,1,12,1.0,1
38593.65,24071.06,3000.0,11522.59,0.0777,11082.39,0.795,0.245,0.782,0.3763,0,5329.79,36000.0,0,0,0.5818,1
96498.23,60334.94,3000.0,33163.28,0.0311,29860.11,0.657,0.288,0.892,0.3748,0,10333.7,54000.0,0,0,0.035,0
32588.86,19230.85,1500.0,11858.01,0.046,19203.76,0.713,0.187,0.796,0.4099,0,3931.09,18000.0,0,0,0.3125,1
55215.41,28712.24,0.0,26503.17,0.0,5761.21,0.956,0.136,0.958,0.48,0,7402.53,0.0,0,0,0.0282,0
57216.21,39507.39,1500.0,16208.82,0.0262,11909.59,0.702,0.149,0.838,0.3095,0,4051.88,18000.0,0,0,0.2186,0
36567.9,21082.97,1500.0,13984.93,0.041,9072.49,0.838,0.22,0.784,0.4235,0,3313.7,18000.0,0,0,0.3961,1
89179.7,51206.43,2500.0,35473.27,0.028,33579.26,0.964,0.084,0.961,0.4258,0,9474.08,37500.0,0,0,0.0015,0
136881.52,82851.72,10000.0,44029.8,0.0731,19486.5,0.666,0.159,0.837,0.3947,0,13846.05,180000.0,0,0,0.0232,0
21684.24,18603.77,14000.0,-10919.53,0.6456,2206.05,0.6,0.389,0.68,0.1421,1,7985.34,336000.0,1,25,1.0,1
33981.95,18898.4,0.0,15083.55,0.0,12846.38,0.793,0.23,0.874,0.4439,0,4276.48,0.0,0,0,0.1911,0
25505.55,17727.67,1500.0,6277.88,0.0588,20006.95,0.875,0.235,0.822,0.3049,0,4777.05,18000.0,0,0,0.3657,0
37328.6,30845.07,14000.0,-7516.47,0.375,1119.29,0.526,0.429,0.727,0.1737,1,4950.17,336000.0,1,11,0.9999,1
15495.09,13545.03,10000.0,-8049.94,0.6454,2924.37,0.603,0.34,0.648,0.1259,1,5564.33,240000.0,1,13,1.0,1
112693.01,59296.22,15000.0,38396.8,0.1331,19335.37,0.741,0.185,0.811,0.4738,0,10677.97,270000.0,0,0,0.0714,0
46085.45,28731.01,10000.0,7354.45,0.217,21575.08,0.683,0.175,0.806,0.3766,0,11974.24,180000.0,0,0,0.7495,0
94066.39,63368.22,3000.0,27698.17,0.0319,35389.91,0.672,0.19,0.809,0.3263,0,14429.45,54000.0,0,0,0.0299,0
43861.12,26897.01,1500.0,15464.11,0.0342,11677.13,0.708,0.122,0.918,0.3868,1,3014.82,18000.0,0,0,0.3522,0
41163.28,32558.01,10000.0,-1394.73,0.2429,3519.73,0.598,0.417,0.535,0.2091,1,5231.72,240000.0,1,12,0.9996,1
69405.78,46753.71,3000.0,19652.07,0.0432,40312.25,0.789,0.276,0.942,0.3264,0,10474.57,54000.0,1,21,0.03,0
78582.89,34822.83,2500.0,41260.06,0.0318,41870.3,0.932,0.115,0.891,0.5569,0,9997.07,37500.0,0,0,0.001,0
42051.43,36016.08,10000.0,-3964.66,0.2378,2621.43,0.648,0.47,0.601,0.1435,1,6670.37,240000.0,1,28,0.9996,1
117243.91,61440.71,6000.0,49803.2,0.0512,22908.8,0.651,0.199,0.855,0.476,0,12259.2,108000.0,0,0,0.0108,0
52415.57,23348.72,0.0,29066.85,0.0,16769.1,0.948,0.117,0.942,0.5545,0,6898.93,0.0,1,6,0.01,0
41156.41,21238.13,2500.0,17418.29,0.0607,13546.01,0.949,0.126,0.961,0.484,0,9777.62,37500.0,0,0,0.0609,0
35978.51,26458.85,0.0,9519.67,0.0,13568.34,0.887,0.153,0.767,0.2646,0,3770.33,0.0,0,0,0.2225,1
45767.21,30107.14,1500.0,14160.06,0.0328,9530.21,0.822,0.207,0.796,0.3422,0,3365.66,18000.0,0,0,0.3441,0
30246.4,19812.38,3000.0,7434.02,0.0992,14204.15,0.721,0.185,0.794,0.345,1,4450.64,36000.0,0,0,0.8286,1
70525.92,44193.68,15000.0,11332.24,0.2127,25509.51,0.77,0.273,0.933,0.3734,0,7908.4,270000.0,1,11,0.5296,1
78116.92,42759.18,10000.0,25357.74,0.128,31011.01,0.705,0.273,0.864,0.4526,0,6859.82,180000.0,1,12,0.1365,0
69865.44,40002.12,0.0,29863.33,0.0,22650.9,0.908,0.052,0.944,0.4274,0,7733.49,0.0,0,0,0.0045,0
60675.77,36257.24,0.0,24418.53,0.0,55797.09,0.956,0.09,0.923,0.4024,0,8462.18,0.0,1,2,0.0008,0
42551.86,25736.74,0.0,16815.13,0.0,18513.59,0.717,0.234,0.783,0.3952,0,3679.97,0.0,0,0,0.2166,0
62511.25,25849.81,5000.0,31661.44,0.08,22300.27,0.919,0.104,0.968,0.5865,0,7664.79,75000.0,0,0,0.0102,0
43559.98,30323.42,1500.0,11736.57,0.0344,19786.17,0.712,0.184,0.913,0.3039,0,5070.01,18000.0,0,0,0.1765,0
30680.33,19637.69,3000.0,8042.64,0.0978,12325.11,0.77,0.2,0.885,0.3599,1,3703.93,36000.0,0,0,0.7547,1
63094.95,35863.59,2500.0,24731.36,0.0396,37800.78,0.95,0.059,0.956,0.4316,0,9130.34,37500.0,0,0,0.003,0
65350.26,33820.63,15000.0,16529.64,0.2295,14350.14,0.761,0.196,0.86,0.4825,0,11405.35,270000.0,0,0,0.626,0
34513.06,30036.2,6000.0,-1523.14,0.1738,2997.67,0.686,0.279,0.704,0.1297,1,7511.9,144000.0,1,30,0.9941,1
72321.92,41989.82,3000.0,27332.1,0.0415,23109.16,0.789,0.202,0.946,0.4194,0,13402.33,54000.0,0,0,0.0309,0
31749.73,26074.48,14000.0,-8324.75,0.4409,4226.65,0.535,0.376,0.6,0.1787,1,5470.14,336000.0,0,0,1.0,1
42062.06,26772.48,1500.0,13789.58,0.0357,12215.95,0.801,0.166,0.768,0.3635,0,3648.11,18000.0,0,0,0.3021,0
47502.24,19583.75,2500.0,25418.5,0.0526,34171.9,0.937,0.056,0.979,0.5877,0,8475.18,37500.0,1,3,0.0038,0
35062.21,19992.79,1500.0,13569.42,0.0428,9172.97,0.712,0.176,0.919,0.4298,0,4845.66,18000.0,0,0,0.2823,0
41996.22,26676.7,0.0,15319.52,0.0,21154.73,0.877,0.167,0.783,0.3648,0,4242.39,0.0,0,0,0.0915,0
106966.09,53719.04,6000.0,47247.05,0.0561,31097.59,0.746,0.153,0.839,0.4978,0,7233.99,108000.0,0,0,0.0047,0
37877.52,21663.94,1500.0,14713.58,0.0396,14317.17,0.791,0.227,0.767,0.4281,0,3450.15,18000.0,0,0,0.3539,0
36616.43,22891.77,1500.0,12224.66,0.041,18846.83,0.792,0.218,0.902,0.3748,1,5360.71,18000.0,0,0,0.4175,1
33155.08,19924.02,3000.0,10231.06,0.0905,19304.04,0.708,0.235,0.828,0.3991,0,4978.06,36000.0,0,0,0.4895,0
45017.41,32112.29,10000.0,2905.12,0.2221,5342.27,0.53,0.434,0.628,0.2867,2,4166.69,240000.0,0,0,0.9997,1
64937.68,36320.11,6000.0,22617.57,0.0924,35390.49,0.805,0.249,0.828,0.4407,0,6885.56,108000.0,1,19,0.0717,0
42857.05,26845.14,0.0,16011.91,0.0,17244.64,0.724,0.192,0.882,0.3736,0,4590.91,0.0,0,0,0.1284,0
49644.95,34732.33,3000.0,11912.62,0.0604,19197.09,0.831,0.119,0.808,0.3004,1,3673.85,36000.0,0,0,0.3921,1
35934.05,18778.7,5000.0,12155.35,0.1391,10521.16,0.919,0.062,0.9,0.4774,0,8229.05,75000.0,0,0,0.2182,0
80821.96,52615.77,6000.0,22206.19,0.0742,27260.64,0.818,0.259,0.916,0.349,0,7596.86,108000.0,0,0,0.0739,0
31056.28,26248.65,14000.0,-9192.36,0.4508,2871.16,0.543,0.376,0.71,0.1548,3,6168.95,336000.0,1,21,1.0,1
52491.0,38038.37,1500.0,12952.63,0.0286,14494.2,0.852,0.124,0.828,0.2753,0,3740.04,18000.0,0,0,0.1495,0
117199.56,63382.36,6000.0,47817.2,0.0512,21617.5,0.797,0.242,0.828,0.4592,0,13054.13,108000.0,0,0,0.0134,0
31720.81,23524.62,1500.0,6696.19,0.0473,14593.12,0.765,0.122,0.802,0.2584,0,5989.0,18000.0,0,0,0.3573,0
87904.46,50741.9,2500.0,34662.56,0.0284,26003.64,0.931,0.091,0.95,0.4228,0,8097.95,37500.0,0,0,0.0035,0
89527.91,53376.06,10000.0,26151.86,0.1117,18313.9,0.663,0.237,0.884,0.4038,0,11431.39,180000.0,1,19,0.2059,0
37943.66,21453.79,0.0,16489.87,0.0,17249.63,0.767,0.218,0.87,0.4346,0,4551.81,0.0,0,0,0.1338,1
55523.06,27028.84,0.0,28494.22,0.0,21139.58,0.918,0.11,0.954,0.5132,1,9665.57,0.0,0,0,0.0225,0
80315.51,34027.05,0.0,46288.46,0.0,35820.98,0.967,0.088,0.937,0.5763,0,5922.38,0.0,0,0,0.0004,0
33777.79,22077.69,0.0,11700.09,0.0,15085.76,0.888,0.139,0.823,0.3464,0,5525.8,0.0,0,0,0.1257,0
36463.11,23576.82,0.0,12886.29,0.0,17562.0,0.716,0.209,0.834,0.3534,0,5188.52,0.0,0,0,0.219,0
93869.46,49475.85,10000.0,34393.61,0.1065,16217.1,0.781,0.293,0.81,0.4729,0,8539.68,180000.0,0,0,0.1613,0
36188.17,21871.77,3000.0,11316.4,0.0829,13469.46,0.79,0.217,0.761,0.3956,0,3100.84,36000.0,0,0,0.5411,1
18606.08,11525.88,3000.0,4080.2,0.1612,15536.18,0.704,0.2,0.914,0.3805,0,5810.47,36000.0,0,0,0.699,1
25499.63,17751.93,4500.0,3247.7,0.1765,9883.79,0.751,0.198,0.784,0.3038,0,4391.8,54000.0,0,0,0.8778,0
15848.68,11455.73,6000.0,-1607.05,0.3786,4747.11,0.545,0.313,0.713,0.2772,2,6093.56,144000.0,0,0,0.9998,1
29044.59,24442.97,10000.0,-5398.38,0.3443,3228.47,0.516,0.365,0.621,0.1584,1,7782.79,240000.0,1,26,0.9998,1
88547.94,45078.55,0.0,43469.39,0.0,19656.27,0.941,0.131,0.926,0.4909,0,8931.39,0.0,0,0,0.0026,0
34138.05,23942.73,1500.0,8695.32,0.0439,8186.69,0.741,0.232,0.9,0.2986,0,3716.39,18000.0,0,0,0.4913,1
75246.65,38205.76,0.0,37040.89,0.0,29221.63,0.908,0.116,0.962,0.4923,0,8878.06,0.0,1,3,0.002,0
75788.43,39070.35,2500.0,34218.08,0.033,23318.56,0.964,0.09,0.972,0.4845,0,5789.77,37500.0,0,0,0.0037,0
105845.18,72104.77,3000.0,30740.41,0.0283,21577.95,0.847,0.171,0.83,0.3188,0,14045.91,54000.0,1,6,0.0271,0
50962.94,29379.28,5000.0,16583.66,0.0981,32036.72,0.94,0.147,0.922,0.4235,1,8339.6,75000.0,0,0,0.1014,0
36502.85,21260.96,0.0,15241.88,0.0,15942.92,0.812,0.179,0.872,0.4176,0,3238.22,0.0,0,0,0.1122,0
93462.1,62041.33,6000.0,25420.77,0.0642,22636.79,0.792,0.197,0.871,0.3362,0,10133.39,108000.0,0,0,0.0643,0
54524.56,23704.68,2500.0,28319.88,0.0459,39926.89,0.966,0.06,0.904,0.5652,0,6739.71,37500.0,0,0,0.0024,0
115428.96,65849.34,10000.0,39579.63,0.0866,37170.53,0.744,0.297,0.895,0.4295,0,12085.6,180000.0,0,0,0.0158,0
74948.33,50021.13,3000.0,21927.2,0.04,29194.12,0.779,0.254,0.877,0.3326,0,7913.8,54000.0,0,0,0.0637,0
42111.26,30498.7,3000.0,8612.56,0.0712,12718.33,0.858,0.2,0.794,0.2758,0,5012.2,36000.0,0,0,0.4641,1
60010.49,29529.46,5000.0,25481.03,0.0833,20254.71,0.944,0.088,0.978,0.5079,0,7112.74,75000.0,0,0,0.0169,0
79453.48,53366.38,3000.0,23087.09,0.0378,28373.48,0.832,0.263,0.921,0.3283,0,14665.29,54000.0,1,9,0.0435,0
101484.51,53027.29,10000.0,38457.22,0.0985,21908.19,0.758,0.164,0.836,0.4775,0,10218.91,180000.0,0,0,0.0318,0
46194.76,25344.23,0.0,20850.53,0.0,19321.97,0.972,0.135,0.947,0.4514,0,9461.51,0.0,0,0,0.0177,0
43874.44,24435.17,1500.0,17939.27,0.0342,9402.67,0.899,0.228,0.839,0.4431,0,5494.12,18000.0,0,0,0.2144,0
65977.33,37333.76,5000.0,23643.57,0.0758,36419.31,0.946,0.102,0.923,0.4341,0,7172.98,75000.0,0,0,0.0083,0
59938.27,31252.89,2500.0,26185.38,0.0417,39528.75,0.947,0.12,0.904,0.4786,0,5521.12,37500.0,0,0,0.0046,0
68363.51,35557.93,2500.0,30305.58,0.0366,31433.39,0.941,0.113,0.887,0.4799,0,6809.27,37500.0,0,0,0.0058,0
34565.58,25727.39,1500.0,7338.19,0.0434,9230.32,0.796,0.129,0.854,0.2557,0,3620.98,18000.0,0,0,0.3522,1
57361.86,32152.31,2500.0,22709.56,0.0436,22478.44,0.941,0.079,0.973,0.4395,0,5435.46,37500.0,0,0,0.0123,0
38828.35,28144.52,1500.0,9183.83,0.0386,3351.12,0.84,0.249,0.772,0.2752,0,4183.73,18000.0,0,0,0.6588,1
74470.24,40422.93,2500.0,31547.31,0.0336,28185.22,0.925,0.132,0.976,0.4572,0,5007.83,37500.0,0,0,0.0048,0
50897.77,29159.2,1500.0,20238.56,0.0295,15587.36,0.791,0.155,0.771,0.4271,0,5253.53,18000.0,0,0,0.1428,0
36201.15,26728.94,1500.0,7972.21,0.0414,9399.99,0.836,0.154,0.851,0.2617,0,4908.29,18000.0,0,0,0.3428,1
41531.37,35085.47,6000.0,445.89,0.1445,3430.69,0.68,0.267,0.633,0.1552,1,4046.83,144000.0,0,0,0.9928,1
59424.88,33203.52,0.0,26221.36,0.0,10057.4,0.812,0.151,0.874,0.4413,0,5536.81,0.0,0,0,0.0552,0
131005.43,72718.0,6000.0,52287.43,0.0458,19036.21,0.808,0.217,0.92,0.4449,0,13718.06,108000.0,1,12,0.0053,0
23314.74,15625.88,3000.0,4688.86,0.1287,16684.98,0.838,0.156,0.778,0.3298,0,3427.78,36000.0,0,0,0.5863,0
22355.96,15762.95,14000.0,-7406.99,0.6262,2354.77,0.627,0.335,0.518,0.2949,2,5244.87,336000.0,1,24,1.0,1
90370.82,38688.7,0.0,51682.11,0.0,25379.04,0.902,0.101,0.976,0.5719,0,5194.98,0.0,0,0,0.0006,0
58118.06,26609.29,5000.0,26508.77,0.086,45986.47,0.909,0.146,0.911,0.5422,0,8014.71,75000.0,1,11,0.0056,0
37141.58,23291.58,1500.0,12350.01,0.0404,13790.87,0.808,0.123,0.844,0.3729,0,5285.71,18000.0,0,0,0.1884,0
39973.56,22060.09,3000.0,14913.47,0.075,20658.61,0.662,0.201,0.841,0.4481,1,11019.38,54000.0,0,0,0.5592,1
59422.06,31211.25,0.0,28210.81,0.0,18918.35,0.932,0.149,0.968,0.4748,0,7846.89,0.0,0,0,0.0105,0
34277.52,22112.74,1500.0,10664.77,0.0438,11576.21,0.746,0.245,0.905,0.3549,0,4600.16,18000.0,0,0,0.3963,0
35080.51,25432.11,14000.0,-4351.6,0.3991,2412.53,0.555,0.469,0.736,0.275,1,5850.7,336000.0,1,20,0.9999,1
15000.0,11357.35,6000.0,-2357.35,0.4,4892.88,0.652,0.347,0.628,0.2428,2,6309.12,144000.0,1,35,0.9999,1
69816.84,35935.13,5000.0,28881.71,0.0716,36452.16,0.916,0.061,0.965,0.4853,0,9234.84,75000.0,1,1,0.0034,0
37935.57,31308.93,18000.0,-11373.36,0.4745,500.0,0.504,0.369,0.672,0.1747,3,6770.13,432000.0,0,0,1.0,1
47163.11,28569.15,0.0,18593.96,0.0,9873.77,0.891,0.101,0.92,0.3942,0,5485.41,0.0,0,0,0.0502,0
42120.34,24369.57,3000.0,14750.77,0.0712,14862.63,0.854,0.199,0.88,0.4214,0,4840.81,36000.0,0,0,0.2155,0
31438.07,19853.41,1500.0,10084.66,0.0477,11903.89,0.713,0.152,0.769,0.3685,0,5843.06,18000.0,0,0,0.4581,0
38241.53,23324.01,0.0,14917.52,0.0,14434.43,0.8,0.219,0.87,0.3901,0,3218.71,0.0,0,0,0.1655,0
47029.55,21454.92,5000.0,20574.63,0.1063,22365.69,0.974,0.091,0.971,0.5438,0,7382.18,75000.0,0,0,0.027,0
62898.99,29660.82,2500.0,30738.16,0.0397,32773.77,0.91,0.139,0.93,0.5284,0,7929.32,37500.0,0,0,0.0055,0
29157.17,20199.81,3000.0,5957.36,0.1029,15128.73,0.861,0.183,0.838,0.3072,0,5326.04,36000.0,0,0,0.4731,1
23333.27,13457.83,1500.0,8375.44,0.0643,11887.66,0.711,0.212,0.804,0.4232,0,4533.39,18000.0,0,0,0.5926,0
45640.77,25674.66,3000.0,16966.11,0.0657,7868.52,0.701,0.137,0.876,0.4375,0,3305.68,36000.0,0,0,0.2833,0
72930.27,33742.62,2500.0,36687.65,0.0343,25118.03,0.971,0.093,0.971,0.5373,0,9820.39,37500.0,0,0,0.0026,0
35000.0,21928.98,10000.0,3071.02,0.2857,23925.77,0.651,0.175,0.907,0.3735,0,14694.43,180000.0,1,22,0.83,1
69558.7,45655.88,10000.0,13902.82,0.1438,22471.42,0.66,0.204,0.944,0.3436,0,9894.56,180000.0,0,0,0.3272,1
26763.49,15000.16,3000.0,8763.33,0.1121,6334.01,0.783,0.223,0.895,0.4395,0,4972.06,36000.0,0,0,0.6441,1
57904.7,31011.6,2500.0,24393.11,0.0432,33651.25,0.924,0.064,0.945,0.4644,0,6578.14,37500.0,0,0,0.0052,0
48490.69,28029.7,0.0,20460.99,0.0,36383.92,0.929,0.056,0.891,0.422,0,6337.96,0.0,1,1,0.0049,0
58571.0,29201.91,0.0,29369.09,0.0,20056.51,0.942,0.11,0.881,0.5014,0,9817.5,0.0,0,0,0.0101,0
111340.31,72881.62,6000.0,32458.69,0.0539,19212.3,0.845,0.169,0.803,0.3454,0,13264.4,108000.0,0,0,0.0397,0
38814.85,24050.42,1500.0,13264.43,0.0386,18196.08,0.7,0.145,0.86,0.3804,1,5541.18,18000.0,0,0,0.4081,0
39386.73,27810.0,1500.0,10076.74,0.0381,12975.81,0.78,0.145,0.761,0.2939,0,3739.81,18000.0,0,0,0.3631,0
59362.18,24431.63,5000.0,29930.56,0.0842,46614.7,0.975,0.129,0.979,0.5884,0,9813.84,75000.0,0,0,0.002,0
52068.04,22293.48,2500.0,27274.56,0.048,24021.92,0.963,0.108,0.895,0.5718,0,8179.77,37500.0,0,0,0.0126,0
64728.56,44241.79,3000.0,17486.77,0.0463,14939.38,0.744,0.284,0.906,0.3165,0,7325.73,54000.0,0,0,0.2663,0
45663.8,27014.1,2500.0,16149.7,0.0547,28441.79,0.919,0.1,0.948,0.4084,0,6373.52,37500.0,1,6,0.0224,0
53544.5,23192.8,0.0,30351.7,0.0,29169.66,0.917,0.055,0.964,0.5669,1,8965.71,0.0,1,3,0.0071,0
32479.61,24421.69,10000.0,-1942.08,0.3079,3497.77,0.619,0.268,0.656,0.2481,4,4760.43,240000.0,1,33,1.0,1
32266.81,28893.69,14000.0,-10626.88,0.4339,3858.14,0.532,0.369,0.68,0.1045,1,6562.46,336000.0,1,10,0.9999,1
61904.73,24911.74,0.0,36992.99,0.0,45622.55,0.929,0.143,0.903,0.5976,0,6110.38,0.0,0,0,0.0009,0
73248.95,42904.87,3000.0,27344.08,0.041,27127.03,0.746,0.249,0.818,0.4143,0,9580.53,54000.0,1,23,0.0658,0
32805.02,20617.68,3000.0,9187.34,0.0914,17285.22,0.884,0.243,0.848,0.3715,0,5362.65,36000.0,0,0,0.3994,0
22239.17,15152.13,0.0,7087.04,0.0,15570.39,0.738,0.238,0.767,0.3187,0,3662.56,0.0,0,0,0.4658,1
34743.71,25713.54,1500.0,7530.17,0.0432,14745.27,0.787,0.187,0.838,0.2599,0,3847.49,18000.0,0,0,0.3674,0
59163.19,32899.06,0.0,26264.13,0.0,39216.5,0.94,0.07,0.939,0.4439,0,6657.82,0.0,1,3,0.0019,0
18000.0,12819.16,3000.0,2180.84,0.1667,12795.79,0.766,0.204,0.881,0.2878,0,3454.79,36000.0,0,0,0.7795,1
15000.0,11775.68,6000.0,-2775.68,0.4,3479.48,0.526,0.441,0.5,0.215,2,6090.04,144000.0,0,0,1.0,1
24684.87,18779.96,6000.0,-95.1,0.2431,1465.21,0.5,0.432,0.742,0.2392,1,6652.19,144000.0,1,31,0.9993,1
46065.54,24991.67,5000.0,16073.87,0.1085,18017.17,0.915,0.087,0.97,0.4575,0,9924.29,75000.0,0,0,0.0653,0
88083.49,36615.53,2500.0,48967.96,0.0284,39788.58,0.957,0.067,0.958,0.5843,0,9761.11,37500.0,0,0,0.0003,0
25292.28,17524.64,3000.0,4767.64,0.1186,15171.74,0.721,0.177,0.837,0.3071,0,5798.77,36000.0,0,0,0.6391,1
112048.55,66371.2,15000.0,30677.35,0.1339,32964.26,0.789,0.259,0.929,0.4077,0,13263.64,270000.0,0,0,0.0427,0
41516.01,28870.7,1500.0,11145.31,0.0361,15115.75,0.889,0.174,0.815,0.3046,0,5358.62,18000.0,0,0,0.219,1
77650.83,51855.18,3000.0,22795.65,0.0386,24427.21,0.791,0.296,0.866,0.3322,0,12343.84,54000.0,1,14,0.105,0
32070.63,27057.7,18000.0,-12987.06,0.5613,2009.52,0.536,0.45,0.638,0.1563,1,4526.86,432000.0,1,10,1.0,1
43547.83,29810.26,3000.0,10737.57,0.0689,10431.95,0.75,0.194,0.847,0.3155,0,5718.26,36000.0,0,0,0.4622,1
35045.78,23122.22,0.0,11923.57,0.0,12573.55,0.761,0.153,0.856,0.3402,0,5198.1,0.0,0,0,0.1914,1
53962.98,28982.91,0.0,24980.07,0.0,12926.42,0.905,0.087,0.974,0.4629,0,8357.4,0.0,0,0,0.0154,0
50162.71,28606.52,0.0,21556.19,0.0,10020.88,0.755,0.165,0.917,0.4297,0,4556.1,0.0,0,0,0.0871,0
50108.78,34620.7,1500.0,13988.08,0.0299,9546.56,0.769,0.16,0.795,0.3091,0,4449.12,18000.0,0,0,0.3124,0
45587.57,33903.82,1500.0,10183.75,0.0329,6856.18,0.715,0.111,0.912,0.2563,0,3276.2,18000.0,0,0,0.2792,1
84478.74,38309.45,0.0,46169.29,0.0,42477.57,0.977,0.075,0.948,0.5465,0,8050.04,0.0,0,0,0.0002,0
46141.29,34114.41,0.0,12026.88,0.0,13085.98,0.731,0.242,0.875,0.2607,0,3607.9,0.0,0,0,0.2879,1
77709.77,37427.38,0.0,40282.38,0.0,41695.9,0.947,0.075,0.925,0.5184,0,6995.18,0.0,1,3,0.0005,0
84411.2,43769.32,10000.0,30641.87,0.1185,23605.17,0.833,0.215,0.839,0.4815,0,12511.03,180000.0,0,0,0.0724,0
85523.6,38349.16,2500.0,44674.44,0.0292,42903.68,0.907,0.07,0.968,0.5516,0,5068.73,37500.0,0,0,0.0003,0
30670.46,17252.3,1500.0,11918.17,0.0489,8672.71,0.847,0.191,0.864,0.4375,0,5854.47,18000.0,0,0,0.3215,0
97492.13,66932.45,6000.0,24559.68,0.0615,28776.02,0.69,0.243,0.911,0.3135,0,10693.04,108000.0,0,0,0.0664,0
64307.48,32646.75,0.0,31660.73,0.0,37664.67,0.929,0.14,0.947,0.4923,0,7271.73,0.0,0,0,0.0021,0
33153.11,21168.56,1500.0,10484.55,0.0452,18877.51,0.887,0.11,0.89,0.3615,0,4331.76,18000.0,0,0,0.101,0
38203.11,21440.93,1500.0,15262.18,0.0393,4321.31,0.885,0.116,0.88,0.4388,0,4965.52,18000.0,0,0,0.1789,0
35768.3,20176.84,0.0,15591.46,0.0,10880.96,0.833,0.232,0.888,0.4359,0,3331.3,0.0,0,0,0.1775,0
29318.8,19145.21,1500.0,8673.59,0.0512,8698.36,0.771,0.153,0.891,0.347,0,3923.39,18000.0,0,0,0.3622,0
30745.46,23701.21,10000.0,-2955.75,0.3253,3491.82,0.688,0.469,0.526,0.2291,1,6213.48,240000.0,1,11,0.9999,1
41218.02,35931.92,14000.0,-8713.91,0.3397,3724.03,0.588,0.403,0.54,0.1282,2,4717.01,336000.0,1,12,1.0,1
45806.53,29911.06,0.0,15895.48,0.0,15673.82,0.717,0.103,0.778,0.347,0,3724.61,0.0,0,0,0.139,0
58744.74,29598.24,2500.0,26646.5,0.0426,26915.17,0.92,0.056,0.919,0.4962,0,6097.77,37500.0,1,7,0.0075,0
38210.25,19417.72,2500.0,16292.53,0.0654,11200.76,0.956,0.067,0.93,0.4918,0,9352.63,37500.0,0,0,0.0649,0
65777.55,27852.9,0.0,37924.65,0.0,20831.15,0.911,0.119,0.901,0.5766,0,9478.37,0.0,0,0,0.0046,0
57504.85,32119.43,0.0,25385.42,0.0,29497.95,0.938,0.106,0.943,0.4414,0,6266.36,0.0,0,0,0.0053,0
116112.45,77130.91,10000.0,28981.54,0.0861,26056.17,0.747,0.2,0.919,0.3357,0,7650.98,180000.0,1,21,0.0424,0
59231.23,33211.4,5000.0,21019.83,0.0844,23018.04,0.916,0.057,0.968,0.4393,0,7708.8,75000.0,1,1,0.0197,0
59090.76,33135.91,0.0,25954.85,0.0,23366.96,0.98,0.106,0.912,0.4392,0,6752.6,0.0,0,0,0.008,0
33162.04,23032.62,1500.0,8629.43,0.0452,3177.74,0.842,0.101,0.787,0.3055,0,4451.97,18000.0,0,0,0.4348,0
42790.36,28228.11,0.0,14562.25,0.0,14673.36,0.853,0.188,0.883,0.3403,0,5409.01,0.0,0,0,0.1148,0
68146.44,35715.19,2500.0,29931.25,0.0367,21389.12,0.914,0.069,0.969,0.4759,0,9541.14,37500.0,0,0,0.0067,0
73761.91,38043.54,2500.0,33218.37,0.0339,33105.91,0.913,0.097,0.952,0.4842,0,6011.27,37500.0,0,0,0.0027,0
35035.94,25631.16,1500.0,7904.78,0.0428,6377.73,0.738,0.112,0.868,0.2684,0,5465.49,18000.0,0,0,0.3887,1
68554.14,43769.88,3000.0,21784.25,0.0438,31836.2,0.838,0.245,0.849,0.3615,0,7718.34,54000.0,1,7,0.0502,0
74722.61,42067.93,2500.0,30154.68,0.0335,17674.77,0.961,0.069,0.889,0.437,0,6841.74,37500.0,0,0,0.0107,0
35338.9,23375.53,0.0,11963.37,0.0,13966.17,0.833,0.148,0.903,0.3385,0,3975.87,0.0,0,0,0.1142,0
27308.51,22265.73,6000.0,-957.22,0.2197,3966.94,0.519,0.5,0.582,0.1847,3,7226.66,144000.0,1,35,1.0,1
37221.31,21440.07,0.0,15781.23,0.0,9984.84,0.772,0.218,0.846,0.424,0,4963.03,0.0,0,0,0.2374,0
48679.23,27152.67,3000.0,18526.56,0.0616,14519.0,0.824,0.185,0.856,0.4422,0,4760.81,36000.0,0,0,0.1706,0
88531.58,42304.47,0.0,46227.11,0.0,25078.56,0.948,0.143,0.973,0.5222,0,7638.39,0.0,0,0,0.0011,0
38255.08,31316.82,6000.0,938.26,0.1568,4327.85,0.591,0.419,0.669,0.1814,1,7766.77,144000.0,0,0,0.9976,1
78694.2,41686.5,0.0,37007.69,0.0,40776.51,0.912,0.114,0.94,0.4703,0,8525.7,0.0,0,0,0.0009,0
76621.56,38604.16,10000.0,28017.4,0.1305,27738.7,0.772,0.255,0.926,0.4962,0,14648.28,180000.0,0,0,0.0778,0
45452.26,23386.16,0.0,22066.1,0.0,26874.57,0.974,0.108,0.939,0.4855,0,5259.95,0.0,0,0,0.008,0
64925.37,37409.65,5000.0,22515.72,0.077,22417.18,0.953,0.071,0.966,0.4238,0,5983.27,75000.0,0,0,0.0164,0
40309.23,25918.91,3000.0,11390.32,0.0744,12299.11,0.712,0.15,0.761,0.357,1,5450.92,36000.0,0,0,0.7456,0
25337.16,18804.19,6000.0,532.97,0.2368,2733.46,0.594,0.317,0.525,0.2578,1,4589.1,144000.0,1,28,0.9991,1
15000.0,12894.88,10000.0,-7894.88,0.6667,2305.78,0.56,0.308,0.532,0.1403,1,5421.28,240000.0,1,7,1.0,1
34964.76,21626.72,3000.0,10338.04,0.0858,13328.26,0.731,0.112,0.832,0.3815,0,4690.23,36000.0,0,0,0.3638,1
90910.45,54646.43,3000.0,33264.02,0.033,16495.86,0.775,0.191,0.873,0.3989,0,10136.26,54000.0,0,0,0.0373,0
82080.85,48566.11,10000.0,23514.74,0.1218,19915.54,0.765,0.25,0.917,0.4083,1,8824.88,180000.0,0,0,0.3924,0
55391.0,33117.09,10000.0,12273.91,0.1805,21004.93,0.749,0.222,0.926,0.4021,0,13738.15,180000.0,0,0,0.4541,0
50503.11,29049.41,0.0,21453.7,0.0,10904.03,0.89,0.126,0.847,0.4248,0,4468.87,0.0,0,0,0.0604,0
66434.37,31518.77,2500.0,32415.6,0.0376,14833.57,0.911,0.107,0.899,0.5256,0,6093.55,37500.0,0,0,0.0159,0
94509.54,65588.23,6000.0,22921.31,0.0635,23473.27,0.679,0.206,0.92,0.306,0,6783.15,108000.0,0,0,0.088,0
71719.64,45509.91,3000.0,23209.73,0.0418,28871.01,0.694,0.281,0.837,0.3654,0,6005.88,54000.0,1,19,0.108,0
52440.38,25783.09,0.0,26657.3,0.0,34583.87,0.908,0.099,0.972,0.5083,0,6457.3,0.0,0,0,0.003,0
37443.37,24085.82,3000.0,10357.55,0.0801,15559.95,0.731,0.173,0.823,0.3567,0,5998.67,36000.0,0,0,0.4168,0
114291.56,61047.88,3000.0,50243.67,0.0262,22077.31,0.691,0.201,0.877,0.4659,0,14195.45,54000.0,0,0,0.0069,0
30738.31,17454.32,0.0,13283.99,0.0,47246.97,0.902,0.095,0.904,0.4322,0,8622.99,0.0,0,0,0.0056,0
49781.08,23693.32,5000.0,21087.76,0.1004,24537.41,0.931,0.125,0.893,0.524,0,6184.67,75000.0,0,0,0.0434,0
59366.54,24532.22,0.0,34834.32,0.0,36686.55,0.966,0.102,0.958,0.5868,0,6725.42,0.0,0,0,0.0011,0
37054.04,27905.37,14000.0,-4851.33,0.3778,3293.77,0.636,0.329,0.712,0.2469,4,7539.42,336000.0,1,14,1.0,1
45930.07,30981.57,4500.0,10448.5,0.098,16153.51,0.762,0.151,0.763,0.3255,0,3783.15,54000.0,0,0,0.4616,0
34252.53,25200.48,0.0,9052.05,0.0,7381.22,0.718,0.124,0.851,0.2643,0,5904.23,0.0,0,0,0.3053,1
37264.5,18415.82,2500.0,16348.68,0.0671,30098.81,0.96,0.125,0.938,0.5058,0,9087.04,37500.0,0,0,0.0239,0
30408.67,19172.09,3000.0,8236.57,0.0987,18989.45,0.879,0.236,0.803,0.3695,0,3814.9,36000.0,0,0,0.456,0
33768.18,21476.28,3000.0,9291.9,0.0888,7773.77,0.724,0.21,0.84,0.364,0,4478.46,36000.0,0,0,0.6444,1
27053.48,15768.96,0.0,11284.52,0.0,19949.1,0.809,0.235,0.808,0.4171,0,4975.98,0.0,0,0,0.2143,1
34640.2,28800.07,18000.0,-12159.87,0.5196,4908.53,0.58,0.332,0.503,0.1686,3,7203.92,432000.0,0,0,1.0,1
46578.55,27766.11,0.0,18812.44,0.0,29028.82,0.905,0.109,0.954,0.4039,0,8293.59,0.0,0,0,0.0107,0
40062.02,24408.65,4500.0,11153.37,0.1123,7032.96,0.864,0.248,0.794,0.3907,1,4293.7,54000.0,0,0,0.8623,1
34691.16,20651.8,1500.0,12539.36,0.0432,19550.75,0.751,0.187,0.811,0.4047,0,5462.09,18000.0,0,0,0.2492,0
42692.55,23956.62,0.0,18735.93,0.0,16028.82,0.917,0.058,0.927,0.4389,0,9204.54,0.0,0,0,0.0218,0
69266.7,33034.83,0.0,36231.87,0.0,34616.66,0.924,0.143,0.892,0.5231,0,8419.33,0.0,0,0,0.0023,0
18093.38,10534.76,1500.0,6058.62,0.0829,9367.01,0.894,0.184,0.872,0.4178,0,4253.0,18000.0,0,0,0.4592,1
42881.73,29260.59,0.0,13621.14,0.0,12627.89,0.771,0.183,0.819,0.3176,0,5444.01,0.0,0,0,0.2226,0
41424.89,17447.12,0.0,23977.77,0.0,22905.59,0.933,0.118,0.946,0.5788,0,6976.3,0.0,0,0,0.0105,0
28401.12,20615.41,1500.0,6285.71,0.0528,10830.98,0.746,0.175,0.874,0.2741,1,3661.34,18000.0,0,0,0.7158,1
45704.1,35678.54,14000.0,-3974.45,0.3063,5144.19,0.606,0.419,0.607,0.2194,3,7297.89,336000.0,0,0,1.0,1
115013.29,67427.73,6000.0,41585.56,0.0522,26122.88,0.833,0.188,0.927,0.4137,0,10626.86,108000.0,0,0,0.0066,0
58615.15,26634.71,0.0,31980.44,0.0,29143.92,0.978,0.147,0.92,0.5456,0,6729.03,0.0,0,0,0.0038,0
81762.07,53689.85,3000.0,25072.22,0.0367,29638.86,0.848,0.154,0.891,0.3433,0,12192.41,54000.0,0,0,0.0182,0
36435.02,27127.15,10000.0,-692.14,0.2745,1272.2,0.609,0.354,0.54,0.2555,1,5672.58,240000.0,1,32,0.9996,1
31276.23,17305.72,1500.0,12470.51,0.048,11101.02,0.82,0.124,0.79,0.4467,0,5504.84,18000.0,0,0,0.2767,1
28263.38,24693.2,18000.0,-14429.82,0.6369,2239.09,0.584,0.263,0.51,0.1263,2,5571.58,432000.0,0,0,1.0,1
60661.49,31402.66,0.0,29258.83,0.0,29624.29,0.978,0.104,0.908,0.4823,0,6357.46,0.0,1,5,0.0038,0
60513.59,34279.29,5000.0,21234.29,0.0826,23971.79,0.918,0.073,0.962,0.4335,0,5476.8,75000.0,0,0,0.0201,0
43418.88,24325.81,1500.0,17593.07,0.0345,8899.86,0.788,0.15,0.817,0.4397,0,3484.1,18000.0,0,0,0.2199,0
71126.63,30639.93,0.0,40486.7,0.0,37143.19,0.921,0.086,0.921,0.5692,0,5283.4,0.0,0,0,0.0008,0
47813.81,25260.08,0.0,22553.73,0.0,36082.46,0.971,0.14,0.91,0.4717,0,7056.52,0.0,0,0,0.0056,0
97912.93,65099.38,6000.0,26813.55,0.0613,32783.97,0.681,0.261,0.854,0.3351,0,8435.8,108000.0,0,0,0.0623,0
40929.54,35740.5,6000.0,-810.97,0.1466,5744.43,0.594,0.405,0.603,0.1268,2,5321.14,144000.0,1,31,0.9993,1
39481.4,28215.57,1500.0,9765.84,0.038,13701.78,0.856,0.102,0.889,0.2853,0,5669.74,18000.0,0,0,0.1469,0
22476.84,19174.37,6000.0,-2697.54,0.2669,1984.51,0.673,0.276,0.531,0.1469,4,6695.36,144000.0,1,15,1.0,1
126680.6,80633.03,6000.0,40047.58,0.0474,37185.91,0.736,0.191,0.915,0.3635,0,12231.19,108000.0,0,0,0.0048,0
49876.72,20548.64,0.0,29328.08,0.0,37099.29,0.948,0.135,0.884,0.588,0,6706.59,0.0,0,0,0.0033,0
27820.9,19550.76,6000.0,2270.14,0.2157,500.0,0.552,0.257,0.658,0.2973,2,6192.58,144000.0,0,0,0.9991,1
39752.88,22264.93,3000.0,14487.96,0.0755,12308.58,0.815,0.185,0.835,0.4399,0,3269.63,36000.0,0,0,0.3149,1
71425.73,34378.5,0.0,37047.23,0.0,27604.93,0.957,0.079,0.933,0.5187,0,9501.32,0.0,0,0,0.0017,0
94190.5,52668.01,3000.0,38522.48,0.0319,26184.72,0.704,0.183,0.899,0.4408,0,11341.15,54000.0,0,0,0.0121,0
114125.8,69766.89,6000.0,38358.91,0.0526,15035.25,0.677,0.164,0.925,0.3887,1,11848.09,108000.0,0,0,0.0801,0
75221.11,31866.95,0.0,43354.16,0.0,37211.35,0.957,0.086,0.905,0.5764,0,7701.5,0.0,1,11,0.0006,0
49074.45,25016.91,0.0,24057.55,0.0,30300.31,0.949,0.089,0.904,0.4902,0,6574.59,0.0,0,0,0.0059,0
37747.9,24776.75,3000.0,9971.15,0.0795,13098.97,0.899,0.187,0.888,0.3436,0,3917.23,36000.0,0,0,0.2877,0
80089.34,37085.2,0.0,43004.14,0.0,41418.53,0.951,0.063,0.938,0.537,0,8503.06,0.0,0,0,0.0003,0
49611.88,40871.98,6000.0,2739.9,0.1209,2999.53,0.505,0.321,0.611,0.1762,2,7399.84,144000.0,0,0,0.9987,1
58437.49,38467.93,0.0,19969.56,0.0,9431.22,0.711,0.116,0.85,0.3417,0,3701.22,0.0,0,0,0.1191,0
91562.96,41245.67,0.0,50317.29,0.0,29805.31,0.949,0.14,0.961,0.5495,0,8651.11,0.0,0,0,0.0006,0
41512.64,22431.26,2500.0,16581.38,0.0602,28510.31,0.929,0.141,0.882,0.4597,0,5284.41,37500.0,0,0,0.0393,0
115592.76,66949.87,10000.0,38642.88,0.0865,15601.27,0.741,0.212,0.94,0.4208,0,7084.03,180000.0,0,0,0.0375,0
26061.89,20011.91,10000.0,-3950.02,0.3837,2751.55,0.532,0.415,0.749,0.2321,2,5418.91,240000.0,0,0,0.9999,1
36293.36,22772.45,1500.0,12020.91,0.0413,15839.83,0.788,0.197,0.76,0.3725,0,5821.51,18000.0,0,0,0.3544,0
98668.74,50947.34,0.0,47721.4,0.0,24577.18,0.927,0.063,0.919,0.4837,0,8671.83,0.0,0,0,0.0009,0
55320.45,40073.17,1500.0,13747.28,0.0271,16762.19,0.769,0.22,0.842,0.2756,0,4697.55,18000.0,0,0,0.2374,0
16230.04,11826.73,6000.0,-1596.69,0.3697,1795.76,0.587,0.399,0.52,0.2713,4,7020.53,144000.0,1,30,1.0,1
56171.6,40203.73,3000.0,12967.87,0.0534,10382.41,0.755,0.241,0.771,0.2843,0,5912.82,36000.0,0,0,0.5421,1
41487.8,27636.23,4500.0,9351.57,0.1085,2000.0,0.834,0.172,0.888,0.3339,1,3066.2,54000.0,0,0,0.8112,1
25250.66,19896.79,14000.0,-8646.13,0.5544,2395.39,0.576,0.264,0.65,0.212,4,5532.86,336000.0,0,0,1.0,1
66887.61,31478.69,2500.0,32908.93,0.0374,42083.48,0.944,0.133,0.943,0.5294,0,7992.81,37500.0,0,0,0.0018,0
54724.35,40720.25,14000.0,4.1,0.2558,4333.56,0.614,0.296,0.515,0.2559,2,7054.77,336000.0,1,12,0.9997,1
82212.28,43792.29,3000.0,35419.99,0.0365,18560.27,0.69,0.208,0.808,0.4673,0,10605.37,54000.0,0,0,0.0547,1
59033.46,29583.99,0.0,29449.47,0.0,31891.11,0.906,0.107,0.937,0.4989,0,7789.37,0.0,1,1,0.0035,0
54829.38,30656.04,4500.0,19673.34,0.0821,14385.59,0.868,0.144,0.763,0.4409,0,3380.83,54000.0,0,0,0.195,0
24899.16,15478.01,4500.0,4921.15,0.1807,12478.4,0.837,0.242,0.774,0.3784,0,4664.2,54000.0,0,0,0.8493,0
29091.85,18849.45,1500.0,8742.4,0.0516,19080.67,0.705,0.15,0.78,0.3521,0,5870.16,18000.0,0,0,0.3605,1
48261.13,23099.2,0.0,25161.93,0.0,41342.95,0.908,0.068,0.96,0.5214,0,7734.64,0.0,0,0,0.0018,0
30168.5,23229.37,14000.0,-7060.87,0.4641,2464.99,0.699,0.31,0.719,0.23,3,4898.63,336000.0,0,0,1.0,1
53038.65,28968.34,0.0,24070.31,0.0,40779.02,0.946,0.133,0.96,0.4538,0,5298.09,0.0,0,0,0.0028,0
48236.15,30415.2,1500.0,16320.95,0.0311,3132.72,0.899,0.12,0.865,0.3695,0,3399.03,18000.0,0,0,0.1739,0
33345.74,22803.28,1500.0,9042.46,0.045,7304.48,0.784,0.154,0.851,0.3162,0,3484.37,18000.0,0,0,0.4031,0
93437.65,41301.45,2500.0,49636.21,0.0268,45944.42,0.902,0.085,0.958,0.558,0,6305.81,37500.0,0,0,0.0002,0
71854.21,37509.45,0.0,34344.76,0.0,38280.66,0.911,0.076,0.922,0.478,0,7568.54,0.0,0,0,0.0012,0
23279.38,16223.9,0.0,7055.48,0.0,11870.88,0.817,0.241,0.78,0.3031,0,3274.27,0.0,0,0,0.4588,0
30000.0,15128.26,5000.0,9871.74,0.1667,41945.92,0.916,0.052,0.966,0.4957,0,9453.29,75000.0,0,0,0.0299,0
123969.95,84622.92,6000.0,33347.03,0.0484,21490.03,0.686,0.19,0.83,0.3174,0,8757.74,108000.0,0,0,0.0487,0
90805.51,37803.7,0.0,53001.82,0.0,17771.05,0.914,0.102,0.901,0.5837,0,7001.56,0.0,1,1,0.0013,0
78025.69,45766.01,0.0,32259.68,0.0,36041.21,0.912,0.139,0.926,0.4134,0,8315.14,0.0,0,0,0.0026,0
38494.97,27325.43,6000.0,5169.54,0.1559,2454.12,0.679,0.314,0.555,0.2902,1,7436.45,144000.0,1,26,0.9954,1
44334.37,27155.67,1500.0,15678.7,0.0338,15143.25,0.742,0.246,0.86,0.3875,1,3910.16,18000.0,0,0,0.5264,1
104002.96,72087.34,6000.0,25915.62,0.0577,33435.3,0.676,0.251,0.909,0.3069,0,7861.36,108000.0,0,0,0.0457,0
53182.14,37176.6,0.0,16005.54,0.0,8208.43,0.781,0.14,0.784,0.301,0,5727.76,0.0,0,0,0.2169,0
68323.19,38891.26,0.0,29431.93,0.0,32668.18,0.977,0.088,0.914,0.4308,0,7430.87,0.0,0,0,0.0026,0
45921.91,33297.87,1500.0,11124.04,0.0327,9652.14,0.872,0.229,0.88,0.2749,0,5070.97,18000.0,0,0,0.3063,0
20656.04,16527.22,14000.0,-9871.19,0.6778,4844.66,0.602,0.28,0.578,0.1999,3,7445.67,336000.0,0,0,1.0,1
43927.35,37354.28,14000.0,-7426.93,0.3187,1113.2,0.689,0.328,0.715,0.1496,1,6820.16,336000.0,1,26,0.9994,1
37482.49,21017.44,3000.0,13465.05,0.08,12291.5,0.795,0.227,0.815,0.4393,0,5509.33,36000.0,0,0,0.4506,1
71046.42,35681.13,2500.0,32865.29,0.0352,21494.65,0.937,0.133,0.963,0.4978,0,5527.01,37500.0,1,8,0.0073,0
106804.93,68897.11,3000.0,34907.81,0.0281,22479.31,0.732,0.283,0.807,0.3549,1,12112.46,54000.0,1,8,0.1527,0
36877.0,26002.01,1500.0,9374.99,0.0407,13230.45,0.728,0.102,0.843,0.2949,1,4107.41,18000.0,0,0,0.5209,0
66215.14,32321.79,5000.0,28893.35,0.0755,8674.04,0.94,0.101,0.894,0.5119,1,6249.86,75000.0,0,0,0.1206,0
46164.31,26980.19,10000.0,9184.11,0.2166,38966.97,0.689,0.273,0.897,0.4156,0,10122.26,180000.0,0,0,0.4538,0
35000.0,21672.35,15000.0,-1672.35,0.4286,26160.51,0.737,0.288,0.852,0.3808,0,7838.18,270000.0,0,0,0.9819,1
41830.55,24410.76,0.0,17419.79,0.0,14718.3,0.714,0.209,0.908,0.4164,0,3357.42,0.0,0,0,0.1362,0
43497.54,22804.28,2500.0,18193.25,0.0575,15103.63,0.909,0.054,0.979,0.4757,0,5269.15,37500.0,0,0,0.0328,0
48022.74,29690.01,1500.0,16832.73,0.0312,10207.1,0.835,0.176,0.896,0.3818,0,3029.73,18000.0,0,0,0.1539,0
91933.96,54852.07,15000.0,22081.89,0.1632,24821.77,0.801,0.187,0.881,0.4034,2,13717.78,270000.0,0,0,0.6214,1
49471.17,32837.67,6000.0,10633.5,0.1213,20862.9,0.816,0.15,0.846,0.3362,0,8102.11,108000.0,0,0,0.2918,0
23831.45,15096.72,1500.0,7234.73,0.0629,13886.17,0.875,0.236,0.834,0.3665,0,3320.4,18000.0,0,0,0.4488,0
30496.8,23165.77,10000.0,-2668.97,0.3279,2509.96,0.533,0.446,0.531,0.2404,2,4495.38,240000.0,0,0,1.0,1
36850.01,29808.94,6000.0,1041.07,0.1628,2298.27,0.691,0.312,0.715,0.1911,1,7415.77,144000.0,0,0,0.9932,1
59534.97,27197.77,0.0,32337.2,0.0,32120.93,0.93,0.089,0.934,0.5432,0,8456.23,0.0,0,0,0.0022,0
49566.92,34592.45,1500.0,13474.47,0.0303,12065.26,0.731,0.182,0.765,0.3021,0,4240.55,18000.0,0,0,0.3766,0
36926.75,20628.02,0.0,16298.73,0.0,13648.44,0.778,0.242,0.774,0.4414,0,3326.05,0.0,0,0,0.2724,0
45147.8,34696.91,14000.0,-3549.11,0.3101,2151.73,0.538,0.287,0.735,0.2315,4,7549.88,336000.0,1,30,1.0,1
28004.84,18962.89,1500.0,7541.95,0.0536,7568.07,0.73,0.189,0.888,0.3229,0,3396.81,18000.0,0,0,0.5068,1
31749.63,21544.0,1500.0,8705.63,0.0472,7900.03,0.839,0.154,0.89,0.3214,0,4407.12,18000.0,0,0,0.319,1
76801.45,48905.17,3000.0,24896.28,0.0391,31408.65,0.788,0.197,0.808,0.3632,0,8167.23,54000.0,0,0,0.0397,0
34384.41,19528.69,4500.0,10355.72,0.1309,8842.65,0.701,0.173,0.771,0.432,0,5778.18,54000.0,0,0,0.7334,1
40556.2,29480.13,1500.0,9576.07,0.037,18614.47,0.807,0.129,0.778,0.2731,0,3983.51,18000.0,0,0,0.2286,1
50909.43,30057.56,2500.0,18351.87,0.0491,41918.99,0.948,0.138,0.885,0.4096,0,7325.18,37500.0,0,0,0.0105,0
81422.11,46282.48,15000.0,20139.62,0.1842,31296.25,0.739,0.223,0.853,0.4316,1,11120.6,270000.0,1,20,0.471,0
47209.04,29394.76,3000.0,14814.28,0.0635,11123.87,0.888,0.193,0.876,0.3773,0,5535.12,36000.0,0,0,0.2263,0
60133.59,32156.51,0.0,27977.08,0.0,24309.73,0.96,0.086,0.943,0.4652,0,8746.85,0.0,0,0,0.005,0
46075.77,29788.92,0.0,16286.85,0.0,8620.23,0.893,0.207,0.913,0.3535,0,4425.3,0.0,0,0,0.1284,0
50555.03,37938.24,10000.0,2616.79,0.1978,3336.35,0.525,0.301,0.5,0.2496,1,7909.14,240000.0,0,0,0.9987,1
89537.83,47511.36,10000.0,32026.47,0.1117,34719.79,0.77,0.26,0.915,0.4694,2,11162.07,180000.0,0,0,0.2242,1
56758.41,31963.45,2500.0,22294.96,0.044,22274.31,0.931,0.097,0.965,0.4369,0,9348.25,37500.0,0,0,0.0157,0
76776.4,44996.29,3000.0,28780.11,0.0391,27874.42,0.791,0.23,0.895,0.4139,0,7905.71,54000.0,0,0,0.0288,0
46934.67,32074.47,1500.0,13360.2,0.032,12745.66,0.891,0.208,0.908,0.3166,0,3776.71,18000.0,0,0,0.1686,0
33134.19,20230.24,1500.0,11403.94,0.0453,13452.46,0.813,0.19,0.778,0.3894,0,4851.58,18000.0,0,0,0.3666,0
35556.69,30310.03,10000.0,-4753.34,0.2812,3287.37,0.538,0.417,0.656,0.1476,2,5959.14,240000.0,1,16,0.9999,1
70297.24,30730.82,0.0,39566.42,0.0,24518.0,0.935,0.116,0.924,0.5628,0,7790.86,0.0,0,0,0.0025,0
32046.01,24533.68,14000.0,-6487.67,0.4369,4229.83,0.507,0.369,0.584,0.2344,4,4048.01,336000.0,1,28,1.0,1
97861.49,43775.59,0.0,54085.9,0.0,33770.92,0.934,0.057,0.891,0.5527,0,6199.1,0.0,0,0,0.0003,0
47225.1,19234.42,0.0,27990.69,0.0,31986.8,0.967,0.062,0.885,0.5927,0,9219.97,0.0,0,0,0.0032,0
61083.47,31489.91,2500.0,27093.56,0.0409,24479.42,0.927,0.082,0.891,0.4845,0,5497.47,37500.0,0,0,0.0112,0
47985.38,36326.91,14000.0,-2341.53,0.2918,4203.19,0.591,0.371,0.689,0.243,1,5272.16,336000.0,1,7,0.9993,1
65071.38,33139.65,0.0,31931.74,0.0,37658.78,0.927,0.135,0.936,0.4907,0,5497.9,0.0,0,0,0.0021,0
45700.44,32718.91,14000.0,-1018.47,0.3063,550.68,0.687,0.394,0.532,0.2841,2,7065.39,336000.0,0,0,0.9999,1
39499.0,32574.87,6000.0,924.13,0.1519,3418.9,0.562,0.3,0.727,0.1753,3,6705.59,144000.0,0,0,0.9993,1
36694.19,21838.84,1500.0,13355.35,0.0409,18479.3,0.708,0.149,0.83,0.4048,0,5953.96,18000.0,0,0,0.2097,1
35679.7,25111.81,1500.0,9067.89,0.042,10553.47,0.813,0.103,0.756,0.2962,0,5449.97,18000.0,0,0,0.3522,0
32797.57,28948.64,10000.0,-6151.07,0.3049,1711.15,0.666,0.283,0.734,0.1174,3,7765.34,240000.0,1,16,0.9999,1
22886.65,19228.48,14000.0,-10341.84,0.6117,1171.93,0.686,0.301,0.699,0.1598,3,4255.18,336000.0,0,0,1.0,1
48808.58,36378.19,1500.0,10930.4,0.0307,15544.76,0.86,0.165,0.898,0.2547,0,5843.06,18000.0,0,0,0.1519,1
47168.24,29657.08,1500.0,16011.16,0.0318,8890.51,0.789,0.211,0.789,0.3712,0,3899.79,18000.0,0,0,0.352,0
55178.08,26485.29,0.0,28692.79,0.0,19601.93,0.947,0.138,0.895,0.52,0,8323.7,0.0,0,0,0.0122,0
88403.44,44331.73,10000.0,34071.71,0.1131,4034.63,0.782,0.156,0.855,0.4985,2,9786.63,180000.0,0,0,0.6014,0
38188.86,32825.65,18000.0,-12636.79,0.4713,5457.54,0.591,0.369,0.597,0.1404,4,6788.67,432000.0,0,0,1.0,1
24341.9,19715.56,10000.0,-5373.66,0.4108,2948.22,0.676,0.301,0.707,0.1901,2,4218.44,240000.0,1,21,0.9999,1
47169.43,28819.61,0.0,18349.82,0.0,11608.05,0.726,0.145,0.883,0.389,0,3682.44,0.0,0,0,0.1154,0
41678.24,25782.38,4500.0,11395.86,0.108,11300.72,0.797,0.127,0.901,0.3814,0,5129.01,54000.0,0,0,0.3199,0
22278.48,16416.12,6000.0,-137.65,0.2693,4473.48,0.504,0.444,0.534,0.2631,2,6423.59,144000.0,0,0,0.9999,1
41166.39,26205.21,1500.0,13461.18,0.0364,13054.2,0.795,0.158,0.901,0.3634,0,4007.45,18000.0,0,0,0.1729,0
30000.0,13672.17,5000.0,11327.83,0.1667,35711.79,0.911,0.108,0.908,0.5443,0,7024.84,75000.0,1,1,0.0769,0
69410.96,31356.99,0.0,38053.97,0.0,5000.0,0.907,0.08,0.977,0.5482,0,6674.39,0.0,0,0,0.0078,0
28795.37,21640.48,10000.0,-2845.11,0.3473,3037.15,0.639,0.433,0.749,0.2485,1,6152.88,240000.0,1,18,0.9996,1
58092.32,34591.2,1500.0,22001.12,0.0258,11837.8,0.839,0.177,0.918,0.4045,0,4112.92,18000.0,0,0,0.078,0
75092.09,42756.82,6000.0,26335.27,0.0799,15952.8,0.806,0.223,0.919,0.4306,0,9078.62,108000.0,1,8,0.0965,0
24263.5,13389.02,1500.0,9374.48,0.0618,12129.32,0.802,0.167,0.914,0.4482,0,5590.29,18000.0,0,0,0.2886,1
46456.13,30968.64,3000.0,12487.49,0.0646,12795.18,0.774,0.114,0.828,0.3334,0,5601.18,36000.0,0,0,0.2628,1
31997.11,23329.45,4500.0,4167.66,0.1406,7014.94,0.789,0.148,0.839,0.2709,0,3820.42,54000.0,0,0,0.7347,1
45663.76,25714.48,6000.0,13949.28,0.1314,15231.38,0.714,0.179,0.846,0.4369,2,9700.02,108000.0,0,0,0.8848,1
79390.72,41399.47,0.0,37991.25,0.0,39731.02,0.954,0.056,0.94,0.4785,0,6054.85,0.0,1,1,0.0006,0
47898.58,25230.85,15000.0,7667.73,0.3132,23332.25,0.665,0.18,0.852,0.4732,0,10903.21,270000.0,0,0,0.8507,0
32037.41,20254.98,3000.0,8782.44,0.0936,9281.07,0.743,0.155,0.816,0.3678,1,5864.0,36000.0,0,0,0.7988,1
56570.53,34009.36,10000.0,12561.17,0.1768,17857.36,0.822,0.277,0.854,0.3988,0,8815.51,180000.0,0,0,0.6151,1
84503.16,47818.3,10000.0,26684.86,0.1183,24141.88,0.803,0.196,0.922,0.4341,0,10016.94,180000.0,1,17,0.0646,0
38813.62,31902.33,18000.0,-11088.71,0.4638,1269.46,0.531,0.438,0.642,0.1781,1,5897.74,432000.0,0,0,1.0,1
64553.03,33977.13,2500.0,28075.9,0.0387,39553.24,0.904,0.073,0.929,0.4737,0,5908.82,37500.0,0,0,0.0028,0
36007.43,20763.93,4500.0,10743.5,0.125,5308.42,0.874,0.206,0.768,0.4233,0,5423.87,54000.0,0,0,0.7,0
92685.09,61808.44,6000.0,24876.65,0.0647,18403.1,0.779,0.219,0.879,0.3331,0,11750.67,108000.0,0,0,0.1027,0
67942.99,28990.14,2500.0,36452.85,0.0368,11916.44,0.964,0.066,0.89,0.5733,0,9385.64,37500.0,0,0,0.0092,0
66429.2,38103.78,5000.0,23325.42,0.0753,22235.01,0.95,0.058,0.891,0.4264,0,6287.4,75000.0,0,0,0.0205,1
42607.24,28635.27,3000.0,10971.97,0.0704,11402.27,0.842,0.117,0.875,0.3279,0,4917.32,36000.0,0,0,0.2367,1
40567.01,22511.81,1500.0,16555.21,0.037,11341.76,0.845,0.225,0.916,0.4451,1,3195.83,18000.0,0,0,0.3969,0
118259.54,62165.49,10000.0,46094.05,0.0846,35568.49,0.846,0.287,0.866,0.4743,0,9260.64,180000.0,1,17,0.0075,0
60435.52,29843.36,5000.0,25592.16,0.0827,23652.68,0.951,0.081,0.933,0.5062,0,9862.84,75000.0,0,0,0.0152,0
82545.52,43951.07,2500.0,36094.45,0.0303,19139.45,0.921,0.082,0.893,0.4676,0,5198.99,37500.0,0,0,0.0066,0
30738.68,24340.76,6000.0,397.93,0.1952,4450.97,0.634,0.455,0.561,0.2081,2,7355.36,144000.0,1,13,0.9997,1
58812.48,27552.41,2500.0,28760.07,0.0425,41789.48,0.907,0.126,0.938,0.5315,0,5941.16,37500.0,0,0,0.0031,0
47197.38,26123.73,0.0,21073.65,0.0,13186.31,0.815,0.223,0.806,0.4465,0,4789.04,0.0,0,0,0.1427,0
47508.77,33177.13,1500.0,12831.65,0.0316,19397.45,0.741,0.153,0.771,0.3017,0,5028.59,18000.0,0,0,0.2279,0
33074.44,24369.92,6000.0,2704.52,0.1814,3581.06,0.663,0.395,0.655,0.2632,3,6813.11,144000.0,1,7,0.9997,1
73470.76,46146.21,6000.0,21324.55,0.0817,31052.52,0.842,0.155,0.887,0.3719,0,12409.98,108000.0,0,0,0.037,0
44911.57,26603.05,0.0,18308.52,0.0,11953.11,0.852,0.175,0.905,0.4077,0,4937.78,0.0,0,0,0.0847,0
41774.9,27936.42,3000.0,10838.48,0.0718,8468.14,0.762,0.167,0.819,0.3313,1,3876.75,36000.0,0,0,0.7383,1
44948.08,26989.73,4500.0,13458.35,0.1001,4177.22,0.753,0.234,0.768,0.3995,0,5720.96,54000.0,0,0,0.7332,1
37606.36,27796.48,1500.0,8309.88,0.0399,13956.34,0.76,0.128,0.802,0.2609,0,3431.6,18000.0,0,0,0.3304,1
48868.66,28259.61,0.0,20609.05,0.0,10583.28,0.829,0.13,0.767,0.4217,0,5771.19,0.0,0,0,0.1176,0
118666.09,72084.32,10000.0,36581.76,0.0843,14910.31,0.787,0.244,0.84,0.3925,0,10100.1,180000.0,1,14,0.0785,0
112262.12,78133.43,15000.0,19128.68,0.1336,34599.0,0.787,0.187,0.92,0.304,0,13026.29,270000.0,1,11,0.0699,0
36164.85,16710.84,2500.0,16954.01,0.0691,10667.1,0.975,0.144,0.897,0.5379,0,8687.16,37500.0,0,0,0.1145,0
41284.4,27934.5,3000.0,10349.9,0.0727,11075.72,0.751,0.208,0.755,0.3234,0,4880.26,36000.0,0,0,0.605,1
33698.83,22930.58,1500.0,9268.25,0.0445,14621.62,0.819,0.116,0.753,0.3195,0,3808.89,18000.0,0,0,0.3057,1
106311.72,73683.56,15000.0,17628.16,0.1411,15166.53,0.751,0.269,0.82,0.3069,2,14679.18,270000.0,0,0,0.9167,0
35721.93,25476.57,1500.0,8745.37,0.042,10004.94,0.718,0.151,0.917,0.2868,0,4248.48,18000.0,0,0,0.325,0
35290.53,19809.46,0.0,15481.07,0.0,11311.42,0.816,0.239,0.834,0.4387,0,4337.66,0.0,0,0,0.2348,1
65760.94,37631.25,10000.0,18129.69,0.1521,29378.42,0.664,0.204,0.88,0.4278,2,10270.8,180000.0,1,12,0.7265,1
108162.05,62970.7,10000.0,35191.35,0.0925,26829.3,0.776,0.213,0.822,0.4178,0,6150.04,180000.0,1,7,0.0391,0
30994.21,20183.71,0.0,10810.5,0.0,16593.78,0.892,0.228,0.897,0.3488,0,5287.08,0.0,0,0,0.1451,0
28630.27,18712.83,0.0,9917.44,0.0,21095.76,0.785,0.208,0.825,0.3464,0,3699.06,0.0,0,0,0.1913,0
51099.09,27968.78,10000.0,13130.3,0.1957,28316.75,0.816,0.212,0.839,0.4527,1,12023.41,180000.0,0,0,0.6476,1
69848.35,32950.85,5000.0,31897.49,0.0716,17796.79,0.938,0.099,0.937,0.5283,0,9004.09,75000.0,0,0,0.0135,0
79162.19,42625.92,6000.0,30536.27,0.0758,46105.4,0.699,0.287,0.85,0.4615,1,10797.5,108000.0,1,14,0.0657,0
31602.96,21319.07,1500.0,8783.89,0.0475,11009.14,0.856,0.133,0.778,0.3254,0,5779.76,18000.0,0,0,0.3505,0
98965.66,51149.67,15000.0,32815.99,0.1516,4022.25,0.783,0.193,0.888,0.4832,0,14692.53,270000.0,0,0,0.2273,0
74341.74,41286.75,2500.0,30554.99,0.0336,20373.49,0.949,0.139,0.888,0.4446,0,6241.44,37500.0,1,5,0.014,0
59073.35,32360.35,3000.0,23713.0,0.0508,30322.95,0.732,0.185,0.803,0.4522,1,14690.49,54000.0,0,0,0.1605,0
35647.21,20744.3,3000.0,11902.91,0.0842,13083.35,0.823,0.107,0.856,0.4181,0,4106.18,36000.0,0,0,0.2401,0
75039.1,51734.25,6000.0,17304.85,0.08,34946.5,0.804,0.223,0.935,0.3106,1,6786.75,108000.0,1,20,0.1459,0
99157.66,66438.27,3000.0,29719.4,0.0303,20559.09,0.84,0.157,0.822,0.33,0,11182.13,54000.0,1,3,0.0316,0
32376.26,28700.05,14000.0,-10323.78,0.4324,2589.75,0.665,0.253,0.636,0.1135,2,5995.87,336000.0,0,0,0.9999,1
124816.75,74522.85,3000.0,47293.9,0.024,25154.75,0.78,0.176,0.931,0.4029,0,7414.83,54000.0,1,13,0.0034,0
27079.83,19246.68,3000.0,4833.15,0.1108,14805.98,0.896,0.175,0.827,0.2893,0,3397.41,36000.0,0,0,0.4967,1
48976.09,23684.68,5000.0,20291.41,0.1021,30978.13,0.968,0.06,0.889,0.5164,0,9373.83,75000.0,0,0,0.018,0
91267.31,52133.12,10000.0,29134.19,0.1096,18504.21,0.697,0.246,0.835,0.4288,0,13863.1,180000.0,0,0,0.188,0
22055.71,17324.95,6000.0,-1269.23,0.272,3374.32,0.64,0.44,0.526,0.2145,2,7258.5,144000.0,1,21,0.9999,1
15000.0,13044.61,10000.0,-8044.61,0.6667,4173.94,0.594,0.373,0.712,0.1304,3,5614.08,240000.0,0,0,1.0,1
39420.47,22027.8,0.0,17392.67,0.0,34186.48,0.927,0.061,0.904,0.4412,0,6525.5,0.0,0,0,0.0074,0
69292.77,35363.04,0.0,33929.73,0.0,10506.28,0.936,0.147,0.918,0.4897,0,6217.34,0.0,0,0,0.0143,0
101556.25,51207.71,6000.0,44348.55,0.0591,17557.55,0.805,0.201,0.885,0.4958,0,12677.96,108000.0,0,0,0.015,0
35073.46,27024.3,14000.0,-5950.85,0.3992,2628.37,0.564,0.476,0.532,0.2295,1,5972.12,336000.0,0,0,1.0,1
43441.72,28626.57,0.0,14815.15,0.0,11204.6,0.84,0.199,0.918,0.341,0,5016.18,0.0,0,0,0.133,0
38404.29,23427.13,0.0,14977.16,0.0,17959.21,0.757,0.156,0.879,0.39,0,3232.45,0.0,0,0,0.0999,0
36412.12,26822.58,1500.0,8089.55,0.0412,8472.41,0.86,0.17,0.811,0.2634,0,5627.8,18000.0,0,0,0.4092,0
86180.7,51490.81,10000.0,24689.89,0.116,14772.64,0.839,0.237,0.881,0.4025,0,6566.17,180000.0,0,0,0.1871,0
44965.97,25954.87,3000.0,16011.11,0.0667,15795.25,0.731,0.145,0.792,0.4228,0,3763.99,36000.0,0,0,0.2629,0
64863.75,26671.02,0.0,38192.73,0.0,29636.69,0.904,0.113,0.885,0.5888,0,7559.69,0.0,0,0,0.0025,0
55203.39,25601.31,2500.0,27102.07,0.0453,25066.09,0.917,0.062,0.977,0.5362,0,9013.49,37500.0,0,0,0.0066,0
45950.26,32466.11,4500.0,8984.14,0.0979,17495.66,0.838,0.123,0.791,0.2935,0,3627.92,54000.0,0,0,0.3344,1
31825.82,23360.41,1500.0,6965.41,0.0471,18438.08,0.718,0.242,0.794,0.266,0,4206.78,18000.0,0,0,0.5202,1
29486.24,18582.05,1500.0,9404.19,0.0509,11960.62,0.855,0.22,0.776,0.3698,0,4120.06,18000.0,0,0,0.4678,1
43156.15,25379.11,1500.0,16277.04,0.0348,15712.98,0.721,0.194,0.771,0.4119,1,5342.05,18000.0,0,0,0.5489,0
74406.73,38008.44,0.0,36398.3,0.0,31579.74,0.93,0.134,0.944,0.4892,0,9334.11,0.0,1,11,0.002,0
51309.86,35987.99,1500.0,13821.88,0.0292,13220.97,0.733,0.22,0.872,0.2986,0,4391.43,18000.0,0,0,0.2831,1
46772.38,31520.68,1500.0,13751.7,0.0321,3234.98,0.867,0.132,0.77,0.3261,0,3469.84,18000.0,0,0,0.3411,1
32031.48,28709.31,6000.0,-2677.83,0.1873,4844.99,0.561,0.41,0.588,0.1037,4,4262.5,144000.0,1,23,1.0,1
66505.72,44474.78,3000.0,19030.94,0.0451,14323.12,0.815,0.234,0.914,0.3313,0,7867.6,54000.0,0,0,0.152,0
36794.42,29083.89,6000.0,1710.53,0.1631,2895.37,0.578,0.488,0.58,0.2096,3,7525.0,144000.0,0,0,0.9999,1
30484.29,21539.74,1500.0,7444.56,0.0492,16476.98,0.797,0.217,0.815,0.2934,0,4128.57,18000.0,0,0,0.4197,1
82677.04,39052.8,2500.0,41124.24,0.0302,31158.25,0.954,0.077,0.908,0.5276,0,8617.67,37500.0,0,0,0.0014,0
63261.6,31751.11,2500.0,29010.49,0.0395,26647.93,0.929,0.058,0.899,0.4981,0,7043.5,37500.0,0,0,0.0065,0
43691.28,26154.69,3000.0,14536.59,0.0687,24451.64,0.734,0.128,0.828,0.4014,0,3742.39,36000.0,0,0,0.1406,0
77727.24,37584.36,0.0,40142.88,0.0,34877.75,0.922,0.148,0.94,0.5165,0,5036.79,0.0,0,0,0.0013,0
44298.58,32944.14,1500.0,9854.44,0.0339,12518.16,0.792,0.242,0.865,0.2563,0,4397.18,18000.0,0,0,0.3825,0
18227.52,12147.35,1500.0,4580.17,0.0823,5296.83,0.733,0.176,0.891,0.3336,0,4015.1,18000.0,0,0,0.6541,1
34324.87,27666.2,6000.0,658.66,0.1748,4352.24,0.549,0.365,0.657,0.194,2,6970.54,144000.0,0,0,0.9992,1
59444.21,32696.23,2500.0,24247.98,0.0421,21871.76,0.979,0.078,0.93,0.45,0,7203.02,37500.0,1,8,0.012,0
35416.6,25214.94,18000.0,-7798.33,0.5082,2593.03,0.566,0.329,0.628,0.288,4,4191.13,432000.0,0,0,1.0,1
19296.21,15146.73,10000.0,-5850.52,0.5182,2341.6,0.683,0.44,0.626,0.215,4,5861.11,240000.0,0,0,1.0,1
28568.61,21126.86,3000.0,4441.75,0.105,11121.32,0.754,0.189,0.873,0.2605,1,5644.91,36000.0,0,0,0.8395,1
67016.58,34214.7,0.0,32801.88,0.0,44780.72,0.91,0.103,0.907,0.4895,0,8614.2,0.0,0,0,0.0011,0
69378.73,34470.31,0.0,34908.42,0.0,30411.25,0.944,0.134,0.98,0.5032,0,6601.49,0.0,1,3,0.002,0
54504.19,25587.41,0.0,28916.78,0.0,28973.31,0.955,0.145,0.907,0.5305,0,5276.8,0.0,0,0,0.0058,0
46230.15,31413.57,4500.0,10316.58,0.0973,14006.74,0.843,0.239,0.838,0.3205,0,4584.53,54000.0,0,0,0.4856,0
34154.82,23037.94,0.0,11116.88,0.0,22157.53,0.739,0.174,0.912,0.3255,0,4273.12,0.0,0,0,0.1052,0
45439.3,26453.09,3000.0,15986.21,0.066,31534.7,0.843,0.17,0.856,0.4178,0,7996.02,54000.0,1,7,0.0625,0
35810.17,20302.69,3000.0,12507.48,0.0838,11942.92,0.854,0.237,0.895,0.433,0,3157.0,36000.0,0,0,0.3597,1
94815.85,57050.3,3000.0,34765.55,0.0316,28628.68,0.819,0.259,0.947,0.3983,0,8030.98,54000.0,0,0,0.0126,0
74377.52,49708.22,6000.0,18669.31,0.0807,33464.18,0.83,0.289,0.801,0.3317,0,8253.23,108000.0,1,21,0.1353,0
43667.36,24497.1,5000.0,14170.26,0.1145,34197.11,0.921,0.099,0.889,0.439,0,7513.92,75000.0,0,0,0.0414,0
66095.16,34179.85,0.0,31915.31,0.0,9253.6,0.961,0.121,0.917,0.4829,0,8774.66,0.0,1,3,0.0148,0
40479.16,23517.11,1500.0,15462.05,0.0371,6905.66,0.839,0.184,0.816,0.419,0,4686.33,18000.0,0,0,0.3022,0
39749.27,29176.27,0.0,10573.0,0.0,10214.72,0.774,0.185,0.9,0.266,1,5218.69,0.0,0,0,0.4752,0
30656.19,19746.89,0.0,10909.31,0.0,18924.68,0.738,0.219,0.827,0.3559,0,4152.06,0.0,0,0,0.2387,0
23535.66,17028.06,6000.0,507.6,0.2549,4388.51,0.684,0.395,0.633,0.2765,2,5464.11,144000.0,1,21,0.9996,1
38857.36,28650.08,1500.0,8707.28,0.0386,7685.95,0.874,0.215,0.792,0.2627,0,3305.54,18000.0,0,0,0.488,0
72152.48,43316.01,10000.0,18836.47,0.1386,15408.39,0.673,0.211,0.873,0.3997,0,13365.25,180000.0,0,0,0.4139,1
98287.24,62894.55,6000.0,29392.69,0.061,39678.56,0.678,0.25,0.879,0.3601,0,9041.99,108000.0,1,15,0.0255,0
50651.71,35903.3,1500.0,13248.41,0.0296,10761.36,0.879,0.14,0.82,0.2912,0,5688.77,18000.0,0,0,0.1938,0
74977.12,40162.72,3000.0,31814.4,0.04,31526.12,0.734,0.188,0.848,0.4643,0,8665.59,54000.0,0,0,0.0197,0
80788.11,46752.24,2500.0,31535.87,0.0309,22209.81,0.927,0.124,0.895,0.4213,0,6728.14,37500.0,1,3,0.0103,0
27313.1,18055.58,1500.0,7757.53,0.0549,14896.55,0.831,0.135,0.897,0.3389,0,5082.39,18000.0,0,0,0.2244,0
26236.08,17281.63,0.0,8954.46,0.0,6948.92,0.858,0.133,0.865,0.3413,0,4685.63,0.0,0,0,0.2233,0
54577.58,36117.9,3000.0,15459.68,0.055,35907.01,0.764,0.262,0.857,0.3382,0,10134.11,54000.0,1,22,0.0966,0
72444.84,30405.78,0.0,42039.06,0.0,32788.0,0.957,0.132,0.966,0.5803,0,5446.7,0.0,0,0,0.0009,0
45790.77,25876.61,3000.0,16914.16,0.0655,9012.61,0.786,0.189,0.765,0.4349,0,3269.1,36000.0,0,0,0.405,0
30198.19,22489.21,18000.0,-10291.02,0.5961,5057.21,0.569,0.29,0.641,0.2553,4,4015.32,432000.0,0,0,1.0,1
42841.98,34077.45,18000.0,-9235.47,0.4201,3315.45,0.636,0.269,0.748,0.2046,2,5149.61,432000.0,1,15,0.9999,1
40049.36,30030.67,0.0,10018.69,0.0,16773.24,0.756,0.124,0.778,0.2502,0,5378.52,0.0,0,0,0.2055,1
28528.14,20613.52,18000.0,-10085.39,0.631,4156.2,0.627,0.291,0.607,0.2774,1,6947.18,432000.0,0,0,1.0,1
30414.3,24221.34,10000.0,-3807.04,0.3288,2269.54,0.563,0.432,0.719,0.2036,4,7220.37,240000.0,1,22,1.0,1
64272.27,36209.88,6000.0,22062.39,0.0934,12161.96,0.707,0.294,0.847,0.4366,0,10741.35,108000.0,0,0,0.4286,1
36478.07,23223.77,3000.0,10254.3,0.0822,6010.21,0.848,0.164,0.807,0.3633,0,5321.99,36000.0,0,0,0.5088,1
29230.24,17453.76,4500.0,7276.48,0.154,11728.51,0.872,0.206,0.832,0.4029,0,5925.73,54000.0,0,0,0.6604,0
38087.36,28163.64,6000.0,3923.72,0.1575,2164.3,0.635,0.351,0.733,0.2606,1,6046.1,144000.0,1,33,0.9934,1
48808.13,28400.42,4500.0,15907.7,0.0922,5949.88,0.883,0.125,0.771,0.4181,0,5728.33,54000.0,0,0,0.3615,0
27354.36,18322.01,0.0,9032.35,0.0,3288.13,0.745,0.24,0.904,0.3302,0,3058.2,0.0,0,0,0.4704,0
26711.55,19550.64,1500.0,5660.9,0.0562,15212.62,0.714,0.236,0.913,0.2681,0,4597.08,18000.0,0,0,0.4749,0
28497.88,18968.6,4500.0,5029.28,0.1579,10410.71,0.801,0.112,0.855,0.3344,0,5567.78,54000.0,0,0,0.624,1
54102.02,29959.15,0.0,24142.88,0.0,24764.24,0.961,0.071,0.912,0.4462,0,9715.98,0.0,1,3,0.0072,0
62508.54,30761.48,5000.0,26747.06,0.08,18095.92,0.974,0.088,0.929,0.5079,0,9033.54,75000.0,0,0,0.0197,0
26346.55,15542.21,0.0,10804.34,0.0,10313.62,0.829,0.139,0.759,0.4101,0,5405.74,0.0,0,0,0.2699,0
15000.0,13433.56,6000.0,-4433.56,0.4,2211.81,0.543,0.323,0.543,0.1044,1,7643.34,144000.0,1,18,0.9999,1
51992.4,36806.02,10000.0,5186.38,0.1923,4709.96,0.63,0.425,0.66,0.2921,1,4374.08,240000.0,0,0,0.9973,1
37707.28,23131.6,3000.0,11575.68,0.0796,14638.6,0.8,0.147,0.888,0.3865,0,5019.02,36000.0,0,0,0.2485,0
50123.56,28936.36,0.0,21187.2,0.0,13526.94,0.876,0.103,0.878,0.4227,0,4340.32,0.0,0,0,0.0402,0
34141.49,22470.33,1500.0,10171.16,0.0439,16395.93,0.841,0.243,0.84,0.3418,0,5861.11,18000.0,0,0,0.3275,1
51328.07,29180.57,0.0,22147.5,0.0,26155.43,0.953,0.097,0.9,0.4315,0,5303.42,0.0,0,0,0.0101,0
85719.08,48481.42,2500.0,34737.65,0.0292,25933.32,0.903,0.069,0.934,0.4344,0,9174.78,37500.0,1,4,0.0036,0
43712.21,17756.5,5000.0,20955.72,0.1144,28957.62,0.919,0.074,0.888,0.5938,0,7898.69,75000.0,0,0,0.0283,0
43955.31,31109.81,6000.0,6845.51,0.1365,721.55,0.666,0.442,0.588,0.2922,1,6134.22,144000.0,0,0,0.9972,1
32654.91,23223.56,0.0,9431.35,0.0,8874.91,0.738,0.176,0.897,0.2888,0,3235.61,0.0,0,0,0.2843,1
66968.29,37727.17,5000.0,24241.12,0.0747,46181.92,0.963,0.11,0.929,0.4366,0,9921.61,75000.0,0,0,0.0037,0
28140.55,18774.13,1500.0,7866.42,0.0533,15809.85,0.789,0.225,0.795,0.3328,0,4613.08,18000.0,0,0,0.4763,0
72701.08,45744.2,3000.0,23956.88,0.0413,35624.46,0.837,0.207,0.909,0.3708,0,7846.68,54000.0,0,0,0.0182,0
39707.69,31637.47,10000.0,-1929.78,0.2518,3073.3,0.524,0.451,0.562,0.2032,3,7643.3,240000.0,1,21,1.0,1
73826.31,45786.44,3000.0,25039.86,0.0406,27698.9,0.75,0.173,0.827,0.3798,0,9891.93,54000.0,1,4,0.0456,0
66455.59,35054.06,2500.0,28901.54,0.0376,17256.15,0.959,0.084,0.957,0.4725,0,7420.92,37500.0,0,0,0.0102,0
47489.16,29061.92,0.0,18427.25,0.0,18161.3,0.718,0.238,0.867,0.388,0,4070.17,0.0,0,0,0.1408,0
68141.58,27381.54,0.0,40760.04,0.0,27233.28,0.977,0.111,0.906,0.5982,0,5140.96,0.0,0,0,0.0017,0
48198.13,42590.62,10000.0,-4392.49,0.2075,2072.74,0.538,0.379,0.727,0.1163,3,4263.32,240000.0,1,23,0.9999,1
32945.08,28856.35,10000.0,-5911.27,0.3035,1427.62,0.596,0.268,0.57,0.1241,1,7780.49,240000.0,0,0,0.9996,1
47900.48,23820.36,2500.0,21580.12,0.0522,34766.51,0.969,0.113,0.947,0.5027,0,9728.88,37500.0,0,0,0.0079,0
90116.71,58034.43,10000.0,22082.28,0.111,24111.89,0.694,0.216,0.893,0.356,0,6935.63,180000.0,1,21,0.1559,0
38598.89,24794.43,1500.0,12304.46,0.0389,17274.47,0.816,0.209,0.82,0.3576,0,5097.94,18000.0,0,0,0.2556,0
42956.79,23555.48,6000.0,13401.31,0.1397,22635.98,0.827,0.207,0.912,0.4516,0,10284.51,108000.0,1,19,0.2523,0
25303.73,15989.74,3000.0,6313.99,0.1186,12034.35,0.854,0.134,0.907,0.3681,0,4139.77,36000.0,0,0,0.4,0
79698.7,39632.65,2500.0,37566.05,0.0314,50700.26,0.914,0.131,0.934,0.5027,0,8830.79,37500.0,1,11,0.0007,0
62848.7,26554.95,5000.0,31293.75,0.0796,18791.88,0.915,0.075,0.921,0.5775,0,8973.31,75000.0,0,0,0.0143,0
38546.97,22337.62,1500.0,14709.36,0.0389,5014.13,0.813,0.207,0.909,0.4205,0,5838.23,18000.0,0,0,0.3002,0
34800.8,25370.38,4500.0,4930.42,0.1293,9019.33,0.872,0.117,0.911,0.271,0,3027.93,54000.0,0,0,0.4644,1
62875.55,29407.58,0.0,33467.98,0.0,23961.41,0.949,0.137,0.946,0.5323,0,9097.14,0.0,1,2,0.0044,0
74851.06,32379.11,5000.0,37471.95,0.0668,33980.48,0.968,0.141,0.907,0.5674,0,6603.31,75000.0,0,0,0.0033,0
25010.09,14708.0,1500.0,8802.09,0.06,10520.36,0.7,0.221,0.763,0.4119,0,4158.71,18000.0,0,0,0.667,0
41478.89,24587.99,2500.0,14390.9,0.0603,18935.25,0.902,0.093,0.968,0.4072,0,5472.78,37500.0,0,0,0.0495,0
52577.84,22508.56,2500.0,27569.28,0.0475,30989.34,0.917,0.1,0.934,0.5719,0,9742.13,37500.0,1,8,0.0067,0
37856.84,22038.08,4500.0,11318.76,0.1189,8094.4,0.732,0.173,0.812,0.4179,0,3387.11,54000.0,0,0,0.6349,1
70556.32,28795.24,5000.0,36761.07,0.0709,26685.69,0.967,0.08,0.959,0.5919,0,9834.33,75000.0,0,0,0.0033,0
33307.77,24909.88,0.0,8397.89,0.0,11256.46,0.831,0.166,0.911,0.2521,0,4596.26,0.0,0,0,0.1917,0
56140.45,24632.06,0.0,31508.39,0.0,31834.47,0.959,0.069,0.937,0.5612,0,9308.12,0.0,1,6,0.0019,0
74737.14,37871.06,5000.0,31866.08,0.0669,17254.81,0.932,0.119,0.929,0.4933,0,6338.87,75000.0,0,0,0.0162,0
66461.93,30962.24,0.0,35499.69,0.0,31394.98,0.94,0.104,0.897,0.5341,0,9924.65,0.0,1,3,0.0023,0
27894.82,22542.42,14000.0,-8647.6,0.5019,5728.35,0.596,0.343,0.623,0.1919,2,4756.31,336000.0,1,26,1.0,1
65284.46,27693.15,0.0,37591.3,0.0,21581.78,0.942,0.09,0.939,0.5758,0,7154.92,0.0,0,0,0.0028,0
50342.02,38515.86,6000.0,5826.16,0.1192,3897.6,0.695,0.322,0.606,0.2349,2,4098.79,144000.0,1,22,0.9967,1
40509.12,24304.68,0.0,16204.45,0.0,14664.14,0.838,0.186,0.819,0.4,0,3650.44,0.0,0,0,0.1377,0
48585.3,28633.15,3000.0,16952.15,0.0617,39926.76,0.815,0.223,0.882,0.4107,0,7636.28,54000.0,0,0,0.0412,0
100308.31,57985.75,6000.0,36322.55,0.0598,17171.29,0.744,0.205,0.815,0.4219,0,11973.61,108000.0,1,9,0.0555,1
53499.42,21646.37,5000.0,26853.05,0.0935,24001.79,0.917,0.073,0.908,0.5954,0,8196.31,75000.0,0,0,0.0176,0
27120.25,18756.08,1500.0,6864.17,0.0553,16911.2,0.751,0.198,0.77,0.3084,0,4311.44,18000.0,0,0,0.5023,1
45852.26,34379.15,1500.0,9973.11,0.0327,13099.65,0.781,0.134,0.794,0.2502,0,4101.83,18000.0,0,0,0.2983,0
18094.05,14053.77,14000.0,-9959.72,0.7737,829.24,0.63,0.404,0.584,0.2233,3,4153.46,336000.0,1,21,1.0,1
93373.65,37587.85,5000.0,50785.8,0.0535,29646.1,0.936,0.084,0.894,0.5974,0,7481.61,75000.0,0,0,0.001,0
97643.39,60524.79,10000.0,27118.6,0.1024,24306.39,0.672,0.21,0.851,0.3801,0,13750.02,180000.0,0,0,0.1185,0
34811.94,23802.69,1500.0,9509.25,0.0431,13944.68,0.867,0.119,0.772,0.3162,0,5839.14,18000.0,0,0,0.2615,0
76934.89,45090.75,5000.0,26844.14,0.065,13849.68,0.98,0.052,0.891,0.4139,0,9102.88,75000.0,0,0,0.0216,0
38823.34,25703.76,3000.0,10119.58,0.0773,2743.82,0.771,0.192,0.85,0.3379,0,4921.45,36000.0,0,0,0.6114,1
38008.88,27293.74,3000.0,7715.14,0.0789,5822.26,0.858,0.153,0.819,0.2819,0,3575.62,36000.0,0,0,0.5213,1
39092.78,22805.4,0.0,16287.38,0.0,12101.54,0.856,0.138,0.891,0.4166,0,5837.02,0.0,0,0,0.084,0
55315.25,29102.33,0.0,26212.91,0.0,50538.19,0.915,0.101,0.933,0.4739,0,8677.6,0.0,0,0,0.0012,0
38020.02,27709.75,4500.0,5810.27,0.1184,19236.27,0.711,0.223,0.756,0.2712,0,4626.9,54000.0,0,0,0.7146,0
40343.61,27953.18,4500.0,7890.43,0.1115,7193.65,0.841,0.201,0.817,0.3071,0,3360.48,54000.0,0,0,0.6608,1
49540.68,27055.94,2500.0,19984.74,0.0505,47621.28,0.906,0.069,0.964,0.4539,0,9473.81,37500.0,0,0,0.003,0
22016.93,17966.82,18000.0,-13949.89,0.8176,3778.19,0.564,0.418,0.547,0.184,2,5345.8,432000.0,0,0,1.0,1
26517.15,16962.53,1500.0,8054.62,0.0566,9682.58,0.849,0.246,0.824,0.3603,0,4697.59,18000.0,0,0,0.541,1
39103.17,26594.9,3000.0,9508.27,0.0767,19826.44,0.788,0.235,0.878,0.3199,0,4809.67,36000.0,0,0,0.3407,0
37113.67,25039.21,0.0,12074.45,0.0,10834.04,0.705,0.168,0.807,0.3253,0,3788.08,0.0,0,0,0.3097,0
39209.85,23135.02,1500.0,14574.83,0.0383,19852.34,0.818,0.111,0.775,0.41,0,5436.95,18000.0,0,0,0.1311,0
105692.7,66996.18,6000.0,32696.52,0.0568,32753.84,0.778,0.156,0.893,0.3661,0,10503.23,108000.0,0,0,0.0111,0
49017.45,35498.12,1500.0,12019.33,0.0306,16080.15,0.854,0.184,0.9,0.2758,0,4552.89,18000.0,0,0,0.151,1
62739.92,32811.76,0.0,29928.16,0.0,37224.47,0.907,0.127,0.955,0.477,0,6531.2,0.0,1,1,0.0024,0
37764.51,33504.63,14000.0,-9740.12,0.3707,737.17,0.583,0.422,0.586,0.1128,1,7986.73,336000.0,1,25,0.9999,1
85229.59,43251.96,5000.0,36977.63,0.0587,33202.17,0.903,0.087,0.904,0.4925,0,5361.88,75000.0,1,3,0.003,0
34642.55,28088.58,18000.0,-11446.03,0.5196,2939.5,0.501,0.437,0.726,0.1892,1,4384.5,432000.0,0,0,1.0,1
48463.68,35292.48,6000.0,7171.21,0.1238,6812.43,0.662,0.272,0.658,0.2718,4,4834.61,144000.0,1,8,0.9992,1
69649.65,32055.99,0.0,37593.66,0.0,22736.41,0.948,0.067,0.954,0.5398,0,8311.86,0.0,0,0,0.002,0
79825.39,43859.36,10000.0,25966.03,0.1253,16751.8,0.702,0.282,0.934,0.4506,0,11524.61,180000.0,0,0,0.2369,1
76253.86,40028.71,0.0,36225.15,0.0,42715.24,0.93,0.06,0.952,0.4751,0,8543.83,0.0,0,0,0.0005,0
46719.24,34079.8,1500.0,11139.44,0.0321,9715.26,0.791,0.105,0.899,0.2705,0,5834.25,18000.0,0,0,0.1866,1
70861.17,28690.14,2500.0,39671.02,0.0353,27798.86,0.944,0.072,0.923,0.5951,0,8635.66,37500.0,0,0,0.002,0
27110.08,20405.61,6000.0,704.47,0.2213,2076.39,0.525,0.497,0.579,0.2473,1,4427.97,144000.0,1,31,0.9997,1
26140.69,17074.81,0.0,9065.87,0.0,10496.26,0.888,0.236,0.846,0.3468,0,4143.44,0.0,0,0,0.3005,0
56545.8,32307.22,5000.0,19238.58,0.0884,47111.07,0.927,0.106,0.89,0.4287,0,7067.33,75000.0,0,0,0.0083,0
30429.75,24987.08,14000.0,-8557.33,0.4601,1184.76,0.577,0.467,0.642,0.1789,2,4268.96,336000.0,0,0,1.0,1
113076.33,67710.37,3000.0,42365.96,0.0265,28098.14,0.653,0.195,0.905,0.4012,0,8661.78,54000.0,0,0,0.0087,0
40537.53,17320.64,0.0,23216.89,0.0,25234.46,0.904,0.07,0.881,0.5727,0,6581.88,0.0,1,3,0.0106,0
56335.29,38350.56,1500.0,16484.73,0.0266,19469.85,0.829,0.107,0.759,0.3192,0,4648.87,18000.0,0,0,0.1058,0
27234.49,20788.64,10000.0,-3554.16,0.3672,1043.12,0.53,0.376,0.7,0.2367,2,5962.45,240000.0,1,27,0.9999,1
69811.34,35981.05,0.0,33830.29,0.0,26721.94,0.922,0.13,0.884,0.4846,1,5651.76,0.0,0,0,0.0148,0
77657.68,37476.22,2500.0,37681.46,0.0322,29786.55,0.904,0.05,0.904,0.5174,0,5606.32,37500.0,0,0,0.0022,0
81988.27,35721.48,0.0,46266.79,0.0,39289.32,0.975,0.076,0.965,0.5643,0,8862.61,0.0,0,0,0.0002,0
97630.28,55399.36,3000.0,39230.91,0.0307,36250.96,0.674,0.226,0.888,0.4326,0,10278.23,54000.0,0,0,0.0083,0
46948.42,24647.39,2500.0,19801.03,0.0532,26686.48,0.975,0.078,0.975,0.475,0,8015.07,37500.0,0,0,0.0115,0
52350.09,45351.66,6000.0,998.43,0.1146,3537.31,0.508,0.47,0.579,0.1337,1,5873.84,144000.0,1,6,0.9988,1
37377.82,27249.18,4500.0,5628.64,0.1204,10175.58,0.827,0.124,0.904,0.271,0,3461.25,54000.0,0,0,0.4621,0
40105.78,33762.49,6000.0,343.28,0.1496,4351.06,0.542,0.422,0.555,0.1582,2,7128.01,144000.0,1,19,0.9996,1
96286.74,52542.25,3000.0,40744.49,0.0312,32901.88,0.713,0.168,0.841,0.4543,0,10097.96,54000.0,1,5,0.0071,0
69590.86,47635.95,6000.0,15954.91,0.0862,27284.45,0.723,0.263,0.839,0.3155,0,6357.4,108000.0,1,12,0.2469,1
72359.46,40119.56,0.0,32239.9,0.0,19127.6,0.949,0.096,0.969,0.4456,0,9209.04,0.0,1,5,0.0048,0
47567.81,28327.89,1500.0,17739.92,0.0315,10622.72,0.861,0.153,0.859,0.4045,0,3327.84,18000.0,0,0,0.1343,0
78001.89,52340.97,6000.0,19660.91,0.0769,21071.76,0.845,0.297,0.84,0.329,0,12345.57,108000.0,0,0,0.2191,0
36850.72,27345.2,1500.0,8005.52,0.0407,11339.68,0.86,0.16,0.807,0.2579,0,4441.94,18000.0,0,0,0.35,1
41693.68,24588.05,0.0,17105.63,0.0,37344.77,0.977,0.051,0.928,0.4103,0,7245.62,0.0,0,0,0.0043,0
85603.99,45984.35,5000.0,34619.65,0.0584,24242.22,0.92,0.111,0.939,0.4628,0,7430.29,75000.0,0,0,0.0066,0
35928.49,24669.0,1500.0,9759.49,0.0417,11248.56,0.89,0.209,0.759,0.3134,0,5588.03,18000.0,0,0,0.4257,0
67364.92,34117.7,5000.0,28247.22,0.0742,30645.06,0.907,0.069,0.924,0.4935,0,9081.14,75000.0,1,5,0.0074,0
41515.62,24482.12,1500.0,15533.5,0.0361,17071.84,0.848,0.216,0.835,0.4103,0,5921.23,18000.0,0,0,0.1806,0
45246.45,29239.19,3000.0,13007.26,0.0663,19682.79,0.684,0.229,0.843,0.3538,0,7061.45,54000.0,1,8,0.3545,0
35074.58,24751.23,1500.0,8823.35,0.0428,14017.08,0.894,0.156,0.866,0.2943,0,4188.74,18000.0,0,0,0.2137,1
15000.0,10860.81,14000.0,-9860.81,0.9333,3497.21,0.629,0.343,0.738,0.2759,1,5214.9,336000.0,1,15,1.0,1
48420.72,27630.29,4500.0,16290.44,0.0929,12550.65,0.859,0.127,0.871,0.4294,0,4206.88,54000.0,0,0,0.1835,0
69283.24,39856.04,6000.0,23427.2,0.0866,4054.93,0.66,0.253,0.865,0.4247,0,13344.3,108000.0,1,13,0.4766,1
26933.27,16084.59,3000.0,7848.68,0.1114,15606.91,0.708,0.114,0.751,0.4028,0,3206.97,36000.0,0,0,0.5622,1
24339.55,18210.83,18000.0,-11871.28,0.7395,2308.1,0.604,0.341,0.718,0.2518,1,5340.03,432000.0,0,0,1.0,1
79112.88,36227.1,2500.0,40385.79,0.0316,18204.59,0.905,0.069,0.921,0.5421,0,6886.26,37500.0,0,0,0.0041,0
31202.23,18247.13,3000.0,9955.1,0.0961,10068.06,0.703,0.184,0.815,0.4152,0,4688.49,36000.0,0,0,0.6134,1
46297.45,33531.18,0.0,12766.27,0.0,8358.05,0.72,0.235,0.809,0.2757,0,4078.63,0.0,0,0,0.4243,1
43625.12,25764.94,1500.0,16360.18,0.0344,21993.72,0.859,0.189,0.766,0.4094,0,5108.21,18000.0,0,0,0.1384,0
59347.98,38103.46,10000.0,11244.52,0.1685,28051.4,0.655,0.212,0.85,0.358,0,7945.22,180000.0,0,0,0.4751,1
19313.08,16840.44,6000.0,-3527.36,0.3107,5679.9,0.696,0.403,0.698,0.128,1,4733.83,144000.0,1,6,0.9993,1
117635.06,75193.07,6000.0,36441.99,0.051,12363.96,0.672,0.16,0.888,0.3608,0,12679.81,108000.0,0,0,0.0471,0
56777.64,26521.48,5000.0,25256.15,0.0881,29250.73,0.97,0.083,0.939,0.5329,0,7206.37,75000.0,0,0,0.0102,0
42009.37,28929.41,0.0,13079.96,0.0,12044.38,0.738,0.216,0.893,0.3114,0,4933.27,0.0,0,0,0.2298,0
41870.23,25197.8,3000.0,13672.43,0.0716,14205.34,0.743,0.106,0.784,0.3982,0,4013.24,36000.0,0,0,0.2881,1
30000.0,13624.05,0.0,16375.95,0.0,41954.53,0.948,0.09,0.91,0.5459,0,8733.72,0.0,1,6,0.005,0
30161.29,19250.32,0.0,10910.97,0.0,14616.51,0.865,0.119,0.904,0.3618,0,4393.75,0.0,0,0,0.0913,0
115448.18,67694.31,10000.0,37753.87,0.0866,28839.98,0.742,0.291,0.873,0.4136,0,13065.65,180000.0,1,14,0.0363,0
42026.08,29443.36,3000.0,9582.72,0.0714,11861.34,0.707,0.17,0.86,0.2994,0,3147.82,36000.0,0,0,0.4481,0
18185.67,13883.87,6000.0,-1698.2,0.3299,3331.35,0.606,0.263,0.54,0.2365,3,4530.42,144000.0,0,0,0.9999,1
85912.67,42051.37,2500.0,41361.3,0.0291,31035.38,0.949,0.061,0.896,0.5105,0,6984.45,37500.0,0,0,0.0013,0
44881.46,19988.74,2500.0,22392.72,0.0557,26122.38,0.934,0.101,0.897,0.5546,0,9262.69,37500.0,0,0,0.0188,0
49854.13,25984.12,0.0,23870.01,0.0,31878.0,0.977,0.122,0.959,0.4788,0,7948.65,0.0,0,0,0.0046,0
31987.32,28350.59,10000.0,-6363.27,0.3126,3901.41,0.608,0.364,0.552,0.1137,1,4966.02,240000.0,1,17,0.9998,1
45646.47,18696.41,2500.0,24450.06,0.0548,28577.52,0.946,0.126,0.895,0.5904,0,6268.21,37500.0,0,0,0.0148,0
34852.94,19983.83,4500.0,10369.11,0.1291,8950.33,0.762,0.12,0.784,0.4266,0,3192.13,54000.0,0,0,0.593,1
28028.85,23211.87,10000.0,-5183.02,0.3568,2937.79,0.554,0.302,0.664,0.1719,2,4718.64,240000.0,1,22,0.9999,1
34572.53,28857.81,6000.0,-285.28,0.1735,2483.28,0.639,0.36,0.736,0.1653,1,6571.33,144000.0,0,0,0.9962,1
34312.58,30205.26,6000.0,-1892.69,0.1749,2872.39,0.661,0.499,0.563,0.1197,2,6080.72,144000.0,0,0,0.9998,1
32240.08,20592.38,0.0,11647.7,0.0,8303.75,0.875,0.206,0.764,0.3613,0,4960.97,0.0,0,0,0.3402,0
41360.56,29709.15,10000.0,1651.41,0.2418,4165.41,0.546,0.295,0.703,0.2817,1,5874.61,240000.0,1,11,0.9975,1
32161.25,23607.27,10000.0,-1446.03,0.3109,3214.96,0.585,0.327,0.57,0.266,4,4613.46,240000.0,1,6,1.0,1
58432.89,25541.32,2500.0,30391.57,0.0428,34664.31,0.957,0.119,0.912,0.5629,0,9779.59,37500.0,1,6,0.0042,0
35000.0,18597.34,6000.0,10402.66,0.1714,13802.55,0.757,0.153,0.867,0.4686,0,12120.41,108000.0,1,22,0.5612,0
49474.48,32567.42,1500.0,15407.06,0.0303,13139.02,0.727,0.233,0.83,0.3417,0,4757.56,18000.0,0,0,0.3225,0
99206.83,57501.37,6000.0,35705.47,0.0605,33691.05,0.811,0.206,0.858,0.4204,0,14231.26,108000.0,0,0,0.0121,0
36242.16,19422.55,0.0,16819.61,0.0,14206.34,0.947,0.127,0.963,0.4641,0,9487.1,0.0,0,0,0.0348,0
61354.06,54225.19,18000.0,-10871.13,0.2934,1458.11,0.59,0.319,0.598,0.1162,1,5147.47,432000.0,0,0,0.9998,1
34045.16,25008.35,10000.0,-963.19,0.2937,2257.06,0.512,0.317,0.692,0.2654,3,4886.11,240000.0,0,0,0.9999,1
67191.76,33771.62,2500.0,30920.14,0.0372,34920.14,0.968,0.051,0.92,0.4974,0,8701.57,37500.0,0,0,0.0022,0
66353.91,35239.01,0.0,31114.9,0.0,8467.24,0.957,0.136,0.895,0.4689,0,7040.1,0.0,0,0,0.0209,0
44977.22,28498.75,4500.0,11978.47,0.1001,13296.15,0.899,0.116,0.79,0.3664,1,5874.98,54000.0,0,0,0.5565,0
47615.45,26382.79,1500.0,19732.67,0.0315,12035.15,0.755,0.229,0.798,0.4459,0,5022.66,18000.0,0,0,0.2684,1
37291.65,22667.3,3000.0,11624.34,0.0804,10184.43,0.86,0.169,0.853,0.3922,0,5481.47,36000.0,0,0,0.3426,0
47765.71,24228.6,0.0,23537.1,0.0,20930.97,0.935,0.059,0.952,0.4928,0,5984.77,0.0,0,0,0.0083,0
23436.82,14994.46,1500.0,6942.35,0.064,16750.56,0.741,0.123,0.9,0.3602,0,4236.28,18000.0,0,0,0.2662,1
61832.44,40918.74,3000.0,17913.7,0.0485,11554.83,0.735,0.138,0.888,0.3382,1,3407.8,36000.0,0,0,0.3735,1
49042.01,26580.11,2500.0,19961.9,0.051,25769.39,0.912,0.051,0.961,0.458,0,8031.08,37500.0,0,0,0.013,0
53328.3,23709.23,0.0,29619.07,0.0,27419.91,0.934,0.116,0.906,0.5554,0,7594.69,0.0,0,0,0.0055,0
24070.68,19609.91,18000.0,-13539.23,0.7478,6691.49,0.666,0.331,0.559,0.1853,1,6017.68,432000.0,1,21,1.0,1
44801.49,27234.81,1500.0,16066.68,0.0335,14485.02,0.785,0.233,0.894,0.3921,0,5074.52,18000.0,0,0,0.201,0
15000.0,12761.0,6000.0,-3761.0,0.4,2931.75,0.578,0.466,0.681,0.1493,2,4858.98,144000.0,0,0,1.0,1
42408.14,25462.44,1500.0,15445.7,0.0354,9066.07,0.777,0.247,0.816,0.3996,0,3269.48,18000.0,0,0,0.4018,0
39856.06,19384.74,0.0,20471.32,0.0,48055.74,0.941,0.1,0.895,0.5136,0,5617.86,0.0,0,0,0.0026,0
52638.73,22882.81,5000.0,24755.91,0.095,22379.58,0.968,0.073,0.913,0.5653,0,7459.38,75000.0,0,0,0.0201,0
108670.19,57908.01,10000.0,40762.18,0.092,25440.02,0.808,0.169,0.86,0.4671,0,8292.48,180000.0,0,0,0.0148,0
70888.01,30146.83,5000.0,35741.18,0.0705,28827.6,0.918,0.127,0.914,0.5747,0,9289.45,75000.0,0,0,0.0061,0
57789.72,34625.51,10000.0,13164.21,0.173,45484.02,0.668,0.25,0.934,0.4008,0,7265.88,180000.0,1,12,0.1514,0
62316.39,26503.73,0.0,35812.67,0.0,18689.33,0.961,0.076,0.928,0.5747,1,8433.25,0.0,1,5,0.011,0
74259.13,49690.42,6000.0,18568.71,0.0808,14591.13,0.781,0.256,0.888,0.3309,0,11193.48,108000.0,0,0,0.2766,0
46079.64,28375.9,1500.0,16203.75,0.0326,6673.53,0.752,0.151,0.82,0.3842,0,4534.61,18000.0,0,0,0.2919,1
32039.61,26171.4,18000.0,-12131.78,0.5618,2112.83,0.51,0.393,0.713,0.1832,1,7505.17,432000.0,0,0,1.0,1
89876.92,52830.18,3000.0,34046.74,0.0334,29299.83,0.834,0.221,0.804,0.4122,0,10336.54,54000.0,0,0,0.0198,0
38946.49,26265.74,1500.0,11180.75,0.0385,9225.84,0.863,0.229,0.855,0.3256,0,5085.69,18000.0,0,0,0.359,0
91085.49,42814.49,5000.0,43271.0,0.0549,38526.8,0.911,0.117,0.88,0.53,0,5562.52,75000.0,0,0,0.0015,0
27966.71,18654.48,1500.0,7812.23,0.0536,9779.93,0.707,0.148,0.888,0.333,0,5174.61,18000.0,0,0,0.4128,1
69228.86,38386.95,10000.0,20841.91,0.1444,22617.07,0.846,0.224,0.801,0.4455,0,8898.73,180000.0,0,0,0.2471,0
36716.29,26895.3,3000.0,6820.99,0.0817,14109.24,0.851,0.191,0.857,0.2675,0,4886.16,36000.0,0,0,0.4179,1
68567.36,30384.11,0.0,38183.24,0.0,33255.46,0.939,0.101,0.963,0.5569,0,7854.27,0.0,0,0,0.0011,0
47099.05,27388.1,1500.0,18210.95,0.0318,13597.88,0.819,0.125,0.771,0.4185,1,4181.16,18000.0,0,0,0.3488,0
42007.34,28224.27,1500.0,12283.07,0.0357,8070.7,0.718,0.234,0.816,0.3281,0,4387.08,18000.0,0,0,0.5186,0
73495.83,40886.07,5000.0,27609.76,0.068,25861.05,0.92,0.108,0.907,0.4437,0,5026.62,75000.0,0,0,0.014,0
46947.05,33815.81,1500.0,11631.24,0.032,6525.92,0.871,0.14,0.838,0.2797,0,3034.93,18000.0,0,0,0.2673,0
76760.62,42007.71,2500.0,32252.91,0.0326,47292.9,0.905,0.062,0.94,0.4527,0,5398.23,37500.0,0,0,0.0009,0
80087.28,42346.48,0.0,37740.8,0.0,20632.05,0.96,0.115,0.944,0.4712,0,5056.95,0.0,0,0,0.0032,0
39323.19,17331.44,0.0,21991.75,0.0,35349.71,0.938,0.08,0.931,0.5593,0,9888.56,0.0,0,0,0.0042,0
32530.59,27487.77,10000.0,-4957.17,0.3074,4297.93,0.626,0.335,0.575,0.155,2,5992.52,240000.0,1,14,0.9999,1
58699.73,24698.2,5000.0,29001.53,0.0852,28725.93,0.903,0.116,0.907,0.5792,0,7424.96,75000.0,0,0,0.0132,0
78448.14,33176.23,5000.0,40271.91,0.0637,9869.99,0.934,0.085,0.951,0.5771,0,9166.37,75000.0,0,0,0.0089,0
63987.68,33853.14,6000.0,24134.53,0.0938,30497.91,0.845,0.189,0.868,0.4709,0,9575.05,108000.0,0,0,0.0451,0
45363.82,36718.63,6000.0,2645.19,0.1323,3105.13,0.563,0.394,0.738,0.1906,3,4913.42,144000.0,0,0,0.9995,1
33776.05,21984.02,1500.0,10292.02,0.0444,17412.28,0.751,0.176,0.755,0.3491,0,5659.77,18000.0,0,0,0.3734,1
99740.98,57251.3,10000.0,32489.68,0.1003,4000.0,0.807,0.264,0.908,0.426,0,9041.73,180000.0,0,0,0.1963,0
31779.74,18357.45,1500.0,11922.28,0.0472,16646.44,0.896,0.134,0.854,0.4224,0,3213.07,18000.0,0,0,0.1386,1
63860.63,36682.9,0.0,27177.73,0.0,48968.89,0.907,0.144,0.918,0.4256,0,8960.02,0.0,0,0,0.0017,0
74634.24,39477.19,10000.0,25157.05,0.134,19205.58,0.695,0.258,0.941,0.4711,0,10860.26,180000.0,0,0,0.2044,0
57411.71,42897.93,4500.0,10013.78,0.0784,9701.64,0.872,0.233,0.83,0.2528,0,5685.2,54000.0,0,0,0.5017,1
60646.89,31549.52,2500.0,26597.38,0.0412,34946.25,0.976,0.074,0.955,0.4798,0,6342.79,37500.0,0,0,0.0032,0
42944.57,21311.45,2500.0,19133.12,0.0582,41546.94,0.932,0.07,0.976,0.5037,0,8669.6,37500.0,0,0,0.0047,0
37643.47,19154.36,2500.0,15989.12,0.0664,13398.89,0.94,0.063,0.93,0.4912,0,5630.68,37500.0,1,7,0.0593,0
105216.57,66032.46,10000.0,29184.11,0.095,23446.56,0.724,0.294,0.923,0.3724,1,7549.75,180000.0,0,0,0.2517,1
43505.64,24205.54,0.0,19300.11,0.0,10225.57,0.755,0.13,0.789,0.4436,0,4689.38,0.0,0,0,0.1492,0
22661.21,12980.09,1500.0,8181.12,0.0662,6115.49,0.84,0.208,0.874,0.4272,0,5861.76,18000.0,0,0,0.5091,0
102979.22,70965.65,6000.0,26013.57,0.0583,39558.17,0.77,0.221,0.94,0.3109,0,10510.08,108000.0,1,19,0.0156,0
59792.91,24197.7,0.0,35595.21,0.0,23433.76,0.943,0.141,0.965,0.5953,0,5465.15,0.0,0,0,0.0036,0
69205.03,40517.69,0.0,28687.33,0.0,27190.73,0.971,0.088,0.954,0.4145,0,5612.92,0.0,1,5,0.0035,0
82974.4,43155.49,6000.0,33818.91,0.0723,24821.05,0.788,0.2,0.904,0.4799,0,12335.42,108000.0,0,0,0.025,0
15000.0,11098.14,10000.0,-6098.14,0.6667,2037.41,0.508,0.408,0.562,0.2601,1,7083.26,240000.0,0,0,1.0,1
41963.99,24168.79,1500.0,16295.2,0.0357,9613.59,0.801,0.203,0.858,0.4241,0,3134.25,18000.0,0,0,0.2516,0
32198.05,19571.12,1500.0,11126.93,0.0466,10198.15,0.804,0.2,0.815,0.3922,0,4008.5,18000.0,0,0,0.4102,1
34623.42,19595.4,1500.0,13528.03,0.0433,12146.0,0.889,0.208,0.765,0.434,0,5196.9,18000.0,0,0,0.3254,0
56541.59,25121.44,2500.0,28920.15,0.0442,42154.81,0.944,0.104,0.937,0.5557,0,9511.23,37500.0,1,9,0.0023,0
29285.95,23399.8,14000.0,-8113.85,0.478,2304.08,0.601,0.437,0.535,0.201,1,6927.1,336000.0,0,0,1.0,1
49667.52,26903.15,0.0,22764.37,0.0,17123.95,0.944,0.06,0.961,0.4583,0,8242.67,0.0,0,0,0.011,0
40163.27,25533.6,0.0,14629.67,0.0,15579.95,0.888,0.213,0.785,0.3643,0,5429.02,0.0,0,0,0.1721,0
76578.34,49262.49,6000.0,21315.86,0.0784,37181.69,0.692,0.245,0.946,0.3567,0,10148.73,108000.0,1,14,0.0491,0
94361.03,63340.5,3000.0,28020.53,0.0318,32209.65,0.72,0.281,0.83,0.3287,0,13093.07,54000.0,1,6,0.05,0
34115.65,29545.86,10000.0,-5430.21,0.2931,5951.31,0.539,0.321,0.626,0.1339,2,7222.32,240000.0,1,23,0.9998,1
105405.55,61334.39,15000.0,29071.16,0.1423,16531.45,0.71,0.152,0.845,0.4181,0,9383.45,270000.0,0,0,0.1546,0
29730.58,23559.34,10000.0,-3828.77,0.3364,3600.0,0.69,0.5,0.559,0.2076,3,5512.12,240000.0,0,0,1.0,1
30826.67,17093.82,1500.0,12232.85,0.0487,2000.0,0.759,0.184,0.801,0.4455,0,4221.52,18000.0,0,0,0.5663,1
26757.74,17437.52,0.0,9320.23,0.0,12649.53,0.834,0.213,0.769,0.3483,0,3212.62,0.0,0,0,0.3514,0
65016.85,32735.48,5000.0,27281.37,0.0769,12847.15,0.944,0.108,0.92,0.4965,0,8885.93,75000.0,0,0,0.0346,0
115929.52,77044.16,3000.0,35885.36,0.0259,22964.19,0.79,0.194,0.845,0.3354,0,12530.11,54000.0,0,0,0.0194,0
31430.72,17943.69,0.0,13487.03,0.0,14150.07,0.776,0.171,0.758,0.4291,1,5148.19,0.0,0,0,0.4908,0
33684.82,22745.64,0.0,10939.18,0.0,4398.04,0.738,0.229,0.794,0.3248,0,5613.82,0.0,0,0,0.5325,1
117222.0,59072.46,10000.0,48149.54,0.0853,16115.3,0.747,0.272,0.943,0.4961,1,14183.39,180000.0,0,0,0.0623,0
90779.1,52361.34,0.0,38417.75,0.0,26467.36,0.973,0.132,0.978,0.4232,0,6399.69,0.0,0,0,0.0018,0
44615.55,31715.59,3000.0,9899.96,0.0672,5951.97,0.825,0.101,0.782,0.2891,0,4089.97,36000.0,0,0,0.429,0
60144.6,26213.18,2500.0,31431.42,0.0416,26272.58,0.937,0.1,0.923,0.5642,0,6073.68,37500.0,0,0,0.0062,0
103835.44,59767.02,6000.0,38068.42,0.0578,25798.61,0.668,0.241,0.843,0.4244,0,10900.78,108000.0,0,0,0.0354,0
45390.92,26680.94,1500.0,17209.98,0.033,17918.11,0.844,0.179,0.817,0.4122,0,4831.18,18000.0,0,0,0.1305,0
26549.8,21031.08,18000.0,-12481.28,0.678,3330.17,0.519,0.497,0.737,0.2079,1,7733.65,432000.0,0,0,1.0,1
47870.35,30007.46,10000.0,7862.89,0.2089,8604.2,0.657,0.239,0.828,0.3732,0,9131.72,180000.0,0,0,0.9096,1
37736.08,27958.27,0.0,9777.81,0.0,9930.55,0.889,0.21,0.858,0.2591,0,5480.18,0.0,0,0,0.2493,0
53430.75,35657.76,3000.0,14772.99,0.0561,12186.11,0.714,0.204,0.841,0.3326,0,4020.82,36000.0,0,0,0.3626,0
61854.52,34944.38,0.0,26910.14,0.0,39916.47,0.908,0.056,0.885,0.4351,0,6686.19,0.0,0,0,0.0023,0
94075.11,49756.61,3000.0,41318.5,0.0319,11231.38,0.839,0.271,0.827,0.4711,0,9200.6,54000.0,1,13,0.0444,0
32878.76,19812.25,1500.0,11566.52,0.0456,17934.98,0.8,0.151,0.791,0.3974,0,3057.52,18000.0,0,0,0.2379,1
114730.66,76039.56,6000.0,32691.1,0.0523,30337.96,0.691,0.261,0.905,0.3372,0,14130.67,108000.0,0,0,0.0307,0
36213.2,32148.27,14000.0,-9935.07,0.3866,4211.66,0.538,0.361,0.518,0.1123,1,6966.41,336000.0,0,0,0.9999,1
45954.39,25712.25,1500.0,18742.14,0.0326,13018.92,0.732,0.204,0.768,0.4405,0,3858.54,18000.0,0,0,0.2869,0
34996.74,22633.04,1500.0,10863.7,0.0429,11804.68,0.764,0.12,0.814,0.3533,0,5347.19,18000.0,0,0,0.2931,0
42305.47,19353.32,0.0,22952.15,0.0,33939.75,0.92,0.072,0.932,0.5425,0,9724.74,0.0,0,0,0.0043,0
65700.33,29630.9,0.0,36069.43,0.0,42991.77,0.903,0.081,0.954,0.549,0,6096.48,0.0,0,0,0.0007,0
131301.0,75838.2,3000.0,52462.8,0.0228,21657.74,0.73,0.237,0.942,0.4224,0,10566.55,54000.0,0,0,0.0045,0
65281.47,31995.53,0.0,33285.95,0.0,42972.49,0.924,0.088,0.964,0.5099,0,7193.28,0.0,0,0,0.0008,0
122998.8,67180.51,10000.0,45818.29,0.0813,7913.6,0.756,0.271,0.917,0.4538,0,12440.72,180000.0,1,10,0.0501,0
37967.42,23558.27,1500.0,12909.15,0.0395,11834.96,0.738,0.229,0.794,0.3795,0,4442.14,18000.0,0,0,0.4484,0
51480.66,22339.57,2500.0,26641.09,0.0486,21241.85,0.962,0.096,0.951,0.5661,0,5691.38,37500.0,1,10,0.0115,0
36128.82,20870.74,3000.0,12258.08,0.083,11215.63,0.794,0.217,0.877,0.4223,0,5059.1,36000.0,0,0,0.4124,1
46253.23,25525.72,0.0,20727.51,0.0,6364.32,0.87,0.203,0.795,0.4481,0,5377.37,0.0,0,0,0.1801,1
31905.92,20686.88,3000.0,8219.03,0.094,10801.22,0.744,0.14,0.791,0.3516,1,3592.21,36000.0,0,0,0.7939,1
58289.96,30707.79,2500.0,25082.17,0.0429,33332.31,0.979,0.068,0.957,0.4732,0,5878.13,37500.0,0,0,0.004,0
140034.77,97888.77,6000.0,36146.0,0.0428,8502.58,0.773,0.205,0.859,0.301,0,14440.98,108000.0,0,0,0.065,0
74896.07,41235.6,6000.0,27660.47,0.0801,25014.36,0.653,0.19,0.877,0.4494,0,14331.77,108000.0,1,11,0.074,0
25687.59,18653.52,14000.0,-6965.93,0.545,3899.18,0.612,0.447,0.685,0.2738,2,7945.53,336000.0,1,9,1.0,1
105250.68,72772.58,10000.0,22478.11,0.095,19201.11,0.769,0.219,0.855,0.3086,0,11727.35,180000.0,1,17,0.1744,0
49742.8,32091.11,1500.0,16151.69,0.0302,11878.95,0.854,0.199,0.82,0.3549,0,3487.7,18000.0,0,0,0.2138,1
29095.59,24613.12,14000.0,-9517.53,0.4812,3666.22,0.672,0.498,0.574,0.1541,3,4461.6,336000.0,0,0,1.0,1
115206.73,69210.98,10000.0,35995.75,0.0868,10957.16,0.845,0.158,0.886,0.3992,1,10332.44,180000.0,0,0,0.1217,1
48123.73,27421.23,2500.0,18202.5,0.0519,25497.98,0.975,0.131,0.949,0.4302,0,7139.12,37500.0,0,0,0.0228,0
26507.72,21295.44,6000.0,-787.72,0.2263,1746.88,0.542,0.4,0.522,0.1966,1,5488.98,144000.0,1,22,0.9996,1
32404.78,19029.03,0.0,13375.74,0.0,39641.79,0.954,0.139,0.96,0.4128,0,6479.63,0.0,0,0,0.0082,0
42791.97,29779.85,0.0,13012.13,0.0,15413.4,0.844,0.202,0.891,0.3041,0,3069.33,0.0,0,0,0.1331,0
64866.86,37847.85,0.0,27019.01,0.0,18502.93,0.968,0.05,0.897,0.4165,0,6640.74,0.0,1,2,0.0081,0
72552.38,30798.76,0.0,41753.62,0.0,29221.79,0.902,0.093,0.908,0.5755,0,8024.7,0.0,0,0,0.0015,0
60236.02,36135.65,5000.0,19100.37,0.083,21270.17,0.971,0.132,0.89,0.4001,0,5015.61,75000.0,0,0,0.0516,1
54019.42,39158.73,3000.0,11860.69,0.0555,10769.71,0.888,0.108,0.752,0.2751,0,3868.06,36000.0,0,0,0.2809,0
28351.82,18493.53,1500.0,8358.29,0.0529,8456.12,0.802,0.201,0.816,0.3477,0,3498.6,18000.0,0,0,0.5221,1
44881.46,30671.14,0.0,14210.32,0.0,15241.04,0.818,0.186,0.832,0.3166,0,4475.37,0.0,0,0,0.1552,0
53113.02,29208.18,0.0,23904.83,0.0,33270.72,0.905,0.148,0.976,0.4501,0,7216.27,0.0,0,0,0.0057,0
40763.43,21224.1,0.0,19539.34,0.0,43010.16,0.973,0.137,0.936,0.4793,0,6466.95,0.0,0,0,0.0038,0
36614.25,21757.0,10000.0,4857.25,0.2731,20606.73,0.675,0.279,0.935,0.4058,1,9577.39,180000.0,0,0,0.9569,1
47005.27,24511.05,0.0,22494.21,0.0,24842.33,0.969,0.053,0.944,0.4785,0,8797.43,0.0,1,9,0.0062,0
32401.19,22772.07,6000.0,3629.12,0.1852,500.0,0.548,0.275,0.565,0.2972,1,4114.08,144000.0,1,6,0.9977,1
92518.73,58698.21,3000.0,30820.51,0.0324,31140.72,0.847,0.282,0.934,0.3656,0,9103.08,54000.0,1,9,0.0172,0
56235.12,28771.4,2500.0,24963.72,0.0445,24981.48,0.95,0.073,0.88,0.4884,0,9926.04,37500.0,1,6,0.0125,0
38902.56,30944.11,10000.0,-2041.55,0.2571,500.0,0.655,0.382,0.579,0.2046,1,4150.99,240000.0,1,12,0.9995,1
48518.31,33983.73,1500.0,13034.58,0.0309,16464.54,0.879,0.24,0.887,0.2996,0,3911.16,18000.0,0,0,0.1832,0
23394.53,18444.97,6000.0,-1050.44,0.2565,2019.48,0.696,0.397,0.639,0.2116,2,5988.09,144000.0,0,0,0.9997,1
52543.12,28975.38,0.0,23567.74,0.0,46370.82,0.918,0.066,0.917,0.4485,0,9139.56,0.0,0,0,0.0017,0
47838.09,20743.94,5000.0,22094.14,0.1045,38055.8,0.949,0.148,0.914,0.5664,0,6113.02,75000.0,0,0,0.0156,0
48066.1,21753.57,0.0,26312.53,0.0,24958.71,0.956,0.099,0.889,0.5474,0,5512.67,0.0,0,0,0.008,0
41673.44,28909.13,0.0,12764.31,0.0,10821.69,0.864,0.174,0.894,0.3063,0,5045.5,0.0,0,0,0.1446,0
38105.11,30181.7,6000.0,1923.41,0.1575,1022.37,0.503,0.28,0.662,0.2079,2,6213.72,144000.0,0,0,0.9988,1
59414.38,31191.63,2500.0,25722.75,0.0421,37147.32,0.963,0.102,0.966,0.475,0,9443.47,37500.0,0,0,0.0036,0
26468.78,15784.87,4500.0,6183.91,0.17,10234.56,0.867,0.183,0.855,0.4036,0,4175.0,54000.0,0,0,0.686,0
29803.98,22916.65,10000.0,-3112.67,0.3355,1487.81,0.592,0.38,0.535,0.2311,2,4969.68,240000.0,0,0,0.9999,1
34680.67,23420.85,3000.0,8259.82,0.0865,18007.81,0.836,0.171,0.816,0.3247,0,4920.15,36000.0,0,0,0.3596,0
58964.92,31020.27,0.0,27944.64,0.0,28167.55,0.901,0.139,0.903,0.4739,0,8587.17,0.0,0,0,0.0079,0
39011.81,22799.28,1500.0,14712.53,0.0384,5677.2,0.764,0.124,0.785,0.4156,0,3501.59,18000.0,0,0,0.3412,1
39800.46,24526.75,0.0,15273.72,0.0,12244.65,0.814,0.236,0.883,0.3838,0,3945.17,0.0,0,0,0.1838,0
66058.97,36003.4,5000.0,25055.56,0.0757,23818.89,0.921,0.052,0.935,0.455,0,8952.04,75000.0,0,0,0.0133,0
21421.16,15468.27,1500.0,4452.89,0.07,12616.13,0.86,0.187,0.881,0.2779,0,5494.25,18000.0,0,0,0.4267,1
26329.93,16985.58,1500.0,7844.35,0.057,12940.54,0.753,0.245,0.777,0.3549,0,5952.49,18000.0,0,0,0.6203,1
29596.5,16517.73,1500.0,11578.76,0.0507,15384.47,0.887,0.102,0.85,0.4419,0,5620.15,18000.0,0,0,0.1385,0
47228.02,32295.28,4500.0,10432.75,0.0953,16650.29,0.865,0.106,0.83,0.3162,0,3930.44,54000.0,0,0,0.235,0
44638.76,26598.11,0.0,18040.65,0.0,10191.64,0.974,0.098,0.942,0.4041,0,6802.32,0.0,0,0,0.0352,0
71957.62,40712.61,0.0,31245.01,0.0,28045.76,0.909,0.093,0.89,0.4342,0,5718.46,0.0,0,0,0.0045,0
47122.0,30478.88,4500.0,12143.12,0.0955,7279.07,0.875,0.154,0.758,0.3532,0,5733.7,54000.0,0,0,0.4983,1
106975.35,72915.15,3000.0,31060.21,0.028,17428.07,0.832,0.196,0.946,0.3184,0,14580.92,54000.0,0,0,0.0245,0
39691.03,21619.66,10000.0,8071.37,0.2519,46044.92,0.688,0.233,0.838,0.4553,1,6257.68,180000.0,0,0,0.7079,1
26428.01,17132.48,3000.0,6295.53,0.1135,10139.7,0.842,0.187,0.765,0.3517,0,3499.24,36000.0,0,0,0.6868,1
72389.43,41268.78,15000.0,16120.65,0.2072,12840.86,0.675,0.235,0.821,0.4299,0,14145.7,270000.0,0,0,0.7639,1
62580.53,31135.05,2500.0,28945.49,0.0399,37880.49,0.955,0.061,0.962,0.5025,0,5361.74,37500.0,0,0,0.002,0
65937.54,37981.76,5000.0,22955.79,0.0758,22158.36,0.977,0.137,0.88,0.424,0,9092.71,75000.0,0,0,0.0343,0
37642.92,21866.58,2500.0,13276.34,0.0664,42790.4,0.937,0.15,0.929,0.4191,0,7565.35,37500.0,1,9,0.0166,0
59682.3,40131.38,15000.0,4550.92,0.2513,31857.04,0.689,0.17,0.946,0.3276,1,14039.13,270000.0,1,14,0.7826,1
52422.47,28785.21,2500.0,21137.26,0.0477,30645.38,0.952,0.1,0.929,0.4509,0,6393.57,37500.0,0,0,0.0113,0
42898.16,28829.09,0.0,14069.06,0.0,5762.26,0.859,0.218,0.79,0.328,0,5813.96,0.0,0,0,0.3317,1
72334.13,42218.02,6000.0,24116.11,0.0829,26918.98,0.687,0.217,0.89,0.4163,0,13028.5,108000.0,1,9,0.0901,0
74184.06,50562.23,6000.0,17621.83,0.0809,42485.84,0.707,0.225,0.868,0.3184,0,12243.67,108000.0,1,20,0.0588,1
41140.77,32042.56,14000.0,-4901.79,0.3403,1519.43,0.595,0.498,0.682,0.2211,4,7339.88,336000.0,1,30,1.0,1
51423.34,20777.46,2500.0,28145.88,0.0486,16503.95,0.94,0.103,0.977,0.596,0,5808.56,37500.0,0,0,0.0139,0
79553.91,40159.41,2500.0,36894.5,0.0314,24532.16,0.968,0.131,0.893,0.4952,0,7177.18,37500.0,0,0,0.0049,0
20273.42,12170.19,1500.0,6603.23,0.074,11218.26,0.854,0.137,0.758,0.3997,0,3029.88,18000.0,0,0,0.4903,1
17233.43,12912.93,6000.0,-1679.5,0.3482,4586.7,0.547,0.284,0.653,0.2507,1,6114.52,144000.0,1,14,0.9994,1
31085.72,22047.86,1500.0,7537.86,0.0483,16542.48,0.791,0.177,0.871,0.2907,0,3364.76,18000.0,0,0,0.2952,0
52496.16,27790.91,0.0,24705.25,0.0,10937.63,0.95,0.104,0.954,0.4706,0,7670.95,0.0,0,0,0.0194,0
15000.0,12792.74,10000.0,-7792.74,0.6667,739.19,0.514,0.473,0.508,0.1472,3,7035.18,240000.0,1,7,1.0,1
34412.44,14386.59,2500.0,17525.85,0.0726,22164.15,0.938,0.06,0.941,0.5819,0,8836.39,37500.0,1,5,0.0278,0
27889.18,20410.88,10000.0,-2521.7,0.3586,4107.29,0.58,0.394,0.646,0.2681,3,6039.56,240000.0,0,0,1.0,1
30399.26,21562.68,14000.0,-5163.42,0.4605,2634.88,0.67,0.359,0.732,0.2907,2,6520.03,336000.0,1,14,0.9999,1
64231.71,30957.61,5000.0,28274.1,0.0778,28287.44,0.938,0.105,0.933,0.518,0,5375.11,75000.0,1,9,0.0099,0
42671.06,26960.81,0.0,15710.26,0.0,17136.42,0.872,0.205,0.843,0.3682,0,3273.2,0.0,0,0,0.1114,0
53535.65,28494.93,5000.0,20040.72,0.0934,24072.97,0.932,0.071,0.945,0.4677,0,8741.59,75000.0,1,6,0.0253,0
75349.43,43545.18,6000.0,25804.25,0.0796,17673.96,0.836,0.281,0.82,0.4221,0,9218.76,108000.0,0,0,0.1772,0
76893.16,38834.16,0.0,38059.01,0.0,34509.97,0.942,0.106,0.954,0.495,0,6841.55,0.0,0,0,0.0011,0
47741.47,40587.99,6000.0,1153.47,0.1257,2481.14,0.614,0.474,0.619,0.1498,4,4857.83,144000.0,0,0,0.9999,1
36432.91,31528.67,14000.0,-9095.76,0.3843,3273.16,0.614,0.346,0.734,0.1346,2,6155.28,336000.0,0,0,0.9999,1
52593.61,30315.46,0.0,22278.15,0.0,29590.82,0.947,0.064,0.88,0.4236,0,8522.93,0.0,0,0,0.0071,0
25605.94,18853.69,6000.0,752.25,0.2343,2074.75,0.654,0.469,0.654,0.2637,1,5141.11,144000.0,0,0,0.9992,1
40304.98,31755.88,6000.0,2549.1,0.1489,1641.3,0.591,0.268,0.7,0.2121,1,6901.65,144000.0,0,0,0.9924,1
34144.29,29428.78,18000.0,-13284.49,0.5272,2742.02,0.596,0.432,0.593,0.1381,1,5772.3,432000.0,0,0,1.0,1
33880.73,27961.52,10000.0,-4080.79,0.2952,1723.23,0.632,0.279,0.639,0.1747,1,7760.7,240000.0,1,35,0.9992,1
30914.29,17071.83,0.0,13842.46,0.0,9500.66,0.836,0.135,0.837,0.4478,0,5081.27,0.0,0,0,0.1601,0
50743.85,22094.29,2500.0,26149.56,0.0493,8379.68,0.929,0.135,0.956,0.5646,0,6821.01,37500.0,0,0,0.0421,0
46455.8,25041.3,3000.0,18414.5,0.0646,24390.98,0.805,0.184,0.879,0.461,0,11216.5,54000.0,1,21,0.0891,0
61366.11,31986.39,2500.0,26879.72,0.0407,27215.71,0.952,0.065,0.945,0.4788,0,8752.62,37500.0,0,0,0.0059,0
82171.04,52672.2,3000.0,26498.84,0.0365,20557.82,0.809,0.245,0.888,0.359,0,10342.06,54000.0,0,0,0.0616,0
53118.29,23396.2,0.0,29722.09,0.0,47710.21,0.9,0.08,0.955,0.5595,0,6012.34,0.0,1,6,0.0008,0
42343.6,30360.73,6000.0,5982.87,0.1417,4442.25,0.502,0.429,0.586,0.283,3,5355.74,144000.0,1,9,0.9998,1
30015.17,18601.62,3000.0,8413.55,0.0999,5057.93,0.719,0.153,0.892,0.3803,0,5827.03,36000.0,0,0,0.5901,1
29433.45,22795.63,14000.0,-7362.17,0.4756,2241.15,0.619,0.411,0.689,0.2255,1,7332.84,336000.0,1,23,0.9999,1
22455.77,17649.09,10000.0,-5193.32,0.4453,3961.33,0.511,0.489,0.532,0.2141,2,6024.92,240000.0,0,0,1.0,1
32812.77,24471.39,6000.0,2341.38,0.1829,4768.27,0.573,0.314,0.627,0.2542,4,6299.81,144000.0,1,25,0.9999,1
60591.45,34762.87,0.0,25828.58,0.0,41630.01,0.91,0.136,0.939,0.4263,0,9689.14,0.0,0,0,0.0029,0
83663.9,46744.55,0.0,36919.35,0.0,15651.83,0.945,0.121,0.893,0.4413,0,8030.55,0.0,1,4,0.007,0
31060.43,23106.02,0.0,7954.41,0.0,12054.46,0.851,0.179,0.813,0.2561,0,4866.5,0.0,0,0,0.2804,0
69120.66,31852.32,0.0,37268.34,0.0,27464.37,0.944,0.06,0.973,0.5392,0,5403.9,0.0,0,0,0.0013,0
91037.92,37425.39,0.0,53612.52,0.0,31358.56,0.966,0.058,0.966,0.5889,0,9172.27,0.0,0,0,0.0002,0
55884.09,25845.34,2500.0,27538.75,0.0447,26887.79,0.947,0.129,0.946,0.5375,0,7058.91,37500.0,0,0,0.009,0
55114.52,22108.87,2500.0,30505.65,0.0454,35817.23,0.916,0.139,0.966,0.5989,0,5531.94,37500.0,0,0,0.0039,0
76266.74,39581.16,0.0,36685.59,0.0,20124.97,0.902,0.125,0.901,0.481,0,7101.45,0.0,0,0,0.0058,0
28604.7,21218.33,14000.0,-6613.63,0.4894,4441.4,0.587,0.298,0.726,0.2582,1,4103.23,336000.0,0,0,0.9999,1
42949.9,19928.85,0.0,23021.05,0.0,40866.34,0.954,0.056,0.973,0.536,0,9998.37,0.0,0,0,0.0017,0
125426.12,76687.19,15000.0,33738.94,0.1196,18836.6,0.713,0.229,0.873,0.3886,0,14023.1,270000.0,0,0,0.1028,0
52720.29,31048.24,1500.0,20172.06,0.0285,15594.2,0.889,0.137,0.864,0.4111,0,4344.39,18000.0,0,0,0.063,1
29003.83,23605.26,14000.0,-8601.43,0.4827,5527.84,0.618,0.47,0.589,0.1861,1,4855.36,336000.0,0,0,1.0,1
41079.73,28020.75,1500.0,11558.98,0.0365,15194.27,0.87,0.172,0.898,0.3179,0,5780.12,18000.0,0,0,0.1569,1
95587.7,57984.08,3000.0,34603.62,0.0314,12162.36,0.768,0.197,0.808,0.3934,1,11773.41,54000.0,1,17,0.1705,0
92558.16,54799.1,0.0,37759.06,0.0,31470.77,0.97,0.142,0.947,0.4079,0,6989.39,0.0,1,8,0.0017,0
37723.49,24220.95,1500.0,12002.54,0.0398,15622.87,0.73,0.17,0.891,0.3579,0,3818.75,18000.0,0,0,0.2234,1
50736.2,36010.24,4500.0,10225.96,0.0887,9649.05,0.822,0.138,0.907,0.2902,0,4723.29,54000.0,0,0,0.3199,1
90119.95,51699.55,10000.0,28420.4,0.111,28273.13,0.658,0.208,0.861,0.4263,0,6207.77,180000.0,0,0,0.087,0
112227.48,77148.42,3000.0,32079.05,0.0267,11530.35,0.794,0.263,0.813,0.3126,1,13317.95,54000.0,0,0,0.2634,1
36893.32,24049.2,1500.0,11344.12,0.0407,10490.31,0.754,0.237,0.813,0.3481,0,3900.68,18000.0,0,0,0.4878,1
38459.16,16393.78,5000.0,17065.38,0.13,23631.18,0.98,0.083,0.918,0.5737,0,8592.21,75000.0,0,0,0.0509,0
15000.0,12440.02,18000.0,-15440.02,1.2,6153.07,0.659,0.26,0.583,0.1707,2,5258.07,432000.0,1,30,1.0,1
93353.94,53439.13,10000.0,29914.81,0.1071,28759.79,0.671,0.268,0.88,0.4276,0,11902.0,180000.0,1,7,0.0905,0
52859.82,38340.34,4500.0,10019.48,0.0851,4905.12,0.806,0.213,0.825,0.2747,0,3614.4,54000.0,0,0,0.6297,0
73639.66,35334.4,0.0,38305.27,0.0,35144.76,0.968,0.128,0.909,0.5202,0,8394.39,0.0,0,0,0.0013,0
43034.89,29592.29,4500.0,8942.6,0.1046,10803.72,0.853,0.241,0.787,0.3124,0,3060.65,54000.0,0,0,0.6484,0
35000.0,23536.83,15000.0,-3536.83,0.4286,21608.79,0.654,0.241,0.855,0.3275,0,13488.37,270000.0,0,0,0.9884,1
37205.99,31045.46,6000.0,160.53,0.1613,1462.58,0.565,0.459,0.69,0.1656,1,6135.83,144000.0,0,0,0.9986,1
31064.92,22325.32,3000.0,5739.6,0.0966,11881.24,0.889,0.204,0.91,0.2813,0,4800.66,36000.0,0,0,0.4431,0
29316.31,24765.26,18000.0,-13448.95,0.614,3121.94,0.659,0.396,0.668,0.1552,4,4362.65,432000.0,1,14,1.0,1
45778.8,20204.44,2500.0,23074.36,0.0546,33358.47,0.91,0.077,0.964,0.5587,0,7440.3,37500.0,1,3,0.0069,0
83302.77,48343.16,5000.0,29959.62,0.06,35921.14,0.962,0.073,0.882,0.4197,0,5707.74,75000.0,0,0,0.004,0
74477.48,47187.94,6000.0,21289.53,0.0806,12516.64,0.738,0.16,0.86,0.3664,0,14236.59,108000.0,0,0,0.1965,0
66439.0,30124.25,0.0,36314.75,0.0,31354.29,0.964,0.111,0.891,0.5466,0,5933.73,0.0,0,0,0.0021,0
60426.51,27547.75,0.0,32878.76,0.0,40522.02,0.97,0.067,0.923,0.5441,0,8866.52,0.0,0,0,0.0009,0
76717.25,39183.7,2500.0,35033.54,0.0326,26130.71,0.972,0.14,0.913,0.4892,0,5124.38,37500.0,0,0,0.005,0
22513.75,17122.26,14000.0,-8608.51,0.6218,1586.82,0.588,0.432,0.724,0.2395,2,4817.87,336000.0,1,13,1.0,1
39055.76,22369.28,0.0,16686.48,0.0,8585.12,0.76,0.142,0.853,0.4272,0,5284.05,0.0,0,0,0.1624,0
32097.96,22193.3,1500.0,8404.66,0.0467,4198.35,0.764,0.183,0.874,0.3086,0,3033.6,18000.0,0,0,0.5119,0
67673.18,29966.4,0.0,37706.79,0.0,21527.31,0.916,0.105,0.892,0.5572,0,5255.66,0.0,1,2,0.0042,0
35000.0,24161.06,15000.0,-4161.06,0.4286,31350.07,0.806,0.24,0.868,0.3097,0,14523.79,270000.0,1,15,0.9619,1
33425.78,19150.57,3000.0,11275.22,0.0898,4579.69,0.706,0.225,0.774,0.4271,0,5189.32,36000.0,0,0,0.7585,1
23493.62,13758.96,3000.0,6734.66,0.1277,14548.21,0.781,0.16,0.779,0.4144,0,5614.85,36000.0,0,0,0.6254,1
57904.68,33152.45,0.0,24752.24,0.0,26995.55,0.9,0.077,0.94,0.4275,0,5666.94,0.0,0,0,0.0064,0
37336.95,31879.68,10000.0,-4542.73,0.2678,5239.43,0.652,0.343,0.561,0.1462,3,5678.69,240000.0,1,16,0.9999,1
28927.54,25557.62,10000.0,-6630.08,0.3457,5053.64,0.649,0.367,0.557,0.1165,1,5701.72,240000.0,1,24,0.9998,1
81133.76,41287.27,10000.0,29846.49,0.1233,10493.65,0.848,0.211,0.802,0.4911,0,11872.74,180000.0,1,19,0.2043,0
44123.22,27116.49,1500.0,15506.72,0.034,16293.65,0.729,0.168,0.9,0.3854,0,5518.7,18000.0,0,0,0.1507,1
67126.31,33643.48,0.0,33482.83,0.0,17016.74,0.91,0.092,0.887,0.4988,0,7079.58,0.0,0,0,0.0083,0
45454.83,36638.84,14000.0,-5184.01,0.308,2027.16,0.552,0.485,0.633,0.194,3,5460.18,336000.0,0,0,1.0,1
84699.4,45615.74,10000.0,29083.66,0.1181,23083.55,0.846,0.22,0.923,0.4614,0,10462.56,180000.0,1,21,0.057,0
95082.49,51798.99,6000.0,37283.5,0.0631,10394.74,0.747,0.275,0.934,0.4552,0,6159.34,108000.0,1,6,0.0726,0
60936.42,36390.75,0.0,24545.67,0.0,26648.33,0.934,0.081,0.971,0.4028,0,6188.49,0.0,0,0,0.0053,0
80759.88,32822.75,0.0,47937.13,0.0,18107.76,0.955,0.071,0.966,0.5936,0,6077.41,0.0,1,5,0.001,0
95320.53,61502.83,6000.0,27817.7,0.0629,15461.09,0.816,0.241,0.858,0.3548,0,11190.85,108000.0,0,0,0.1081,0
46014.76,25410.37,0.0,20604.39,0.0,13162.67,0.975,0.079,0.922,0.4478,0,7730.12,0.0,0,0,0.0221,0
25841.69,19377.83,1500.0,4963.86,0.058,9311.3,0.877,0.201,0.808,0.2501,0,5521.61,18000.0,0,0,0.5463,0
27430.65,21040.53,6000.0,390.12,0.2187,1549.08,0.62,0.464,0.595,0.233,3,6510.8,144000.0,0,0,0.9999,1
44071.85,30284.9,0.0,13786.96,0.0,13792.31,0.743,0.11,0.847,0.3128,0,3331.74,0.0,0,0,0.1326,0
131202.73,91091.48,3000.0,37111.25,0.0229,29320.14,0.83,0.169,0.859,0.3057,1,14156.29,54000.0,0,0,0.0221,0
74513.94,31616.43,5000.0,37897.51,0.0671,35218.48,0.939,0.095,0.922,0.5757,0,9725.25,75000.0,0,0,0.0022,0
37709.46,32522.44,14000.0,-8812.99,0.3713,1778.4,0.621,0.391,0.715,0.1376,3,4489.15,336000.0,1,18,1.0,1
36455.34,25944.28,0.0,10511.06,0.0,16201.28,0.701,0.174,0.767,0.2883,0,3828.23,0.0,0,0,0.3109,0
58280.69,32421.43,0.0,25859.25,0.0,25200.32,0.952,0.142,0.948,0.4437,0,5544.86,0.0,0,0,0.0082,0
40895.54,34055.89,10000.0,-3160.36,0.2445,5056.71,0.509,0.446,0.67,0.1672,2,7599.04,240000.0,0,0,0.9998,1
40181.07,26238.08,0.0,13942.99,0.0,13368.9,0.743,0.198,0.815,0.347,0,5849.87,0.0,0,0,0.2449,0
116440.33,66404.56,3000.0,47035.77,0.0258,20732.38,0.657,0.208,0.936,0.4297,0,7858.62,54000.0,1,3,0.0088,0
80720.52,55177.36,3000.0,22543.16,0.0372,24471.1,0.76,0.191,0.81,0.3164,0,7040.01,54000.0,0,0,0.0802,0
35000.0,20428.58,15000.0,-428.58,0.4286,23427.9,0.832,0.257,0.933,0.4163,0,9429.98,270000.0,1,16,0.9594,1
64558.48,36425.49,0.0,28132.99,0.0,29651.48,0.958,0.077,0.89,0.4358,0,7014.86,0.0,0,0,0.0041,0
111313.68,57303.46,3000.0,51010.22,0.027,10256.5,0.828,0.241,0.943,0.4852,2,9346.74,54000.0,0,0,0.0771,0
38226.27,29475.05,10000.0,-1248.78,0.2616,3978.34,0.667,0.422,0.505,0.2289,1,4577.9,240000.0,0,0,0.9996,1
41389.57,33393.95,6000.0,1995.62,0.145,705.34,0.533,0.309,0.626,0.1932,1,7790.41,144000.0,0,0,0.9969,1
30848.57,20998.56,0.0,9850.02,0.0,16789.77,0.814,0.216,0.908,0.3193,0,4004.57,0.0,0,0,0.1707,0
47311.22,22194.46,0.0,25116.76,0.0,29888.21,0.951,0.145,0.98,0.5309,0,7995.06,0.0,1,2,0.0054,0
51722.35,30027.45,3000.0,18694.9,0.058,21696.62,0.789,0.188,0.847,0.4194,0,13781.93,54000.0,0,0,0.1215,0
33116.49,14521.78,2500.0,16094.71,0.0755,44937.1,0.91,0.06,0.951,0.5615,0,6533.86,37500.0,0,0,0.0066,0
75001.62,39666.8,2500.0,32834.82,0.0333,44647.04,0.923,0.082,0.924,0.4711,0,9924.69,37500.0,1,2,0.0012,0
38696.85,27923.61,3000.0,7773.24,0.0775,7968.86,0.743,0.16,0.836,0.2784,0,5517.36,36000.0,0,0,0.5601,1
51412.06,37138.02,10000.0,4274.04,0.1945,3138.57,0.55,0.358,0.659,0.2776,1,4208.74,240000.0,0,0,0.9975,1
31921.58,23856.89,1500.0,6564.69,0.047,9159.94,0.725,0.182,0.896,0.2526,0,3888.25,18000.0,0,0,0.4666,1
76927.51,41026.04,5000.0,30901.48,0.065,39373.67,0.97,0.108,0.923,0.4667,0,9091.06,75000.0,0,0,0.003,0
30745.39,26883.96,6000.0,-2138.56,0.1952,994.14,0.595,0.283,0.599,0.1256,1,5454.51,144000.0,0,0,0.9983,1
27510.92,20581.11,10000.0,-3070.19,0.3635,2390.83,0.614,0.305,0.689,0.2519,1,7688.53,240000.0,1,19,0.9995,1
70637.83,40118.26,15000.0,15519.58,0.2124,31973.62,0.683,0.156,0.868,0.4321,0,12945.01,270000.0,1,14,0.2898,0
49174.08,27963.61,0.0,21210.47,0.0,13779.87,0.702,0.189,0.901,0.4313,0,5946.12,0.0,0,0,0.1012,0
42873.91,31132.88,3000.0,8741.03,0.07,10672.54,0.813,0.118,0.84,0.2739,0,5376.65,36000.0,0,0,0.3454,1
75123.83,38783.11,3000.0,33340.71,0.0399,27472.37,0.776,0.244,0.948,0.4837,0,8987.16,54000.0,1,20,0.0175,0
28769.24,23791.67,18000.0,-13022.43,0.6257,5003.36,0.598,0.304,0.542,0.173,1,6872.95,432000.0,0,0,1.0,1
42254.38,26603.0,1500.0,14151.38,0.0355,4879.16,0.711,0.119,0.835,0.3704,0,3887.44,18000.0,0,0,0.3341,0
40500.61,23260.46,0.0,17240.15,0.0,14579.37,0.895,0.202,0.821,0.4257,0,5269.0,0.0,0,0,0.1178,0
35000.0,17577.2,15000.0,2422.8,0.4286,18334.44,0.771,0.18,0.938,0.4978,1,14902.66,270000.0,1,23,0.9827,1
40702.61,24266.41,0.0,16436.2,0.0,13431.71,0.896,0.144,0.898,0.4038,0,3063.07,0.0,0,0,0.0675,0
73657.73,37794.73,0.0,35863.0,0.0,19303.36,0.913,0.089,0.899,0.4869,0,7080.35,0.0,0,0,0.0052,0
70380.43,41167.1,5000.0,24213.33,0.071,25953.61,0.927,0.077,0.935,0.4151,0,9966.86,75000.0,0,0,0.0136,0
45063.89,32413.09,1500.0,11150.8,0.0333,14066.23,0.891,0.177,0.905,0.2807,1,5541.47,18000.0,0,0,0.3627,0
39744.91,25460.71,3000.0,11284.2,0.0755,6492.15,0.72,0.139,0.878,0.3594,0,3962.29,36000.0,0,0,0.4335,1
46033.02,26336.45,0.0,19696.57,0.0,33817.18,0.973,0.097,0.908,0.4279,0,5018.73,0.0,0,0,0.0066,0
49473.42,29938.2,0.0,19535.21,0.0,5042.3,0.855,0.242,0.767,0.3949,0,5880.04,0.0,0,0,0.2963,1
34946.95,25780.99,1500.0,7665.96,0.0429,14960.5,0.831,0.112,0.791,0.2623,0,4586.06,18000.0,0,0,0.2749,0
42454.6,33530.27,18000.0,-9075.66,0.424,2697.87,0.692,0.332,0.721,0.2102,3,4842.72,432000.0,1,8,1.0,1
120840.84,81082.2,15000.0,24758.64,0.1241,10122.7,0.738,0.159,0.912,0.329,0,10031.02,270000.0,0,0,0.1986,0
79956.42,40680.13,5000.0,34276.29,0.0625,22486.11,0.943,0.074,0.965,0.4912,0,6034.21,75000.0,0,0,0.0052,0
59569.07,32482.31,0.0,27086.75,0.0,41951.77,0.932,0.148,0.961,0.4547,0,6388.82,0.0,0,0,0.0022,0
105114.49,63276.28,10000.0,31838.22,0.0951,31629.28,0.737,0.169,0.885,0.398,1,13136.94,180000.0,0,0,0.0693,0
60184.68,28062.84,5000.0,27121.84,0.0831,37271.71,0.969,0.082,0.926,0.5337,0,5745.48,75000.0,1,5,0.0049,0
34075.42,24016.09,14000.0,-3940.67,0.4109,979.82,0.616,0.406,0.513,0.2952,1,4297.32,336000.0,0,0,0.9999,1
91967.39,46889.6,0.0,45077.79,0.0,41790.31,0.92,0.064,0.965,0.4901,0,5932.56,0.0,0,0,0.0003,0
40092.59,31327.26,6000.0,2765.33,0.1497,4848.49,0.696,0.449,0.575,0.2186,3,7035.73,144000.0,0,0,0.9997,1
61678.98,33587.44,0.0,28091.54,0.0,29827.2,0.966,0.15,0.888,0.4554,0,9010.31,0.0,0,0,0.0065,0
69311.5,42903.38,15000.0,11408.12,0.2164,8572.11,0.716,0.288,0.84,0.381,2,12032.37,270000.0,0,0,0.987,1
47906.23,20250.49,0.0,27655.75,0.0,20535.81,0.928,0.126,0.941,0.5773,0,9261.18,0.0,0,0,0.0098,0
22135.6,17592.41,14000.0,-9456.82,0.6325,3775.24,0.506,0.254,0.532,0.2052,1,5718.2,336000.0,0,0,1.0,1
45462.02,27681.5,0.0,17780.52,0.0,18729.14,0.716,0.159,0.776,0.3911,0,4884.55,0.0,0,0,0.1369,0
51611.98,26983.06,5000.0,19628.91,0.0969,18079.58,0.96,0.105,0.916,0.4772,0,9397.09,75000.0,0,0,0.0541,0
44523.46,31504.78,14000.0,-981.32,0.3144,4704.68,0.597,0.276,0.569,0.2924,3,6199.95,336000.0,0,0,0.9999,1
45994.28,30945.35,1500.0,13548.93,0.0326,16219.23,0.787,0.189,0.79,0.3272,1,4766.38,18000.0,0,0,0.5116,1
48922.93,28488.95,0.0,20433.97,0.0,11100.96,0.836,0.147,0.885,0.4177,0,5288.06,0.0,0,0,0.0728,0
23393.55,13954.7,1500.0,7938.86,0.0641,16009.08,0.802,0.249,0.917,0.4035,0,4328.61,18000.0,0,0,0.375,0
52095.06,24259.13,0.0,27835.93,0.0,33024.31,0.906,0.07,0.929,0.5343,0,7427.48,0.0,0,0,0.0031,0
24390.88,16414.74,4500.0,3476.14,0.1845,13496.25,0.722,0.132,0.83,0.327,1,5315.43,54000.0,0,0,0.9086,1
43234.27,36975.16,10000.0,-3740.88,0.2313,4015.49,0.659,0.399,0.579,0.1448,2,6134.03,240000.0,1,35,0.9998,1
56825.25,31558.83,0.0,25266.42,0.0,32270.29,0.903,0.086,0.941,0.4446,0,9620.17,0.0,0,0,0.0044,0
21974.54,17099.49,14000.0,-9124.95,0.6371,4829.24,0.62,0.418,0.597,0.2218,2,7959.47,336000.0,0,0,1.0,1
76815.93,42464.04,0.0,34351.89,0.0,22243.94,0.907,0.051,0.923,0.4472,0,9941.95,0.0,0,0,0.0034,0
37819.22,25332.64,0.0,12486.58,0.0,15959.2,0.777,0.242,0.85,0.3302,0,4877.0,0.0,0,0,0.235,0
32403.3,28895.26,6000.0,-2491.96,0.1852,500.0,0.644,0.404,0.67,0.1083,1,5255.52,144000.0,1,12,0.9987,1
61022.92,36239.68,0.0,24783.25,0.0,34483.18,0.947,0.07,0.959,0.4061,0,5563.04,0.0,1,3,0.0028,0
60177.89,25341.82,0.0,34836.07,0.0,33523.52,0.94,0.129,0.895,0.5789,0,6617.89,0.0,0,0,0.0024,0
118940.49,63179.25,10000.0,45761.24,0.0841,23851.35,0.663,0.179,0.898,0.4688,1,8274.12,180000.0,0,0,0.04,0
70916.16,39339.13,0.0,31577.03,0.0,24490.1,0.937,0.127,0.914,0.4453,0,5251.07,0.0,0,0,0.0058,0
34338.52,20819.82,3000.0,10518.71,0.0874,16186.85,0.71,0.159,0.813,0.3937,0,5735.26,36000.0,0,0,0.426,0
88713.7,53712.58,15000.0,20001.12,0.1691,22586.14,0.713,0.236,0.875,0.3945,0,10104.95,270000.0,0,0,0.3414,1
99151.79,54747.82,10000.0,34403.97,0.1009,24519.37,0.838,0.25,0.931,0.4478,0,9241.06,180000.0,1,6,0.0327,0
73364.16,37093.78,0.0,36270.39,0.0,21620.66,0.922,0.15,0.887,0.4944,0,6086.29,0.0,1,11,0.0064,0
78290.72,54365.73,3000.0,20924.98,0.0383,27853.04,0.67,0.167,0.886,0.3056,0,9300.0,54000.0,1,12,0.0587,0
53791.19,38538.44,1500.0,13752.75,0.0279,10499.12,0.819,0.14,0.86,0.2836,1,3147.16,18000.0,0,0,0.4069,1
16111.2,14354.72,10000.0,-8243.52,0.6207,3598.78,0.566,0.295,0.561,0.109,3,6457.64,240000.0,1,12,1.0,1
38028.04,28508.15,1500.0,8019.89,0.0394,11119.27,0.762,0.232,0.883,0.2503,0,5450.58,18000.0,0,0,0.4469,1
34622.97,22287.36,1500.0,10835.61,0.0433,9838.51,0.758,0.126,0.88,0.3563,1,5333.37,18000.0,0,0,0.5239,0
31798.82,18358.7,1500.0,11940.12,0.0472,9197.49,0.821,0.206,0.866,0.4227,0,3990.93,18000.0,0,0,0.3471,0
55870.83,32118.31,3000.0,20752.52,0.0537,20116.69,0.668,0.275,0.928,0.4251,0,6582.95,54000.0,1,7,0.176,0
70875.77,31285.77,0.0,39590.0,0.0,35693.74,0.911,0.057,0.979,0.5586,0,7710.48,0.0,0,0,0.0006,0
98270.04,56520.2,15000.0,26749.84,0.1526,16414.48,0.783,0.293,0.83,0.4248,1,8892.17,270000.0,1,6,0.6187,1
57201.39,28235.57,5000.0,23965.82,0.0874,43908.34,0.934,0.11,0.885,0.5064,0,8240.84,75000.0,0,0,0.0069,0
36571.2,20122.96,1500.0,14948.24,0.041,12134.38,0.738,0.129,0.861,0.4498,0,3940.22,18000.0,0,0,0.199,1
52468.72,36425.21,0.0,16043.51,0.0,15585.6,0.718,0.112,0.822,0.3058,1,3653.19,0.0,0,0,0.2897,1
39790.72,27295.42,1500.0,10995.3,0.0377,8615.07,0.872,0.173,0.773,0.314,0,4987.29,18000.0,0,0,0.3759,1
91447.37,48236.49,5000.0,38210.88,0.0547,33326.55,0.947,0.128,0.905,0.4725,0,9510.97,75000.0,0,0,0.0029,0
80323.56,49503.54,3000.0,27820.02,0.0373,25763.7,0.843,0.272,0.816,0.3837,0,11350.26,54000.0,0,0,0.058,0
20062.23,11439.79,3000.0,5622.44,0.1495,15330.02,0.883,0.213,0.89,0.4298,0,3790.72,36000.0,0,0,0.5566,0
43026.64,29160.87,1500.0,12365.77,0.0349,13428.65,0.785,0.111,0.755,0.3223,0,4315.29,18000.0,0,0,0.2603,0
36406.09,18027.51,0.0,18378.58,0.0,34419.34,0.931,0.132,0.925,0.5048,0,9477.6,0.0,1,10,0.0093,0
41772.23,28398.79,0.0,13373.44,0.0,10980.4,0.727,0.123,0.857,0.3202,0,5578.93,0.0,0,0,0.1753,0
25675.32,19206.79,10000.0,-3531.48,0.3895,1512.34,0.683,0.394,0.685,0.2519,2,4115.43,240000.0,0,0,0.9999,1
48311.18,26299.73,5000.0,17011.45,0.1035,37013.9,0.933,0.125,0.92,0.4556,0,8819.99,75000.0,1,4,0.0231,0
55313.07,29795.99,5000.0,20517.08,0.0904,24962.78,0.932,0.068,0.909,0.4613,0,6453.25,75000.0,0,0,0.0259,0
85446.8,56288.37,3000.0,26158.43,0.0351,23206.33,0.771,0.25,0.898,0.3412,0,9119.2,54000.0,1,18,0.0577,0
39390.15,22071.58,1500.0,15818.57,0.0381,8596.94,0.851,0.144,0.88,0.4397,0,3737.48,18000.0,0,0,0.1671,0
69907.82,37895.92,6000.0,26011.9,0.0858,36669.26,0.834,0.246,0.826,0.4579,0,9844.83,108000.0,0,0,0.0417,0
119025.17,76703.52,10000.0,32321.65,0.084,25518.33,0.68,0.275,0.94,0.3556,0,10394.17,180000.0,0,0,0.0571,0
67476.88,45574.26,3000.0,18902.63,0.0445,28460.63,0.809,0.219,0.849,0.3246,0,7508.53,54000.0,1,14,0.0761,0
44938.83,25241.52,1500.0,18197.31,0.0334,15991.51,0.717,0.236,0.904,0.4383,0,5778.57,18000.0,0,0,0.1827,0
91546.52,51376.99,3000.0,37169.53,0.0328,34873.36,0.715,0.244,0.826,0.4388,0,10212.55,54000.0,0,0,0.0151,0
64097.32,34182.16,2500.0,27415.16,0.039,32384.99,0.939,0.069,0.969,0.4667,0,5456.54,37500.0,0,0,0.0036,0
35675.97,20599.79,0.0,15076.18,0.0,11684.43,0.711,0.198,0.892,0.4226,0,5623.73,0.0,0,0,0.1991,0
30884.07,20819.31,1500.0,8564.75,0.0486,10221.24,0.823,0.214,0.843,0.3259,0,5805.75,18000.0,0,0,0.445,1
48886.29,32864.35,0.0,16021.94,0.0,8478.74,0.775,0.17,0.821,0.3277,0,5773.29,0.0,0,0,0.2182,0
135129.91,91814.9,3000.0,40315.01,0.0222,23339.0,0.7,0.231,0.92,0.3205,0,14856.16,54000.0,0,0,0.0142,0
49126.76,27428.2,5000.0,16698.56,0.1018,24537.36,0.933,0.145,0.962,0.4417,0,8370.13,75000.0,0,0,0.0522,0
64225.44,26368.71,5000.0,32856.73,0.0779,26659.11,0.966,0.074,0.912,0.5894,0,7983.31,75000.0,0,0,0.0061,0
57805.81,23151.55,0.0,34654.26,0.0,28728.01,0.963,0.146,0.923,0.5995,0,5734.24,0.0,0,0,0.0032,0
43171.81,25434.23,3000.0,14737.58,0.0695,12663.78,0.705,0.156,0.769,0.4109,0,3520.61,36000.0,0,0,0.4048,0
36587.68,19439.93,5000.0,12147.75,0.1367,22992.83,0.932,0.069,0.907,0.4687,0,7858.2,75000.0,0,0,0.096,0
24140.04,17830.62,3000.0,3309.42,0.1243,10427.2,0.717,0.177,0.788,0.2614,0,5630.54,36000.0,0,0,0.7971,1
45542.84,25506.95,2500.0,17535.89,0.0549,23773.28,0.937,0.072,0.913,0.4399,0,7600.45,37500.0,0,0,0.026,0
52089.03,22697.34,2500.0,26891.69,0.048,41528.88,0.953,0.121,0.968,0.5643,0,5376.77,37500.0,1,5,0.0028,0
70331.69,31019.9,2500.0,36811.79,0.0355,49859.45,0.964,0.105,0.929,0.5589,0,5419.76,37500.0,0,0,0.0006,0
39868.76,23262.37,4500.0,12106.4,0.1129,20467.21,0.775,0.116,0.834,0.4165,0,5661.87,54000.0,0,0,0.249,0
35323.17,19703.07,3000.0,12620.1,0.0849,14262.53,0.873,0.189,0.848,0.4422,0,5358.93,36000.0,0,0,0.2925,0
36891.31,33173.75,6000.0,-2282.44,0.1626,3082.76,0.67,0.375,0.597,0.1008,2,4223.86,144000.0,1,32,0.9994,1
43355.51,27561.65,1500.0,14293.86,0.0346,11551.49,0.788,0.178,0.857,0.3643,0,4356.31,18000.0,0,0,0.2361,0
35000.0,22105.66,10000.0,2894.34,0.2857,28442.9,0.762,0.158,0.825,0.3684,0,8543.63,180000.0,1,3,0.7712,1
62654.59,37942.49,3000.0,21712.1,0.0479,16167.79,0.827,0.163,0.867,0.3944,0,11542.6,54000.0,0,0,0.088,0
57453.29,34451.26,0.0,23002.02,0.0,37562.87,0.902,0.132,0.9,0.4004,0,6185.74,0.0,0,0,0.0061,0
51688.76,31047.06,15000.0,5641.69,0.2902,30051.35,0.813,0.198,0.947,0.3993,0,6562.04,270000.0,0,0,0.5915,0
31522.29,20561.91,0.0,10960.38,0.0,14333.49,0.884,0.152,0.904,0.3477,1,3018.39,0.0,0,0,0.2636,1
49957.02,21084.63,0.0,28872.39,0.0,30347.69,0.975,0.119,0.967,0.5779,0,5216.07,0.0,1,1,0.0031,0
34639.74,28663.04,14000.0,-8023.29,0.4042,1074.22,0.536,0.49,0.66,0.1725,3,6160.26,336000.0,0,0,1.0,1
42421.91,37783.43,14000.0,-9361.52,0.33,3349.93,0.61,0.251,0.51,0.1093,1,4744.03,336000.0,0,0,0.9998,1
29587.75,16858.31,0.0,12729.44,0.0,4592.94,0.835,0.181,0.826,0.4302,0,5483.04,0.0,0,0,0.3021,1
68485.2,38894.45,0.0,29590.75,0.0,31345.16,0.952,0.068,0.936,0.4321,1,7591.58,0.0,1,5,0.0073,0
26654.72,21786.26,6000.0,-1131.54,0.2251,3138.77,0.506,0.455,0.569,0.1826,3,5152.87,144000.0,0,0,1.0,1
44227.12,36354.53,10000.0,-2127.41,0.2261,500.0,0.683,0.419,0.601,0.178,3,4724.25,240000.0,1,34,0.9999,1
69742.45,39604.93,5000.0,25137.51,0.0717,40654.25,0.922,0.067,0.928,0.4321,0,6135.96,75000.0,0,0,0.0043,0
27925.03,17347.53,0.0,10577.5,0.0,10383.11,0.721,0.236,0.92,0.3788,0,3163.57,0.0,0,0,0.3082,0
26573.08,16217.15,0.0,10355.93,0.0,11257.88,0.855,0.207,0.858,0.3897,0,5727.12,0.0,0,0,0.2383,0
26899.13,21657.2,6000.0,-758.06,0.2231,2098.48,0.587,0.395,0.631,0.1949,1,6169.78,144000.0,1,12,0.9991,1
61378.26,30963.45,3000.0,27414.81,0.0489,25991.66,0.763,0.256,0.83,0.4955,0,7642.29,54000.0,1,11,0.0711,0
65087.98,33736.9,3000.0,28351.08,0.0461,13215.39,0.795,0.292,0.892,0.4817,0,12857.73,54000.0,0,0,0.1267,1
36625.52,26845.61,0.0,9779.9,0.0,11413.47,0.808,0.189,0.842,0.267,0,3956.4,0.0,0,0,0.2679,0
28164.04,18653.79,1500.0,8010.25,0.0533,10352.31,0.806,0.165,0.816,0.3377,0,3658.1,18000.0,0,0,0.4349,1
73243.61,40976.88,6000.0,26266.73,0.0819,36988.37,0.669,0.157,0.817,0.4405,0,10537.59,108000.0,1,7,0.0384,0
27784.18,19852.82,10000.0,-2068.64,0.3599,4567.58,0.612,0.462,0.749,0.2855,2,5380.82,240000.0,0,0,0.9999,1
61336.26,43854.67,1500.0,15981.59,0.0245,13915.39,0.883,0.194,0.893,0.285,0,5566.01,18000.0,0,0,0.1207,0
74206.98,50854.05,3000.0,20352.93,0.0404,21328.81,0.743,0.197,0.9,0.3147,0,9243.4,54000.0,0,0,0.0882,0
34510.04,27185.36,6000.0,1324.67,0.1739,3269.12,0.582,0.429,0.527,0.2122,1,4186.54,144000.0,0,0,0.9991,1
111372.31,70704.41,6000.0,34667.9,0.0539,32552.34,0.684,0.237,0.873,0.3652,0,9972.24,108000.0,0,0,0.0229,0
32507.16,18495.47,1500.0,12511.69,0.0461,8617.24,0.707,0.128,0.877,0.431,0,5004.71,18000.0,0,0,0.2998,0
98099.97,49470.64,10000.0,38629.34,0.1019,25741.94,0.842,0.279,0.825,0.4957,0,7552.07,180000.0,1,17,0.0413,0
53205.19,33746.35,3000.0,16458.84,0.0564,13573.18,0.854,0.11,0.856,0.3657,0,4672.55,36000.0,0,0,0.1235,0
29576.25,22427.75,6000.0,1148.5,0.2029,4443.32,0.607,0.279,0.637,0.2417,1,5295.4,144000.0,0,0,0.9965,1
23401.75,16815.77,10000.0,-3414.02,0.4273,4949.38,0.543,0.384,0.709,0.2814,2,6535.15,240000.0,1,33,0.9999,1
15000.0,11878.76,6000.0,-2878.76,0.4,3190.45,0.627,0.375,0.526,0.2081,1,5918.53,144000.0,1,22,0.9999,1
105712.58,62315.02,10000.0,33397.55,0.0946,10059.49,0.66,0.224,0.844,0.4105,0,14648.26,180000.0,0,0,0.1894,0
47044.21,29794.7,3000.0,14249.51,0.0638,12123.23,0.871,0.147,0.817,0.3667,0,5498.57,36000.0,0,0,0.2323,0
46779.88,31019.21,1500.0,14260.67,0.0321,7312.26,0.808,0.13,0.823,0.3369,0,5703.57,18000.0,0,0,0.2511,0
40834.48,22625.08,3000.0,15209.39,0.0735,15614.08,0.707,0.25,0.898,0.4459,0,3772.23,36000.0,0,0,0.3433,0
42534.07,19721.15,2500.0,20312.92,0.0588,15378.9,0.913,0.135,0.961,0.5363,0,9263.65,37500.0,0,0,0.0483,0
31753.48,21066.31,3000.0,7687.18,0.0945,20845.61,0.894,0.195,0.88,0.3366,0,3482.15,36000.0,0,0,0.2676,0
44147.1,24798.38,10000.0,9348.72,0.2265,8394.86,0.687,0.244,0.826,0.4383,0,8973.22,180000.0,0,0,0.9093,1
21113.65,14973.18,6000.0,140.47,0.2842,7202.06,0.698,0.415,0.591,0.2908,2,5066.2,144000.0,0,0,0.9997,1
60355.61,34286.35,0.0,26069.26,0.0,31328.59,0.917,0.054,0.894,0.4319,0,7297.19,0.0,0,0,0.0043,0
35360.75,31354.19,6000.0,-1993.43,0.1697,3750.17,0.667,0.422,0.717,0.1133,3,5385.98,144000.0,1,13,0.9997,1
39463.32,24793.48,4500.0,10169.83,0.114,4585.07,0.767,0.217,0.895,0.3717,0,4134.52,54000.0,0,0,0.6509,0
89544.53,48839.85,15000.0,25704.68,0.1675,27355.35,0.728,0.236,0.925,0.4546,0,13060.59,270000.0,0,0,0.1363,0
29052.89,25176.32,6000.0,-2123.43,0.2065,1171.77,0.522,0.498,0.57,0.1334,4,4730.13,144000.0,0,0,1.0,1
108272.18,65610.76,10000.0,32661.42,0.0924,39484.18,0.697,0.216,0.823,0.394,0,8254.9,180000.0,0,0,0.026,0
51724.72,29636.1,2500.0,19588.63,0.0483,47931.14,0.901,0.112,0.889,0.427,0,9957.54,37500.0,0,0,0.0058,0
75928.61,50964.73,3000.0,21963.88,0.0395,12780.31,0.703,0.217,0.907,0.3288,0,14349.59,54000.0,0,0,0.1619,0
47445.51,25206.97,0.0,22238.53,0.0,37399.21,0.904,0.062,0.973,0.4687,0,8981.73,0.0,0,0,0.0029,0
72164.56,39655.5,2500.0,30009.06,0.0346,29923.26,0.904,0.105,0.927,0.4505,0,6286.71,37500.0,0,0,0.0057,0
54074.05,30902.4,2500.0,20671.65,0.0462,26343.13,0.969,0.133,0.908,0.4285,0,5416.09,37500.0,1,5,0.0205,0
56400.89,25400.25,0.0,31000.64,0.0,11282.85,0.964,0.133,0.91,0.5496,0,9369.1,0.0,0,0,0.0154,0
38847.15,31719.1,10000.0,-2871.95,0.2574,1384.57,0.672,0.275,0.587,0.1835,2,7245.16,240000.0,0,0,0.9996,1
53977.27,35182.24,3000.0,15795.03,0.0556,21797.3,0.753,0.16,0.853,0.3482,0,11005.04,54000.0,0,0,0.1371,0
58322.41,34448.19,5000.0,18874.22,0.0857,14815.84,0.912,0.053,0.973,0.4093,0,7689.19,75000.0,0,0,0.0417,0
42044.06,28776.21,0.0,13267.86,0.0,11921.94,0.727,0.131,0.88,0.3156,0,3064.17,0.0,0,0,0.1582,0
24322.62,19078.69,18000.0,-12756.07,0.7401,1857.53,0.676,0.364,0.603,0.2156,2,4973.82,432000.0,0,0,1.0,1
26818.66,21307.21,10000.0,-4488.55,0.3729,2192.64,0.504,0.287,0.595,0.2055,2,4913.67,240000.0,0,0,0.9999,1
57085.72,24359.14,0.0,32726.58,0.0,37319.64,0.96,0.061,0.922,0.5733,0,5167.8,0.0,0,0,0.0012,0
40603.88,26018.42,1500.0,13085.46,0.0369,16398.34,0.799,0.106,0.902,0.3592,1,3544.46,18000.0,0,0,0.2636,0
41264.77,28154.46,3000.0,10110.31,0.0727,8386.83,0.85,0.167,0.854,0.3177,0,4538.21,36000.0,0,0,0.3912,0
73921.38,39088.77,2500.0,32332.61,0.0338,50064.09,0.958,0.114,0.932,0.4712,0,7247.41,37500.0,0,0,0.0009,0
54485.51,40559.55,1500.0,12425.96,0.0275,17452.19,0.779,0.13,0.762,0.2556,0,3749.04,18000.0,0,0,0.2127,0
57531.33,33096.07,0.0,24435.26,0.0,49448.29,0.923,0.14,0.966,0.4247,0,5129.81,0.0,0,0,0.0016,0
38437.56,24010.11,3000.0,11427.45,0.078,13765.68,0.791,0.147,0.91,0.3753,0,5531.01,36000.0,0,0,0.2448,0
53482.88,27524.68,5000.0,20958.21,0.0935,35125.44,0.923,0.129,0.929,0.4854,0,8815.1,75000.0,0,0,0.0171,0
47392.57,20181.05,5000.0,22211.52,0.1055,22585.05,0.957,0.124,0.93,0.5742,0,5550.11,75000.0,0,0,0.0362,0
29078.03,20560.09,0.0,8517.93,0.0,10886.76,0.738,0.132,0.845,0.2929,0,3942.94,0.0,0,0,0.2667,0
51162.84,30407.75,0.0,20755.09,0.0,11059.34,0.889,0.243,0.918,0.4057,0,3564.55,0.0,0,0,0.0927,0
27762.82,20580.73,3000.0,4182.09,0.1081,7503.2,0.845,0.128,0.905,0.2587,0,3490.93,36000.0,0,0,0.5047,0
28187.63,23434.19,14000.0,-9246.56,0.4967,2689.26,0.519,0.33,0.748,0.1686,2,6920.3,336000.0,0,0,1.0,1
30455.92,18179.41,0.0,12276.51,0.0,8648.63,0.815,0.149,0.889,0.4031,0,4393.88,0.0,0,0,0.1746,0
32518.51,24244.01,3000.0,5274.51,0.0923,11886.97,0.798,0.113,0.851,0.2545,0,3572.15,36000.0,0,0,0.4427,0
70508.85,39527.15,5000.0,25981.7,0.0709,36644.53,0.975,0.091,0.937,0.4394,0,8485.7,75000.0,1,1,0.0049,0
47424.24,21080.36,2500.0,23843.88,0.0527,21047.83,0.907,0.124,0.949,0.5555,0,6264.17,37500.0,0,0,0.0225,0
87071.62,59359.43,10000.0,17712.19,0.1148,28786.69,0.829,0.152,0.945,0.3183,0,13183.65,180000.0,0,0,0.0625,0
47990.87,20379.38,5000.0,22611.49,0.1042,19755.15,0.901,0.081,0.897,0.5753,0,6271.26,75000.0,0,0,0.0449,0
49477.55,21527.8,0.0,27949.76,0.0,33366.01,0.978,0.09,0.94,0.5649,0,7452.3,0.0,0,0,0.0025,0
18961.49,10947.91,1500.0,6513.58,0.0791,9063.04,0.899,0.159,0.856,0.4226,1,5494.6,18000.0,0,0,0.6859,0
53059.45,26658.17,0.0,26401.28,0.0,33806.55,0.913,0.093,0.893,0.4976,0,7281.2,0.0,0,0,0.0045,0
39982.77,29867.21,0.0,10115.56,0.0,7718.72,0.757,0.23,0.762,0.253,0,4572.86,0.0,0,0,0.5174,1
45245.89,20865.62,5000.0,19380.27,0.1105,19522.25,0.958,0.117,0.96,0.5388,0,8090.21,75000.0,0,0,0.0498,0
110824.9,74966.67,6000.0,29858.23,0.0541,13990.66,0.663,0.227,0.852,0.3236,0,14559.3,108000.0,0,0,0.1367,0
50778.64,22885.99,5000.0,22892.64,0.0985,32916.59,0.954,0.051,0.9,0.5493,0,8822.0,75000.0,1,4,0.0112,0
50307.44,41219.29,6000.0,3088.15,0.1193,3739.79,0.693,0.281,0.564,0.1807,3,6474.39,144000.0,1,21,0.9991,1
55909.56,31854.32,0.0,24055.24,0.0,35371.8,0.946,0.139,0.927,0.4303,0,9023.36,0.0,0,0,0.0051,0
19329.43,13715.43,6000.0,-386.0,0.3104,2690.87,0.529,0.389,0.546,0.2904,1,4143.96,144000.0,1,23,0.9998,1
62762.58,27407.97,2500.0,32854.61,0.0398,32099.79,0.961,0.093,0.966,0.5633,0,6394.19,37500.0,0,0,0.0025,0
39653.42,22428.84,1500.0,15724.58,0.0378,11482.81,0.806,0.235,0.92,0.4344,0,5912.37,18000.0,0,0,0.2187,0
80638.9,50747.63,6000.0,23891.27,0.0744,19020.57,0.705,0.237,0.94,0.3707,0,12923.08,108000.0,1,23,0.1216,0
33243.76,24628.76,10000.0,-1385.0,0.3008,5397.17,0.653,0.474,0.697,0.2591,1,6398.75,240000.0,0,0,0.9995,1
36144.61,25971.48,0.0,10173.12,0.0,11280.98,0.757,0.244,0.814,0.2815,0,3851.54,0.0,0,0,0.4094,1
27918.62,17372.32,3000.0,7546.3,0.1075,13513.24,0.785,0.237,0.835,0.3778,0,5251.17,36000.0,0,0,0.6278,1
40025.48,25912.02,3000.0,11113.46,0.075,9264.31,0.883,0.158,0.851,0.3526,0,5944.83,36000.0,0,0,0.3259,0
79752.31,52198.31,3000.0,24554.0,0.0376,27814.52,0.692,0.292,0.803,0.3455,1,7343.36,54000.0,1,8,0.2995,0
68280.72,32065.93,2500.0,33714.79,0.0366,16131.21,0.901,0.056,0.89,0.5304,0,9073.98,37500.0,1,3,0.0099,0
50544.46,24352.4,2500.0,23692.06,0.0495,39705.47,0.911,0.053,0.895,0.5182,0,5368.09,37500.0,0,0,0.0047,0
28583.75,19566.43,1500.0,7517.32,0.0525,18249.42,0.745,0.227,0.834,0.3155,0,4218.04,18000.0,0,0,0.428,1
15000.0,12766.36,18000.0,-15766.36,1.2,5407.1,0.693,0.331,0.7,0.1489,1,6182.3,432000.0,0,0,1.0,1
47766.02,27424.75,1500.0,18841.27,0.0314,18955.19,0.813,0.128,0.886,0.4259,1,3644.28,18000.0,0,0,0.1654,0
51036.71,30944.58,0.0,20092.13,0.0,10814.41,0.808,0.243,0.817,0.3937,0,5906.71,0.0,0,0,0.1929,1
97188.05,67538.1,10000.0,19649.95,0.1029,38632.88,0.829,0.255,0.91,0.3051,0,8731.31,180000.0,1,9,0.0535,0
72858.68,30753.67,5000.0,37105.01,0.0686,24275.82,0.948,0.069,0.934,0.5779,0,6617.34,75000.0,0,0,0.0041,0
28676.47,19477.12,1500.0,7699.35,0.0523,17882.65,0.835,0.209,0.867,0.3208,0,4970.68,18000.0,0,0,0.2979,0
37408.12,23818.07,1500.0,12090.05,0.0401,10362.72,0.841,0.146,0.804,0.3633,0,5060.46,18000.0,0,0,0.2801,0
81875.07,41549.27,0.0,40325.8,0.0,20276.65,0.941,0.114,0.946,0.4925,0,5703.72,0.0,0,0,0.0027,0
58359.07,25322.23,2500.0,30536.83,0.0428,40000.37,0.967,0.138,0.941,0.5661,0,5077.07,37500.0,0,0,0.0027,0
35106.26,22793.55,1500.0,10812.72,0.0427,12714.68,0.762,0.231,0.779,0.3507,0,5322.51,18000.0,0,0,0.4909,0
46026.93,33896.69,3000.0,9130.23,0.0652,14193.85,0.764,0.188,0.763,0.2635,0,3282.67,36000.0,0,0,0.5061,0
35231.17,23336.41,1500.0,10394.76,0.0426,15398.58,0.792,0.245,0.8,0.3376,0,4260.19,18000.0,0,0,0.4239,0
48924.48,27874.75,0.0,21049.73,0.0,11814.01,0.731,0.215,0.873,0.4302,0,4404.68,0.0,0,0,0.1408,0
38754.91,33432.02,14000.0,-8677.11,0.3612,3866.28,0.592,0.466,0.732,0.1373,1,4206.22,336000.0,1,14,0.9999,1
22769.28,16304.82,6000.0,464.46,0.2635,2595.76,0.55,0.372,0.675,0.2839,4,5766.03,144000.0,1,21,1.0,1
58084.87,23253.98,0.0,34830.88,0.0,30094.26,0.908,0.12,0.9,0.5997,0,9643.03,0.0,1,11,0.0032,0
27491.78,19553.3,3000.0,4938.47,0.1091,12158.28,0.87,0.165,0.879,0.2888,0,3120.73,36000.0,0,0,0.4777,0
117432.44,77907.67,15000.0,24524.77,0.1277,24364.99,0.71,0.292,0.823,0.3366,0,9884.54,270000.0,1,12,0.2746,1
63513.51,43810.11,3000.0,16703.39,0.0472,30434.99,0.83,0.196,0.875,0.3102,0,7546.51,54000.0,0,0,0.0594,0
33515.56,21711.5,3000.0,8804.06,0.0895,9878.37,0.814,0.234,0.858,0.3522,0,5002.82,36000.0,0,0,0.5664,0
55182.16,31562.56,2500.0,21119.61,0.0453,32000.01,0.92,0.127,0.881,0.428,0,5325.69,37500.0,0,0,0.0168,0
132232.06,70225.83,10000.0,52006.23,0.0756,25090.96,0.667,0.177,0.871,0.4689,0,7312.82,180000.0,0,0,0.0073,0
31888.42,20058.77,1500.0,10329.65,0.047,9079.95,0.788,0.216,0.872,0.371,0,3146.52,18000.0,0,0,0.417,0
32530.41,26560.24,18000.0,-12029.83,0.5533,2703.75,0.677,0.353,0.593,0.1835,1,4609.63,432000.0,0,0,1.0,1
35595.44,21760.7,4500.0,9334.75,0.1264,10212.09,0.816,0.248,0.813,0.3887,0,3973.74,54000.0,0,0,0.7042,1
36023.36,21155.32,1500.0,13368.04,0.0416,7481.33,0.726,0.168,0.796,0.4127,0,3282.94,18000.0,0,0,0.4304,1
75601.76,31384.48,0.0,44217.28,0.0,34058.5,0.979,0.127,0.976,0.5849,0,9374.41,0.0,0,0,0.0006,0
105145.68,69922.7,10000.0,25222.98,0.0951,25352.21,0.785,0.196,0.805,0.335,1,11275.08,180000.0,0,0,0.2487,0
40794.91,29082.76,1500.0,10212.15,0.0368,13368.4,0.773,0.146,0.751,0.2871,0,3262.3,18000.0,0,0,0.3691,0
112666.52,65948.51,0.0,46718.01,0.0,35157.2,0.962,0.055,0.884,0.4147,0,5315.38,0.0,0,0,0.0004,0
80399.9,39199.77,2500.0,38700.13,0.0311,34514.88,0.964,0.111,0.902,0.5124,0,8141.4,37500.0,0,0,0.0017,0
62800.76,33560.18,0.0,29240.59,0.0,36281.03,0.93,0.127,0.951,0.4656,0,7732.97,0.0,0,0,0.0026,0
45300.57,35715.91,14000.0,-4415.34,0.309,1668.88,0.568,0.331,0.606,0.2116,1,7324.56,336000.0,0,0,0.9997,1
61874.59,31484.93,5000.0,25389.66,0.0808,39758.37,0.971,0.067,0.927,0.4911,1,6861.83,75000.0,0,0,0.0125,0
40616.09,28593.97,4500.0,7522.11,0.1108,9900.66,0.855,0.137,0.757,0.296,1,4021.35,54000.0,0,0,0.8077,1
39419.03,23374.47,3000.0,13044.56,0.0761,15384.64,0.899,0.113,0.897,0.407,0,4572.22,36000.0,0,0,0.1281,0
29223.81,22864.12,6000.0,359.7,0.2053,3052.91,0.581,0.26,0.709,0.2176,1,5313.23,144000.0,1,28,0.9957,1
39478.07,24797.78,3000.0,11680.3,0.076,10533.06,0.789,0.152,0.827,0.3719,0,5706.66,36000.0,0,0,0.3833,1
33876.49,21805.68,3000.0,9070.8,0.0886,12106.41,0.772,0.24,0.857,0.3563,1,5271.5,36000.0,0,0,0.7943,1
33659.92,19658.11,1500.0,12501.81,0.0446,6487.25,0.794,0.243,0.824,0.416,0,5825.73,18000.0,0,0,0.5075,1
31799.73,24471.42,10000.0,-2671.69,0.3145,795.56,0.572,0.457,0.613,0.2305,2,7929.79,240000.0,0,0,0.9999,1
53840.25,28121.1,0.0,25719.15,0.0,34273.76,0.969,0.083,0.913,0.4777,0,5917.81,0.0,0,0,0.0033,0
67539.49,35115.68,2500.0,29923.82,0.037,8272.7,0.952,0.081,0.893,0.4801,0,9253.9,37500.0,0,0,0.0243,0
111316.42,59208.98,0.0,52107.43,0.0,28588.5,0.958,0.056,0.927,0.4681,0,7256.08,0.0,0,0,0.0004,0
34616.18,27080.32,6000.0,1535.86,0.1733,3563.06,0.688,0.383,0.713,0.2177,1,5341.15,144000.0,1,21,0.9956,1
37219.08,20786.64,1500.0,14932.44,0.0403,5937.89,0.784,0.217,0.81,0.4415,1,3542.31,18000.0,0,0,0.6979,1
65548.53,39260.34,5000.0,21288.19,0.0763,25849.54,0.944,0.098,0.964,0.401,0,9946.03,75000.0,0,0,0.0176,0
27245.15,19556.66,6000.0,1688.49,0.2202,2004.25,0.654,0.463,0.695,0.2822,2,6055.87,144000.0,1,17,0.9996,1
114625.17,69598.94,15000.0,30026.24,0.1309,33492.07,0.7,0.207,0.917,0.3928,0,14002.93,270000.0,0,0,0.0427,0
60637.7,30514.4,0.0,30123.3,0.0,39908.85,0.922,0.116,0.892,0.4968,0,8896.02,0.0,0,0,0.0023,0
54545.6,30253.21,6000.0,18292.39,0.11,28170.56,0.79,0.246,0.88,0.4454,0,12821.44,108000.0,1,19,0.155,1
40203.17,28724.07,1500.0,9979.1,0.0373,15654.85,0.744,0.181,0.813,0.2855,0,4427.38,18000.0,0,0,0.3392,1
114400.27,62168.66,15000.0,37231.61,0.1311,34078.15,0.818,0.268,0.85,0.4566,0,7233.93,270000.0,0,0,0.0305,0
54179.9,34027.1,1500.0,18652.8,0.0277,14885.07,0.875,0.116,0.885,0.372,0,3110.12,18000.0,0,0,0.0622,0
33913.14,24570.21,1500.0,7842.93,0.0442,17708.6,0.704,0.208,0.769,0.2755,0,3504.31,18000.0,0,0,0.4936,0
46772.91,27509.88,3000.0,16263.03,0.0641,10287.95,0.831,0.129,0.801,0.4118,0,4148.9,36000.0,0,0,0.2404,0
38192.86,25388.06,4500.0,8304.79,0.1178,10850.04,0.801,0.182,0.83,0.3353,0,3168.09,54000.0,0,0,0.5898,0
63089.16,29113.04,2500.0,31476.12,0.0396,23566.03,0.911,0.143,0.969,0.5385,0,6717.22,37500.0,0,0,0.0084,0
27748.07,20342.2,3000.0,4405.87,0.1081,9004.75,0.816,0.178,0.908,0.2669,1,5907.99,36000.0,0,0,0.8012,1
41820.71,27530.03,0.0,14290.68,0.0,8330.95,0.712,0.233,0.898,0.3417,0,5673.15,0.0,0,0,0.2933,0
57283.34,24212.5,0.0,33070.84,0.0,43255.0,0.937,0.105,0.891,0.5773,1,6220.68,0.0,0,0,0.0037,0
30000.0,16631.35,2500.0,10868.65,0.0833,44707.62,0.949,0.122,0.883,0.4456,0,9420.97,37500.0,0,0,0.0214,0
58855.4,28941.89,5000.0,24913.51,0.085,36084.92,0.916,0.057,0.966,0.5083,0,7360.39,75000.0,0,0,0.0055,0
62782.24,31603.24,6000.0,25179.0,0.0956,32221.95,0.822,0.284,0.943,0.4966,1,11220.39,108000.0,0,0,0.1371,0
91674.39,47438.33,15000.0,29236.06,0.1636,38428.59,0.741,0.205,0.894,0.4825,0,7896.19,270000.0,1,9,0.0428,0
50384.07,37439.98,3000.0,9944.09,0.0595,9486.23,0.888,0.121,0.762,0.2569,0,3870.89,36000.0,0,0,0.3552,0
82560.15,49556.57,3000.0,30003.58,0.0363,11532.94,0.768,0.216,0.867,0.3998,0,6152.36,54000.0,0,0,0.088,0
32150.53,18530.61,1500.0,12119.91,0.0467,5923.58,0.838,0.195,0.887,0.4236,0,4557.28,18000.0,0,0,0.3437,0
128336.34,75323.22,6000.0,47013.11,0.0468,20026.7,0.802,0.176,0.851,0.4131,0,9231.99,108000.0,0,0,0.0089,0
71056.0,33602.39,5000.0,32453.6,0.0704,36280.79,0.948,0.09,0.964,0.5271,0,8746.38,75000.0,0,0,0.0026,0
62190.38,33376.99,2500.0,26313.39,0.0402,41372.53,0.967,0.078,0.938,0.4633,0,8451.05,37500.0,0,0,0.0024,0
31228.81,17950.93,1500.0,11777.89,0.048,18976.41,0.739,0.162,0.815,0.4252,0,5322.65,18000.0,0,0,0.252,0
54497.71,28112.33,0.0,26385.38,0.0,35320.22,0.934,0.139,0.924,0.4842,0,9733.19,0.0,1,8,0.0044,0
43616.98,17514.23,0.0,26102.75,0.0,31348.01,0.911,0.066,0.888,0.5985,0,8577.42,0.0,1,5,0.0048,0
66496.92,36434.34,2500.0,27562.58,0.0376,13443.61,0.931,0.062,0.958,0.4521,0,8680.27,37500.0,0,0,0.0143,0
110138.97,60921.8,15000.0,34217.18,0.1362,49540.02,0.742,0.169,0.865,0.4469,0,10522.79,270000.0,0,0,0.0087,0
42632.49,26575.97,3000.0,13056.52,0.0704,13868.36,0.797,0.13,0.771,0.3766,0,3412.66,36000.0,0,0,0.3126,0
31201.51,24662.26,10000.0,-3460.75,0.3205,2082.59,0.614,0.287,0.696,0.2096,1,6365.37,240000.0,1,32,0.9992,1
46224.35,27764.23,10000.0,8460.11,0.2163,37041.57,0.826,0.166,0.858,0.3994,0,9884.87,180000.0,0,0,0.2837,0
39976.06,17292.42,0.0,22683.64,0.0,29647.04,0.945,0.104,0.901,0.5674,0,8705.54,0.0,0,0,0.008,0
35726.5,25318.26,3000.0,7408.24,0.084,18271.17,0.834,0.228,0.91,0.2913,0,3712.41,36000.0,0,0,0.3458,0
72844.95,31728.32,0.0,41116.63,0.0,42377.38,0.955,0.075,0.93,0.5644,0,7813.33,0.0,0,0,0.0004,0
32282.59,21405.96,1500.0,9376.63,0.0465,8686.33,0.741,0.11,0.779,0.3369,1,4405.64,18000.0,0,0,0.6911,1
32395.99,27255.96,6000.0,-859.97,0.1852,4798.27,0.638,0.318,0.708,0.1587,1,7092.55,144000.0,0,0,0.9957,1
42329.74,33757.99,10000.0,-1428.25,0.2362,1035.04,0.629,0.487,0.51,0.2025,4,6436.33,240000.0,1,17,1.0,1
58440.32,29625.26,0.0,28815.06,0.0,40279.59,0.913,0.114,0.952,0.4931,0,5716.55,0.0,0,0,0.0019,0
78434.59,43544.71,0.0,34889.88,0.0,29871.64,0.971,0.097,0.954,0.4448,0,8353.6,0.0,0,0,0.0017,0
59078.16,24813.04,2500.0,31765.12,0.0423,26946.91,0.902,0.112,0.894,0.58,0,9665.47,37500.0,0,0,0.008,0
53054.0,24855.8,0.0,28198.2,0.0,30300.14,0.931,0.117,0.927,0.5315,0,5595.79,0.0,0,0,0.0046,0
35350.09,23651.85,1500.0,10198.24,0.0424,13116.96,0.745,0.196,0.828,0.3309,0,4778.56,18000.0,0,0,0.3935,1
70148.85,37452.45,0.0,32696.4,0.0,11924.1,0.937,0.056,0.899,0.4661,0,9330.94,0.0,1,1,0.0088,0
45443.62,25134.25,2500.0,17809.37,0.055,32595.96,0.972,0.051,0.902,0.4469,0,8352.9,37500.0,1,1,0.0111,0
54546.86,27420.95,2500.0,24625.91,0.0458,30738.87,0.915,0.077,0.944,0.4973,0,9290.07,37500.0,0,0,0.0072,0
30454.06,21740.05,3000.0,5714.01,0.0985,8298.18,0.896,0.207,0.821,0.2861,0,5998.38,36000.0,0,0,0.6224,1
93573.91,62709.6,15000.0,15864.31,0.1603,19823.79,0.692,0.226,0.902,0.3298,0,11404.26,270000.0,0,0,0.4269,0
48192.51,30837.09,1500.0,15855.42,0.0311,2000.0,0.76,0.124,0.758,0.3601,0,4745.83,18000.0,0,0,0.3972,0
64171.46,44297.55,10000.0,9873.91,0.1558,33527.71,0.715,0.193,0.879,0.3097,0,7059.09,180000.0,0,0,0.2763,0
77764.1,49357.13,6000.0,22406.97,0.0772,25065.56,0.752,0.182,0.883,0.3653,2,6661.0,108000.0,0,0,0.4307,0
32693.29,23330.65,4500.0,4862.64,0.1376,6499.4,0.74,0.181,0.858,0.2864,0,4302.23,54000.0,0,0,0.7758,1
18000.0,12764.03,3000.0,2235.97,0.1667,10796.26,0.727,0.113,0.904,0.2909,0,5573.4,36000.0,0,0,0.6943,1
58368.44,42150.21,0.0,16218.23,0.0,18849.22,0.748,0.161,0.897,0.2779,1,5978.17,0.0,0,0,0.213,0
27938.49,24194.27,18000.0,-14255.78,0.6443,1579.53,0.537,0.405,0.729,0.134,2,4414.17,432000.0,0,0,1.0,1
38332.9,15466.15,5000.0,17866.76,0.1304,49975.0,0.943,0.097,0.975,0.5965,0,5946.19,75000.0,1,3,0.0067,0
49761.28,32422.92,10000.0,7338.36,0.201,25632.56,0.835,0.267,0.827,0.3484,0,11775.63,180000.0,1,20,0.6564,1
94772.15,43556.48,0.0,51215.68,0.0,24564.16,0.949,0.073,0.888,0.5404,0,8041.6,0.0,0,0,0.0007,0
78451.37,45612.96,10000.0,22838.41,0.1275,6311.44,0.721,0.295,0.94,0.4186,0,14282.7,180000.0,0,0,0.4738,0
74987.92,43353.2,2500.0,29134.73,0.0333,40686.87,0.98,0.085,0.963,0.4219,0,8456.93,37500.0,0,0,0.0016,0
80791.56,50502.75,6000.0,24288.81,0.0743,26915.74,0.848,0.222,0.834,0.3749,0,11884.55,108000.0,0,0,0.068,0
49235.32,19816.39,0.0,29418.93,0.0,35007.48,0.967,0.052,0.903,0.5975,0,7930.55,0.0,0,0,0.0019,0
92350.41,58075.26,3000.0,31275.15,0.0325,12974.76,0.845,0.223,0.809,0.3711,1,11276.41,54000.0,1,14,0.1964,0
64819.61,41561.12,6000.0,17258.49,0.0926,24537.07,0.705,0.151,0.908,0.3588,0,9555.36,108000.0,0,0,0.12,1
55763.84,40910.5,1500.0,13353.35,0.0269,11300.55,0.853,0.19,0.908,0.2664,0,3957.29,18000.0,0,0,0.1774,0
30860.2,24081.11,6000.0,779.09,0.1944,2983.2,0.625,0.42,0.622,0.2197,1,6624.52,144000.0,1,27,0.9987,1
90385.29,51016.95,3000.0,36368.33,0.0332,23672.86,0.819,0.291,0.898,0.4356,0,8265.7,54000.0,0,0,0.0248,0
34850.35,26425.64,14000.0,-5575.3,0.4017,2540.41,0.684,0.357,0.591,0.2417,3,6117.93,336000.0,1,24,1.0,1
34936.01,25728.85,0.0,9207.16,0.0,13736.27,0.847,0.143,0.804,0.2635,0,5243.68,0.0,0,0,0.2047,0
56711.1,30533.17,2500.0,23677.93,0.0441,37009.72,0.912,0.09,0.928,0.4616,0,6610.56,37500.0,0,0,0.0058,0
40696.39,26983.31,1500.0,12213.08,0.0369,12648.9,0.714,0.23,0.799,0.337,0,5937.34,18000.0,0,0,0.4578,1
55771.59,22981.98,2500.0,30289.62,0.0448,47063.8,0.903,0.12,0.882,0.5879,0,5788.18,37500.0,0,0,0.0024,0
31461.46,15528.21,0.0,15933.25,0.0,24572.01,0.935,0.086,0.937,0.5064,0,9943.28,0.0,0,0,0.0164,0
46875.04,25985.71,1500.0,19389.33,0.032,11722.26,0.81,0.125,0.889,0.4456,0,3881.41,18000.0,0,0,0.0945,0
104494.32,65411.01,10000.0,29083.31,0.0957,27169.8,0.817,0.158,0.916,0.374,0,6625.57,180000.0,0,0,0.0266,0
40646.91,30107.76,0.0,10539.15,0.0,18715.14,0.821,0.132,0.854,0.2593,0,5166.91,0.0,0,0,0.1107,0
117458.36,70441.81,3000.0,44016.56,0.0255,16300.17,0.761,0.211,0.859,0.4003,0,9668.39,54000.0,0,0,0.0171,0
29812.13,21993.01,1500.0,6319.12,0.0503,17686.99,0.869,0.215,0.814,0.2623,0,3558.4,18000.0,0,0,0.3684,0
40484.5,28132.36,1500.0,10852.14,0.0371,12876.96,0.717,0.109,0.814,0.3051,0,4827.36,18000.0,0,0,0.2821,0
38955.65,22441.88,3000.0,13513.77,0.077,16756.78,0.842,0.179,0.837,0.4239,0,4967.55,36000.0,0,0,0.2433,0
29521.33,25992.4,6000.0,-2471.07,0.2032,2360.51,0.631,0.384,0.649,0.1195,2,5199.97,144000.0,0,0,0.9996,1
105402.03,66269.07,3000.0,36132.95,0.0285,34410.75,0.654,0.271,0.874,0.3713,0,6917.39,54000.0,0,0,0.0187,0
38478.85,22851.94,3000.0,12626.91,0.078,15585.7,0.743,0.14,0.79,0.4061,0,3965.48,36000.0,0,0,0.3418,1
46442.97,30843.27,3000.0,12599.7,0.0646,11471.32,0.739,0.125,0.848,0.3359,0,4980.52,36000.0,0,0,0.2972,0
52417.26,31984.09,3000.0,17433.16,0.0572,21386.99,0.708,0.181,0.859,0.3898,0,6286.58,54000.0,1,15,0.1555,0
65424.18,36520.81,3000.0,25903.37,0.0459,27604.85,0.819,0.262,0.83,0.4418,0,14699.53,54000.0,0,0,0.0618,1
64033.56,42056.18,10000.0,11977.38,0.1562,19552.73,0.786,0.233,0.885,0.3432,0,8430.02,180000.0,0,0,0.4675,0
36549.25,30720.66,18000.0,-12171.41,0.4925,500.0,0.587,0.357,0.711,0.1595,3,6924.3,432000.0,0,0,1.0,1
45597.6,33138.31,0.0,12459.29,0.0,13097.87,0.786,0.17,0.916,0.2732,0,4221.74,0.0,0,0,0.1418,1
30928.62,22172.42,3000.0,5756.2,0.097,12572.34,0.792,0.164,0.903,0.2831,0,3747.06,36000.0,0,0,0.453,0
36892.34,27264.87,6000.0,3627.47,0.1626,3707.8,0.505,0.309,0.694,0.261,1,6916.41,144000.0,0,0,0.9952,1
39810.38,16797.0,0.0,23013.39,0.0,20805.73,0.93,0.119,0.962,0.5781,0,5160.98,0.0,0,0,0.0125,0
50320.86,29666.84,3000.0,17654.02,0.0596,15874.0,0.882,0.222,0.802,0.4104,0,5744.45,36000.0,0,0,0.2152,0
43923.37,32327.84,0.0,11595.53,0.0,14679.54,0.746,0.236,0.78,0.264,0,4591.39,0.0,0,0,0.3564,0
39385.58,28376.13,3000.0,8009.45,0.0762,4697.54,0.824,0.174,0.801,0.2795,0,4227.23,36000.0,0,0,0.6111,0
35370.2,22414.84,0.0,12955.36,0.0,6372.76,0.818,0.182,0.763,0.3663,1,3298.15,0.0,0,0,0.6204,0
45354.74,35392.53,6000.0,3962.21,0.1323,1836.93,0.654,0.268,0.731,0.2197,1,5917.3,144000.0,1,17,0.9852,1
44056.45,32361.18,1500.0,10195.27,0.034,14759.76,0.801,0.154,0.794,0.2655,0,4018.96,18000.0,0,0,0.2852,0
85848.43,50097.64,2500.0,33250.8,0.0291,22798.46,0.938,0.128,0.944,0.4164,0,5478.32,37500.0,0,0,0.0064,0
54018.06,25757.54,5000.0,23260.52,0.0926,39276.65,0.967,0.117,0.907,0.5232,0,5080.29,75000.0,0,0,0.0091,0
32272.26,18629.02,0.0,13643.24,0.0,12340.18,0.826,0.192,0.844,0.4228,0,4113.36,0.0,0,0,0.1859,0
40474.23,30191.28,1500.0,8782.95,0.0371,11149.12,0.883,0.196,0.756,0.2541,1,3296.86,18000.0,0,0,0.6912,1
69270.01,43583.78,6000.0,19686.23,0.0866,13482.36,0.7,0.2,0.851,0.3708,1,13187.52,108000.0,0,0,0.5639,0
34708.62,20550.71,1500.0,12657.91,0.0432,13493.03,0.876,0.12,0.771,0.4079,0,3829.23,18000.0,0,0,0.2123,1
30000.0,12671.84,0.0,17328.16,0.0,13902.27,0.966,0.139,0.903,0.5776,0,5267.08,0.0,0,0,0.0462,0
121962.85,78372.32,15000.0,28590.53,0.123,16627.05,0.663,0.179,0.81,0.3574,1,13133.28,270000.0,0,0,0.4389,1
30481.06,20182.99,0.0,10298.07,0.0,7786.91,0.715,0.21,0.801,0.3379,0,3383.0,0.0,0,0,0.4642,0
107399.93,64342.69,15000.0,28057.24,0.1397,26169.69,0.828,0.236,0.94,0.4009,0,9290.78,270000.0,0,0,0.0661,0
75788.92,32586.45,0.0,43202.47,0.0,37458.57,0.914,0.116,0.896,0.57,0,6153.17,0.0,0,0,0.0008,0
27755.16,22174.07,6000.0,-418.92,0.2162,2944.44,0.697,0.397,0.564,0.2011,2,4307.47,144000.0,1,33,0.9997,1
19148.79,13538.53,14000.0,-8389.74,0.7311,1249.22,0.607,0.365,0.727,0.293,1,4038.67,336000.0,0,0,1.0,1
38025.58,23302.77,0.0,14722.82,0.0,9900.56,0.85,0.131,0.867,0.3872,0,4535.48,0.0,0,0,0.1203,0
32003.19,27871.08,10000.0,-5867.9,0.3125,2164.08,0.555,0.349,0.67,0.1291,3,4164.27,240000.0,0,0,1.0,1
31838.26,18920.02,0.0,12918.25,0.0,8497.75,0.726,0.24,0.775,0.4057,0,3738.8,0.0,0,0,0.4639,1
39611.71,28558.13,14000.0,-2946.42,0.3534,4007.81,0.582,0.316,0.644,0.279,3,7114.61,336000.0,1,33,1.0,1
35906.71,26063.4,0.0,9843.31,0.0,11835.81,0.872,0.149,0.813,0.2741,0,3980.64,0.0,0,0,0.2036,0
31292.8,22101.48,10000.0,-808.68,0.3196,2462.7,0.535,0.313,0.719,0.2937,2,5095.19,240000.0,1,10,0.9997,1
25501.41,17489.52,1500.0,6511.89,0.0588,13101.11,0.854,0.242,0.77,0.3142,0,3958.65,18000.0,0,0,0.5764,0
42722.61,27636.62,1500.0,13585.99,0.0351,14819.47,0.712,0.183,0.885,0.3531,0,3795.92,18000.0,0,0,0.2305,0
102116.44,61015.91,6000.0,35100.53,0.0588,8093.19,0.794,0.283,0.801,0.4025,1,10603.64,108000.0,1,20,0.366,0
56388.01,24350.23,2500.0,29537.78,0.0443,33887.48,0.97,0.139,0.944,0.5682,0,6656.97,37500.0,1,4,0.0045,0
143466.27,83023.37,15000.0,45442.9,0.1046,30514.16,0.764,0.291,0.801,0.4213,0,12454.68,270000.0,1,22,0.0256,0
36804.85,20692.7,1500.0,14612.15,0.0408,5924.06,0.776,0.107,0.807,0.4378,0,5969.76,18000.0,0,0,0.2882,1
40335.79,28574.03,4500.0,7261.76,0.1116,12107.32,0.894,0.173,0.868,0.2916,0,4323.45,54000.0,0,0,0.4391,0
132484.59,86002.41,3000.0,43482.18,0.0226,25399.96,0.825,0.219,0.832,0.3508,1,9760.37,54000.0,1,14,0.0262,0
67248.98,32152.57,0.0,35096.41,0.0,42837.19,0.972,0.054,0.966,0.5219,0,8196.69,0.0,1,2,0.0005,0
73530.23,37142.06,2500.0,33888.17,0.034,37891.21,0.961,0.134,0.956,0.4949,0,9983.63,37500.0,0,0,0.0019,0
30781.46,17677.44,0.0,13104.02,0.0,10667.84,0.711,0.203,0.763,0.4257,0,3278.7,0.0,0,0,0.3887,1
42017.88,31216.64,3000.0,7801.24,0.0714,5510.72,0.875,0.126,0.795,0.2571,0,5335.41,36000.0,0,0,0.4791,1
25318.03,15157.63,4500.0,5660.4,0.1777,13425.91,0.851,0.226,0.847,0.4013,0,4936.47,54000.0,0,0,0.7398,1
38875.51,32578.7,10000.0,-3703.19,0.2572,634.16,0.676,0.495,0.623,0.162,1,5887.75,240000.0,1,25,0.9997,1
35175.04,24823.27,1500.0,8851.77,0.0426,12123.4,0.794,0.22,0.758,0.2943,0,4193.88,18000.0,0,0,0.5291,0
36528.09,22260.78,0.0,14267.31,0.0,14022.16,0.866,0.202,0.79,0.3906,0,4520.14,0.0,0,0,0.1901,0
57994.94,33735.94,0.0,24259.01,0.0,38690.31,0.96,0.143,0.971,0.4183,0,6028.52,0.0,0,0,0.0031,0
69532.09,29375.98,0.0,40156.11,0.0,31590.87,0.915,0.139,0.976,0.5775,0,5520.05,0.0,0,0,0.0013,0
105368.27,73248.48,6000.0,26119.79,0.0569,22554.94,0.763,0.195,0.888,0.3048,0,8719.72,108000.0,0,0,0.0567,0
39550.01,26511.72,1500.0,11538.29,0.0379,6430.21,0.778,0.163,0.892,0.3297,0,5963.32,18000.0,0,0,0.3194,1
55404.33,29401.3,5000.0,21003.02,0.0902,31462.79,0.975,0.15,0.908,0.4693,0,7253.59,75000.0,0,0,0.0231,0
24074.4,13919.01,1500.0,8655.38,0.0623,10403.72,0.762,0.236,0.864,0.4218,0,4678.21,18000.0,0,0,0.5317,1
39467.63,29553.85,1500.0,8413.78,0.038,14477.4,0.842,0.108,0.857,0.2512,0,5335.54,18000.0,0,0,0.1907,0
81154.78,51765.13,6000.0,23389.65,0.0739,27550.62,0.844,0.165,0.875,0.3621,0,8934.21,108000.0,1,5,0.041,0
75779.92,42813.94,6000.0,26965.98,0.0792,32567.53,0.659,0.292,0.822,0.435,1,6752.24,108000.0,1,6,0.2689,0
30188.6,20917.65,1500.0,7770.94,0.0497,15901.34,0.722,0.24,0.827,0.3071,0,4503.06,18000.0,0,0,0.5063,0
47559.97,24184.91,0.0,23375.06,0.0,23663.6,0.931,0.117,0.949,0.4915,0,6693.72,0.0,0,0,0.0104,0
34206.71,24196.43,4500.0,5510.27,0.1316,18839.77,0.82,0.128,0.883,0.2926,1,4740.69,54000.0,0,0,0.6434,1
56893.08,36805.89,15000.0,5087.19,0.2637,12661.36,0.776,0.268,0.826,0.3531,0,10788.31,270000.0,0,0,0.9321,1
76088.04,42732.72,0.0,33355.32,0.0,23287.89,0.914,0.115,0.979,0.4384,0,5178.87,0.0,0,0,0.0038,0
42228.1,30360.36,0.0,11867.74,0.0,9945.61,0.765,0.135,0.904,0.281,0,4968.41,0.0,0,0,0.1657,0
41740.06,19531.66,2500.0,19708.4,0.0599,45502.79,0.947,0.079,0.895,0.5321,0,7075.99,37500.0,0,0,0.0052,0
32104.88,25232.51,14000.0,-7127.63,0.4361,899.92,0.548,0.399,0.721,0.2141,4,7835.14,336000.0,1,33,1.0,1
40616.6,23857.67,1500.0,15258.94,0.0369,12618.59,0.849,0.239,0.86,0.4126,1,4034.02,18000.0,0,0,0.4918,0
20285.85,11163.0,3000.0,6122.85,0.1479,15270.14,0.85,0.212,0.809,0.4497,0,4079.92,36000.0,0,0,0.6635,0
29786.32,16859.3,3000.0,9927.01,0.1007,12681.66,0.702,0.244,0.838,0.434,1,3173.99,36000.0,0,0,0.8452,1
76730.16,36235.4,0.0,40494.76,0.0,25692.28,0.969,0.087,0.882,0.5278,0,8272.61,0.0,0,0,0.0019,0
63858.62,35202.64,0.0,28655.98,0.0,23764.91,0.934,0.059,0.9,0.4487,0,7408.44,0.0,0,0,0.0055,0
33653.85,27101.43,10000.0,-3447.59,0.2971,1939.89,0.675,0.301,0.51,0.1947,2,5380.63,240000.0,0,0,0.9999,1
45498.77,26594.81,1500.0,17403.96,0.033,5881.23,0.796,0.169,0.916,0.4155,0,5852.9,18000.0,0,0,0.191,0
57148.45,28046.6,5000.0,24101.84,0.0875,43741.25,0.972,0.074,0.9,0.5092,0,9501.39,75000.0,0,0,0.0045,0
109131.61,66874.2,6000.0,36257.41,0.055,30767.91,0.843,0.242,0.909,0.3872,0,12029.54,108000.0,0,0,0.0119,0
39454.21,27091.45,0.0,12362.77,0.0,19297.4,0.82,0.167,0.851,0.3133,0,5146.35,0.0,0,0,0.1144,0
63068.76,39874.02,10000.0,13194.74,0.1586,16549.25,0.791,0.252,0.859,0.3678,0,8293.36,180000.0,0,0,0.5597,0
91595.48,62407.09,6000.0,23188.39,0.0655,26928.61,0.819,0.174,0.803,0.3187,0,6673.17,108000.0,1,17,0.0649,0
104650.43,53229.81,10000.0,41420.62,0.0956,15806.56,0.684,0.255,0.834,0.4914,0,10333.44,180000.0,0,0,0.0811,0
66973.19,41087.24,3000.0,22885.95,0.0448,15389.78,0.726,0.272,0.827,0.3865,0,8955.22,54000.0,0,0,0.2352,0
80553.08,32854.69,0.0,47698.39,0.0,24557.12,0.931,0.115,0.977,0.5921,0,9934.38,0.0,0,0,0.0009,0
35144.59,21553.01,0.0,13591.58,0.0,7448.54,0.787,0.151,0.771,0.3867,0,5659.31,0.0,0,0,0.2915,1
44331.89,28170.09,0.0,16161.8,0.0,18045.41,0.774,0.189,0.81,0.3646,0,3349.39,0.0,0,0,0.1412,1
52443.24,41854.01,18000.0,-7410.77,0.3432,1538.2,0.609,0.37,0.731,0.2019,3,4446.2,432000.0,0,0,1.0,1
89158.47,54466.11,10000.0,24692.36,0.1122,34889.64,0.738,0.252,0.816,0.3891,1,12751.39,180000.0,1,9,0.2453,0
51903.24,35125.1,1500.0,15278.14,0.0289,8099.6,0.823,0.222,0.754,0.3233,0,5275.67,18000.0,0,0,0.4073,1
65578.49,39240.52,0.0,26337.97,0.0,51669.59,0.939,0.059,0.896,0.4016,0,5777.7,0.0,1,11,0.0009,0
42193.84,30089.16,1500.0,10604.68,0.0356,20681.81,0.7,0.214,0.877,0.2869,0,5708.76,18000.0,0,0,0.2548,0
55984.49,50347.1,6000.0,-362.61,0.1072,3796.63,0.565,0.296,0.724,0.1007,3,4422.57,144000.0,1,27,0.999,1
32069.85,26929.68,10000.0,-4859.83,0.3118,2045.7,0.633,0.454,0.594,0.1603,3,4651.66,240000.0,0,0,1.0,1
27309.03,19418.2,1500.0,6390.83,0.0549,5965.34,0.787,0.198,0.759,0.2889,0,4880.84,18000.0,0,0,0.6873,0
54632.56,29748.02,2500.0,22384.54,0.0458,43880.87,0.977,0.072,0.935,0.4555,0,9993.24,37500.0,0,0,0.0028,0
67375.01,30077.94,0.0,37297.07,0.0,8713.51,0.946,0.084,0.898,0.5536,0,5246.4,0.0,1,7,0.0086,0
106802.25,63725.02,6000.0,37077.23,0.0562,23670.06,0.748,0.26,0.885,0.4033,0,7309.86,108000.0,1,13,0.0317,0
40797.98,29186.01,0.0,11611.98,0.0,2117.35,0.77,0.223,0.86,0.2846,0,5536.01,0.0,0,0,0.4402,0
68569.28,40416.33,0.0,28152.95,0.0,29984.85,0.911,0.083,0.883,0.4106,0,6977.61,0.0,1,10,0.005,0
60291.85,26715.33,0.0,33576.52,0.0,30150.34,0.96,0.065,0.967,0.5569,0,6147.09,0.0,0,0,0.0015,0
66332.08,31156.8,2500.0,32675.28,0.0377,35301.51,0.925,0.15,0.955,0.5303,0,7116.3,37500.0,0,0,0.0034,0
37346.93,27490.93,1500.0,8356.0,0.0402,10533.59,0.717,0.233,0.796,0.2639,0,3891.27,18000.0,0,0,0.5981,1
53236.56,28934.46,0.0,24302.1,0.0,60406.87,0.963,0.068,0.958,0.4565,0,8416.04,0.0,0,0,0.0004,0
124475.84,64136.22,15000.0,45339.63,0.1205,29051.72,0.845,0.241,0.872,0.4847,0,8955.22,270000.0,0,0,0.0132,0
23347.91,17733.51,10000.0,-4385.6,0.4283,1847.62,0.563,0.344,0.655,0.2405,3,6942.23,240000.0,1,6,1.0,1
39335.74,26182.98,0.0,13152.77,0.0,17842.72,0.751,0.196,0.896,0.3344,0,4501.26,0.0,0,0,0.1385,0
64129.84,32281.15,5000.0,26848.69,0.078,42568.78,0.963,0.141,0.902,0.4966,0,9212.36,75000.0,0,0,0.0055,0
97226.44,60513.75,3000.0,33712.68,0.0309,20974.43,0.745,0.252,0.895,0.3776,0,14094.3,54000.0,0,0,0.0372,0
63727.28,35732.75,0.0,27994.53,0.0,16882.63,0.942,0.074,0.956,0.4393,0,9279.88,0.0,1,8,0.0079,0
35000.0,22036.83,15000.0,-2036.83,0.4286,32368.43,0.733,0.197,0.858,0.3704,0,6662.05,270000.0,0,0,0.9509,1
35321.97,18460.02,5000.0,11861.95,0.1416,41466.72,0.976,0.108,0.884,0.4774,0,8529.31,75000.0,0,0,0.0359,0
36256.39,20271.48,4500.0,11484.92,0.1241,11064.37,0.808,0.205,0.891,0.4409,0,5647.82,54000.0,0,0,0.4842,0
38126.26,32203.65,6000.0,-77.39,0.1574,2875.67,0.636,0.422,0.726,0.1553,1,6339.65,144000.0,0,0,0.9971,1
38289.76,27319.35,0.0,10970.42,0.0,9100.39,0.805,0.131,0.771,0.2865,0,3237.45,0.0,0,0,0.2775,0
94962.26,38535.44,2500.0,53926.82,0.0263,42019.67,0.967,0.122,0.893,0.5942,0,8361.26,37500.0,0,0,0.0003,0
37475.27,30980.29,14000.0,-7505.03,0.3736,4088.39,0.661,0.416,0.582,0.1733,1,7588.23,336000.0,0,0,0.9999,1
85743.48,59916.03,10000.0,15827.44,0.1166,25524.65,0.657,0.274,0.843,0.3012,0,8808.83,180000.0,0,0,0.3985,1
84420.97,47497.79,0.0,36923.18,0.0,16407.99,0.917,0.117,0.947,0.4374,0,5079.73,0.0,1,6,0.0054,0
59881.37,26674.79,0.0,33206.59,0.0,21434.98,0.94,0.131,0.954,0.5545,0,7697.09,0.0,0,0,0.0052,0
15979.17,11920.75,14000.0,-9941.58,0.8761,3587.93,0.605,0.252,0.708,0.254,3,6647.32,336000.0,0,0,1.0,1
50287.93,24631.91,0.0,25656.02,0.0,25117.26,0.955,0.147,0.916,0.5102,0,9488.07,0.0,0,0,0.0101,0
36552.08,27046.05,6000.0,3506.03,0.1641,3254.43,0.598,0.363,0.583,0.2601,4,7290.33,144000.0,1,10,0.9999,1
71537.43,49000.08,3000.0,19537.35,0.0419,38051.52,0.703,0.159,0.919,0.315,0,8834.46,54000.0,0,0,0.0245,0
36602.31,21940.72,0.0,14661.59,0.0,7014.64,0.875,0.177,0.874,0.4006,0,4095.49,0.0,0,0,0.1695,0
59162.29,33962.75,5000.0,20199.54,0.0845,28438.06,0.906,0.085,0.976,0.4259,0,8218.21,75000.0,1,11,0.0171,0
55552.51,32104.92,5000.0,18447.59,0.09,25134.14,0.949,0.127,0.954,0.4221,0,9136.38,75000.0,0,0,0.0339,0
73754.3,36485.33,0.0,37268.96,0.0,21548.33,0.964,0.12,0.974,0.5053,0,8245.95,0.0,0,0,0.0027,0
34824.5,29886.98,10000.0,-5062.48,0.2872,1913.42,0.691,0.463,0.574,0.1418,1,5186.63,240000.0,0,0,0.9998,1
57421.06,41261.76,10000.0,6159.3,0.1742,735.3,0.563,0.384,0.665,0.2814,3,4547.02,240000.0,1,26,0.9997,1
41520.17,36253.53,10000.0,-4733.37,0.2408,2816.32,0.576,0.483,0.679,0.1268,4,7187.9,240000.0,1,9,1.0,1
40190.34,28004.66,0.0,12185.68,0.0,9853.78,0.76,0.17,0.754,0.3032,0,3951.27,0.0,0,0,0.3458,1
37778.32,28899.47,10000.0,-1121.15,0.2647,4625.16,0.589,0.335,0.712,0.235,2,7330.89,240000.0,0,0,0.9995,1
38499.45,25099.87,1500.0,11899.58,0.039,13358.12,0.743,0.208,0.764,0.348,0,4712.31,18000.0,0,0,0.4421,1
20754.78,16905.82,6000.0,-2151.04,0.2891,3121.69,0.541,0.258,0.628,0.1854,1,5877.58,144000.0,1,27,0.9991,1
43577.46,31765.37,0.0,11812.09,0.0,7571.27,0.862,0.184,0.843,0.2711,1,5242.93,0.0,0,0,0.494,0
39536.01,32541.34,10000.0,-3005.33,0.2529,500.0,0.614,0.309,0.536,0.1769,1,6957.16,240000.0,1,19,0.9994,1
83601.65,46723.98,0.0,36877.67,0.0,33524.23,0.942,0.146,0.889,0.4411,0,9811.32,0.0,0,0,0.0023,0
32417.99,24192.43,10000.0,-1774.44,0.3085,3110.04,0.507,0.458,0.712,0.2537,2,5410.11,240000.0,0,0,0.9999,1
95771.15,61878.35,10000.0,23892.8,0.1044,26892.34,0.799,0.245,0.864,0.3539,1,11858.72,180000.0,0,0,0.2636,0
41015.87,24819.81,0.0,16196.06,0.0,4782.37,0.805,0.125,0.886,0.3949,0,4721.59,0.0,0,0,0.1492,0
30959.28,22031.94,3000.0,5927.34,0.0969,5131.44,0.745,0.192,0.791,0.2884,1,5856.37,36000.0,0,0,0.912,0
76282.4,41512.86,2500.0,32269.54,0.0328,36282.95,0.977,0.11,0.944,0.4558,0,8349.45,37500.0,0,0,0.0021,0
29955.55,19505.65,1500.0,8949.9,0.0501,10531.91,0.899,0.192,0.884,0.3488,0,5494.64,18000.0,0,0,0.2972,0
45746.05,23318.03,2500.0,19928.02,0.0546,40383.86,0.947,0.142,0.97,0.4903,1,8337.14,37500.0,1,10,0.0214,0
25951.34,14295.02,0.0,11656.32,0.0,10328.98,0.701,0.208,0.822,0.4492,0,5285.16,0.0,0,0,0.3711,0
86272.84,51099.9,6000.0,29172.94,0.0695,26363.21,0.694,0.182,0.861,0.4077,2,6007.68,108000.0,0,0,0.3159,0
30782.0,19745.18,0.0,11036.82,0.0,17311.88,0.781,0.115,0.841,0.3585,0,5371.53,0.0,0,0,0.1254,0
53171.08,25325.29,0.0,27845.78,0.0,46178.27,0.942,0.101,0.927,0.5237,0,9162.52,0.0,0,0,0.0013,0
32365.12,22297.12,1500.0,8568.0,0.0463,12819.43,0.726,0.229,0.854,0.3111,0,3092.18,18000.0,0,0,0.4808,1
64505.04,38337.29,0.0,26167.75,0.0,37333.48,0.945,0.13,0.933,0.4057,0,7914.43,0.0,0,0,0.0034,0
104190.69,65920.29,3000.0,35270.4,0.0288,30924.18,0.731,0.266,0.943,0.3673,0,10819.83,54000.0,0,0,0.0141,0
57882.51,31948.51,3000.0,22934.0,0.0518,12544.5,0.864,0.245,0.781,0.448,0,4279.88,36000.0,0,0,0.2144,0
49505.56,27456.31,4500.0,17549.26,0.0909,13337.1,0.862,0.213,0.879,0.4454,0,5254.86,54000.0,0,0,0.2361,0
68634.53,31835.59,0.0,36798.94,0.0,12109.55,0.939,0.136,0.932,0.5362,0,6238.68,0.0,0,0,0.0085,0
53994.78,23991.06,0.0,30003.72,0.0,33466.06,0.929,0.089,0.959,0.5557,0,7509.49,0.0,0,0,0.0022,0
41021.69,26227.48,3000.0,11794.22,0.0731,19013.5,0.749,0.232,0.845,0.3606,0,5625.18,36000.0,0,0,0.3605,1
121121.26,71057.47,6000.0,44063.79,0.0495,29636.62,0.662,0.163,0.924,0.4133,0,7524.59,108000.0,1,3,0.006,0
52051.02,36718.38,1500.0,13832.64,0.0288,18185.59,0.802,0.209,0.835,0.2946,0,5693.32,18000.0,0,0,0.197,0
56693.14,28393.61,5000.0,23299.53,0.0882,30853.4,0.944,0.077,0.959,0.4992,0,8665.16,75000.0,0,0,0.0103,0
31483.98,17404.3,3000.0,11079.68,0.0953,9432.62,0.839,0.219,0.794,0.4472,0,4977.34,36000.0,0,0,0.5723,1
76498.11,32353.31,2500.0,41644.8,0.0327,44235.91,0.958,0.116,0.896,0.5771,0,6965.89,37500.0,0,0,0.0007,0
42172.76,27964.52,0.0,14208.24,0.0,16608.85,0.884,0.129,0.885,0.3369,1,5181.28,0.0,0,0,0.1756,0
20233.02,14987.89,10000.0,-4754.87,0.4942,3943.63,0.501,0.42,0.567,0.2592,3,5436.69,240000.0,0,0,1.0,1
40096.28,34122.88,6000.0,-26.6,0.1496,1584.81,0.6,0.338,0.693,0.149,2,5903.93,144000.0,1,13,0.9987,1
73912.84,51470.06,6000.0,16442.78,0.0812,35941.28,0.778,0.174,0.947,0.3036,0,12780.4,108000.0,0,0,0.0413,0
102459.98,57211.8,6000.0,39248.18,0.0586,33935.84,0.672,0.221,0.837,0.4416,0,7463.4,108000.0,0,0,0.0161,0
38479.28,24216.88,1500.0,12762.41,0.039,15308.9,0.826,0.238,0.78,0.3707,0,5927.37,18000.0,0,0,0.3525,1
67668.23,40545.27,2500.0,24622.97,0.0369,28027.1,0.903,0.058,0.928,0.4008,0,8030.89,37500.0,0,0,0.008,0
51008.32,44851.46,6000.0,156.85,0.1176,3511.3,0.546,0.277,0.535,0.1207,2,5284.72,144000.0,0,0,0.9989,1
33434.22,24065.09,10000.0,-630.87,0.2991,1190.38,0.606,0.487,0.598,0.2802,1,5552.65,240000.0,0,0,0.9998,1
32906.16,21156.84,1500.0,10249.32,0.0456,12695.29,0.784,0.103,0.918,0.3571,0,5335.73,18000.0,0,0,0.1733,0
19032.92,11772.01,0.0,7260.91,0.0,9875.76,0.772,0.233,0.867,0.3815,0,4773.47,0.0,0,0,0.4052,0
23987.8,20954.94,10000.0,-6967.14,0.4169,3684.3,0.591,0.382,0.713,0.1264,4,7718.61,240000.0,0,0,1.0,1
15000.0,12314.13,10000.0,-7314.13,0.6667,6105.38,0.687,0.31,0.569,0.1791,4,4306.96,240000.0,1,26,1.0,1
48520.66,27682.32,0.0,20838.34,0.0,35333.65,0.932,0.058,0.935,0.4295,0,9706.11,0.0,0,0,0.0041,0
61434.23,31469.14,2500.0,27465.09,0.0407,37567.27,0.933,0.134,0.899,0.4878,0,8611.17,37500.0,1,10,0.0055,0
43883.38,21662.4,5000.0,17220.98,0.1139,46348.63,0.974,0.14,0.894,0.5064,0,9741.82,75000.0,0,0,0.0141,0
66869.6,40034.61,0.0,26834.99,0.0,44595.38,0.957,0.129,0.929,0.4013,0,7730.77,0.0,0,0,0.0018,0
49875.47,36621.43,0.0,13254.04,0.0,9294.64,0.771,0.123,0.867,0.2657,1,4922.86,0.0,0,0,0.3758,0
49158.73,26835.79,2500.0,19822.94,0.0509,31112.69,0.953,0.14,0.958,0.4541,0,9635.92,37500.0,1,7,0.0142,0
49673.29,27595.75,0.0,22077.54,0.0,11170.57,0.713,0.21,0.835,0.4445,0,3316.85,0.0,0,0,0.1626,0
56134.08,35390.51,6000.0,14743.57,0.1069,17955.15,0.722,0.246,0.841,0.3695,0,8063.87,108000.0,0,0,0.441,1
63025.2,32977.88,10000.0,20047.32,0.1587,29606.37,0.805,0.199,0.899,0.4768,0,10563.43,180000.0,0,0,0.126,0
61298.76,29689.22,0.0,31609.54,0.0,22002.57,0.904,0.086,0.956,0.5157,0,8575.86,0.0,0,0,0.0048,0
71101.77,29988.74,0.0,41113.03,0.0,30860.22,0.949,0.145,0.979,0.5782,0,7340.41,0.0,0,0,0.0012,0
75540.17,41491.29,0.0,34048.88,0.0,33236.32,0.937,0.114,0.926,0.4507,0,5081.53,0.0,0,0,0.0021,0
53596.68,27041.06,0.0,26555.62,0.0,38168.98,0.908,0.146,0.965,0.4955,0,8598.94,0.0,0,0,0.0032,0
21626.74,17595.04,14000.0,-9968.3,0.6473,1823.15,0.539,0.427,0.515,0.1864,4,4324.3,336000.0,1,20,1.0,1
49001.44,24561.19,2500.0,21940.25,0.051,33490.12,0.941,0.107,0.882,0.4988,0,8561.97,37500.0,0,0,0.0121,0
89272.38,37233.68,2500.0,49538.7,0.028,36812.34,0.922,0.101,0.957,0.5829,0,5594.52,37500.0,0,0,0.0004,0
33787.15,28398.43,14000.0,-8611.27,0.4144,2739.28,0.556,0.322,0.727,0.1595,1,4252.06,336000.0,1,9,0.9998,1
107012.16,70303.51,3000.0,33708.65,0.028,27664.47,0.726,0.266,0.863,0.343,2,12621.66,54000.0,0,0,0.2215,0
38340.81,30951.38,6000.0,1389.43,0.1565,3611.1,0.57,0.336,0.582,0.1927,1,6435.47,144000.0,1,15,0.9976,1
41986.52,30909.1,0.0,11077.41,0.0,14791.23,0.729,0.181,0.854,0.2638,0,4796.9,0.0,0,0,0.2264,0
54966.66,34988.55,1500.0,18478.11,0.0273,10906.06,0.79,0.15,0.802,0.3635,0,3069.27,18000.0,0,0,0.1831,0
74563.78,37968.37,15000.0,21595.41,0.2012,32927.97,0.703,0.169,0.855,0.4908,0,8645.25,270000.0,0,0,0.1752,1
56855.09,30984.55,2500.0,23370.54,0.044,22274.91,0.91,0.066,0.944,0.455,0,6747.37,37500.0,0,0,0.0139,0
33859.73,24149.61,3000.0,6710.12,0.0886,17610.33,0.866,0.143,0.781,0.2868,1,5151.98,36000.0,0,0,0.6484,0
77934.77,47810.49,6000.0,24124.28,0.077,26300.84,0.654,0.185,0.843,0.3865,0,11683.83,108000.0,0,0,0.1006,0
37376.74,23488.5,3000.0,10888.24,0.0803,15774.81,0.882,0.104,0.826,0.3716,0,3955.69,36000.0,0,0,0.2054,1
63226.92,43721.29,6000.0,13505.62,0.0949,19041.95,0.692,0.256,0.843,0.3085,0,13913.24,108000.0,0,0,0.4581,0
43529.47,25012.8,1500.0,17016.67,0.0345,6033.04,0.825,0.227,0.789,0.4254,0,3704.72,18000.0,0,0,0.3824,1
60661.85,38996.64,3000.0,18665.22,0.0495,23598.75,0.685,0.204,0.898,0.3571,0,7652.95,54000.0,0,0,0.1177,0
39631.58,16277.9,0.0,23353.69,0.0,26001.77,0.963,0.122,0.966,0.5893,0,9832.1,0.0,0,0,0.0075,0
30091.26,23193.91,10000.0,-3102.65,0.3323,511.63,0.668,0.437,0.748,0.2292,2,5853.03,240000.0,0,0,0.9999,1
50190.77,39216.48,10000.0,974.29,0.1992,3701.36,0.689,0.292,0.573,0.2187,1,7168.86,240000.0,0,0,0.9971,1
39069.86,24663.04,0.0,14406.82,0.0,4402.76,0.891,0.243,0.797,0.3687,0,4735.73,0.0,0,0,0.3525,0
37487.55,23761.38,0.0,13726.16,0.0,5111.91,0.862,0.172,0.861,0.3662,0,4600.52,0.0,0,0,0.216,0
50052.68,35226.21,1500.0,13326.47,0.03,12566.82,0.839,0.241,0.856,0.2962,0,5039.13,18000.0,0,0,0.2782,1
38388.31,24070.55,0.0,14317.76,0.0,16336.47,0.776,0.235,0.754,0.373,0,5793.47,0.0,0,0,0.2819,1
89538.69,44105.63,0.0,45433.05,0.0,13214.99,0.901,0.111,0.972,0.5074,0,6054.76,0.0,0,0,0.0028,0
99423.01,50804.32,15000.0,33618.69,0.1509,22212.58,0.762,0.249,0.855,0.489,0,7499.1,270000.0,0,0,0.1158,0
68492.28,34481.15,2500.0,31511.13,0.0365,36005.1,0.91,0.134,0.959,0.4966,0,7330.96,37500.0,1,10,0.0033,0
82861.45,42680.95,0.0,40180.49,0.0,14893.15,0.925,0.091,0.937,0.4849,0,6317.87,0.0,0,0,0.0039,0
59221.01,34169.5,2500.0,22551.51,0.0422,23917.61,0.926,0.144,0.888,0.423,0,6228.53,37500.0,0,0,0.0269,0
70881.87,39648.1,5000.0,26233.77,0.0705,8636.68,0.932,0.093,0.895,0.4406,0,8206.07,75000.0,0,0,0.0512,0
50016.42,30405.21,3000.0,16611.21,0.06,26451.82,0.738,0.27,0.869,0.3921,0,12514.46,54000.0,0,0,0.1787,0
35000.0,23460.05,10000.0,1539.95,0.2857,15132.13,0.657,0.194,0.931,0.3297,0,10907.28,180000.0,1,16,0.9131,1
108435.07,72034.28,10000.0,26400.79,0.0922,33813.76,0.73,0.221,0.908,0.3357,1,8449.97,180000.0,0,0,0.1152,0
19499.74,16238.2,18000.0,-14738.45,0.9231,3458.55,0.665,0.436,0.552,0.1673,3,6103.16,432000.0,1,15,1.0,1
24032.25,16655.45,4500.0,2876.8,0.1872,11271.03,0.838,0.233,0.827,0.307,0,5529.13,54000.0,0,0,0.8507,1
143571.43,91900.27,3000.0,48671.16,0.0209,26158.12,0.812,0.293,0.87,0.3599,0,12633.23,54000.0,1,14,0.0072,0
25015.26,21736.04,14000.0,-10720.78,0.5597,2878.08,0.67,0.285,0.508,0.1311,4,4590.91,336000.0,1,30,1.0,1
94490.25,64047.13,6000.0,24443.12,0.0635,18310.5,0.733,0.216,0.812,0.3222,1,13822.65,108000.0,1,15,0.3623,1
100168.25,63100.65,15000.0,22067.6,0.1497,16385.46,0.816,0.291,0.93,0.3701,1,6573.51,270000.0,1,15,0.5657,0
64380.25,29978.04,0.0,34402.21,0.0,26039.16,0.955,0.141,0.963,0.5344,0,6938.92,0.0,0,0,0.0032,0
46545.39,21902.45,2500.0,22142.93,0.0537,32046.18,0.943,0.054,0.975,0.5294,0,5080.92,37500.0,0,0,0.006,0
84131.81,35534.58,0.0,48597.23,0.0,15532.43,0.933,0.066,0.931,0.5776,0,5232.59,0.0,0,0,0.0015,0
36696.73,26899.73,3000.0,6796.99,0.0818,8534.65,0.863,0.231,0.915,0.267,0,4825.22,36000.0,0,0,0.5022,0
70362.06,42146.17,0.0,28215.89,0.0,20492.09,0.958,0.1,0.923,0.401,0,7523.12,0.0,0,0,0.0079,0
93214.08,52974.52,6000.0,34239.56,0.0644,23192.15,0.795,0.196,0.808,0.4317,0,12493.19,108000.0,0,0,0.0382,0
80653.18,46732.56,0.0,33920.62,0.0,38518.83,0.913,0.082,0.923,0.4206,0,5065.61,0.0,0,0,0.0013,0
114898.55,76104.45,10000.0,28794.1,0.087,32053.97,0.786,0.216,0.948,0.3376,0,7824.92,180000.0,0,0,0.0242,0
79273.58,45618.55,10000.0,23655.03,0.1261,28402.98,0.716,0.282,0.816,0.4245,0,7876.38,180000.0,0,0,0.2225,0
49602.72,29517.61,0.0,20085.11,0.0,7511.4,0.815,0.184,0.881,0.4049,0,5012.06,0.0,0,0,0.1279,0
66015.44,39479.86,5000.0,21535.59,0.0757,38531.1,0.904,0.082,0.937,0.402,0,7751.68,75000.0,0,0,0.008,0
52183.87,32105.08,1500.0,18578.79,0.0287,14756.83,0.71,0.115,0.869,0.3848,0,5014.0,18000.0,0,0,0.1111,0
78384.71,46815.83,10000.0,21568.88,0.1276,27276.97,0.805,0.268,0.834,0.4027,0,11310.11,180000.0,1,9,0.1927,0
30115.3,17565.43,0.0,12549.87,0.0,16266.01,0.763,0.189,0.811,0.4167,0,3290.73,0.0,0,0,0.212,0
32319.53,21399.77,0.0,10919.75,0.0,13129.8,0.742,0.126,0.761,0.3379,0,4390.21,0.0,0,0,0.2641,1
111166.21,62381.11,6000.0,42785.09,0.054,18904.58,0.71,0.162,0.941,0.4388,0,13090.5,108000.0,1,13,0.0119,0
29998.66,18985.45,1500.0,9513.21,0.05,13656.94,0.856,0.203,0.864,0.3671,0,4038.39,18000.0,0,0,0.3037,1
34855.58,22485.83,3000.0,9369.76,0.0861,11100.5,0.81,0.107,0.916,0.3549,0,3394.78,36000.0,0,0,0.2658,0
15000.0,11883.16,14000.0,-10883.16,0.9333,1774.66,0.632,0.265,0.739,0.2078,1,6982.27,336000.0,1,11,1.0,1
36214.62,24659.09,1500.0,10055.53,0.0414,16116.64,0.845,0.172,0.799,0.3191,0,5577.23,18000.0,0,0,0.2724,1
54845.31,29533.6,2500.0,22811.71,0.0456,23834.63,0.919,0.076,0.911,0.4615,0,5859.08,37500.0,0,0,0.0162,0
85127.13,48757.97,6000.0,30369.16,0.0705,37217.06,0.728,0.294,0.915,0.4272,0,9457.7,108000.0,0,0,0.0288,0
82511.59,45671.91,2500.0,34339.67,0.0303,28597.13,0.968,0.125,0.958,0.4465,0,6332.33,37500.0,0,0,0.0032,0
33720.59,24579.8,10000.0,-859.21,0.2966,2117.46,0.531,0.282,0.503,0.2711,2,5436.09,240000.0,0,0,0.9999,1
28834.09,20702.06,1500.0,6632.03,0.052,7032.06,0.842,0.195,0.911,0.282,0,5967.12,18000.0,0,0,0.4243,1
128704.51,81053.62,3000.0,44650.89,0.0233,32663.41,0.694,0.294,0.88,0.3702,0,12858.35,54000.0,0,0,0.0092,0
45196.79,26351.07,4500.0,14345.72,0.0996,15660.69,0.745,0.169,0.77,0.417,0,4126.35,54000.0,0,0,0.4199,1
66895.72,39951.44,2500.0,24444.28,0.0374,43610.37,0.904,0.055,0.968,0.4028,0,6729.45,37500.0,0,0,0.0021,0
60832.28,34443.32,2500.0,23888.96,0.0411,31127.71,0.977,0.107,0.889,0.4338,0,8432.9,37500.0,0,0,0.0094,0
36768.99,17464.89,0.0,19304.1,0.0,43160.99,0.975,0.125,0.88,0.525,0,8698.97,0.0,0,0,0.0047,0
47354.91,26310.26,0.0,21044.65,0.0,52057.86,0.912,0.148,0.904,0.4444,0,5715.78,0.0,0,0,0.0027,0
58691.56,25321.45,2500.0,30870.11,0.0426,16434.55,0.953,0.056,0.967,0.5686,0,6126.81,37500.0,0,0,0.0077,0
45674.68,25630.22,2500.0,17544.46,0.0547,29982.31,0.911,0.087,0.961,0.4389,0,5543.24,37500.0,0,0,0.0157,0
47779.22,30447.47,1500.0,15831.75,0.0314,12248.72,0.881,0.186,0.846,0.3627,0,4823.17,18000.0,0,0,0.1692,0
66968.34,33984.37,0.0,32983.98,0.0,35068.03,0.915,0.081,0.957,0.4925,0,9411.35,0.0,0,0,0.0015,0
65770.79,38005.35,5000.0,22765.44,0.076,51927.9,0.909,0.063,0.893,0.4222,0,6863.38,75000.0,0,0,0.003,0
81478.12,41524.77,2500.0,37453.35,0.0307,36140.36,0.907,0.091,0.935,0.4904,0,9503.91,37500.0,1,10,0.0015,0
50881.17,22719.39,0.0,28161.77,0.0,45382.66,0.906,0.083,0.926,0.5535,0,6567.05,0.0,1,3,0.0013,0
54359.51,30379.71,0.0,23979.8,0.0,12900.68,0.791,0.15,0.871,0.4411,0,3481.08,0.0,0,0,0.0592,0
42286.99,36196.95,18000.0,-11909.96,0.4257,1617.42,0.6,0.404,0.584,0.144,2,5853.53,432000.0,0,0,1.0,1
32214.11,25708.16,10000.0,-3494.06,0.3104,4776.09,0.699,0.278,0.648,0.202,2,7737.32,240000.0,1,25,0.9996,1
30186.45,21922.69,3000.0,5263.77,0.0994,10634.13,0.852,0.198,0.836,0.2738,0,3989.08,36000.0,0,0,0.5957,0
31964.5,22069.02,1500.0,8395.48,0.0469,13997.61,0.792,0.12,0.804,0.3096,0,5101.16,18000.0,0,0,0.307,1
42151.32,24753.84,3000.0,14397.48,0.0712,14616.92,0.834,0.212,0.782,0.4127,0,3709.45,36000.0,0,0,0.3548,1
71990.37,42120.87,0.0,29869.5,0.0,38220.62,0.901,0.12,0.908,0.4149,0,7734.01,0.0,0,0,0.0027,0
78456.13,44469.04,0.0,33987.09,0.0,15546.0,0.974,0.103,0.972,0.4332,0,8022.81,0.0,0,0,0.005,0
81779.98,55822.78,6000.0,19957.2,0.0734,44897.61,0.694,0.241,0.894,0.3174,0,10379.49,108000.0,1,18,0.0383,0
41321.18,25237.83,3000.0,13083.35,0.0726,12906.09,0.843,0.144,0.844,0.3892,0,4443.4,36000.0,0,0,0.2453,0
91652.88,60553.65,6000.0,25099.22,0.0655,27021.25,0.726,0.275,0.874,0.3393,0,10566.09,108000.0,0,0,0.0956,0
54580.36,37731.5,10000.0,6848.86,0.1832,18326.73,0.807,0.244,0.926,0.3087,0,11388.96,180000.0,1,7,0.6208,0
38969.31,28235.13,10000.0,734.18,0.2566,500.0,0.622,0.499,0.744,0.2755,4,5393.55,240000.0,1,19,1.0,1
32309.48,28858.91,18000.0,-14549.43,0.5571,742.39,0.637,0.449,0.544,0.1068,3,6472.2,432000.0,0,0,1.0,1
40546.98,23450.06,1500.0,15596.92,0.037,9777.46,0.771,0.183,0.87,0.4217,0,4546.56,18000.0,0,0,0.2462,0
77409.29,36085.92,0.0,41323.37,0.0,27099.48,0.959,0.086,0.965,0.5338,0,8509.72,0.0,0,0,0.0011,0
77840.46,46191.39,0.0,31649.07,0.0,24772.19,0.966,0.12,0.977,0.4066,0,5387.39,0.0,0,0,0.0036,0
60085.61,30085.57,5000.0,25000.04,0.0832,28157.54,0.969,0.112,0.973,0.4993,0,9445.18,75000.0,0,0,0.011,0
36400.56,23685.15,1500.0,11215.41,0.0412,14971.61,0.833,0.249,0.754,0.3493,0,3011.78,18000.0,0,0,0.4405,1
69705.13,28587.62,2500.0,38617.51,0.0359,23385.12,0.924,0.063,0.957,0.5899,0,6118.38,37500.0,0,0,0.0026,0
55865.01,26055.18,5000.0,24809.83,0.0895,14705.72,0.963,0.113,0.914,0.5336,0,9218.19,75000.0,0,0,0.0426,0
96214.52,54114.57,10000.0,32099.95,0.1039,37461.43,0.691,0.267,0.921,0.4376,0,10256.24,180000.0,0,0,0.0307,0
42082.46,28623.13,0.0,13459.33,0.0,13286.06,0.887,0.248,0.824,0.3198,0,5331.69,0.0,0,0,0.2209,1
128137.99,86880.08,15000.0,26257.91,0.1171,30805.92,0.846,0.227,0.925,0.322,0,9800.82,270000.0,0,0,0.0438,0
95919.19,52798.51,3000.0,40120.68,0.0313,25913.86,0.748,0.163,0.839,0.4496,0,8017.19,54000.0,0,0,0.0109,0
27652.57,24326.58,14000.0,-10674.01,0.5063,500.0,0.624,0.426,0.707,0.1203,3,6570.56,336000.0,1,22,1.0,1
38899.01,28444.03,0.0,10454.98,0.0,16119.49,0.78,0.242,0.792,0.2688,1,5861.71,0.0,0,0,0.5932,1
51581.52,45078.3,14000.0,-7496.78,0.2714,4272.68,0.626,0.496,0.671,0.1261,4,4229.55,336000.0,0,0,1.0,1
81516.95,35225.33,5000.0,41291.62,0.0613,24702.22,0.925,0.093,0.907,0.5679,0,5293.14,75000.0,0,0,0.0037,0
70651.61,46530.9,3000.0,21120.71,0.0425,19557.63,0.737,0.153,0.852,0.3414,0,6810.93,54000.0,1,22,0.0926,0
52006.73,32058.81,3000.0,16947.92,0.0577,7064.73,0.843,0.153,0.875,0.3836,1,3279.29,36000.0,0,0,0.4511,0
36585.23,24089.15,1500.0,10996.08,0.041,2000.0,0.833,0.197,0.848,0.3416,0,4430.9,18000.0,0,0,0.4784,0
74355.38,36888.17,0.0,37467.21,0.0,29825.03,0.935,0.132,0.958,0.5039,0,6248.85,0.0,0,0,0.0019,0
60718.72,28592.32,5000.0,27126.4,0.0823,49417.46,0.94,0.149,0.926,0.5291,0,8412.89,75000.0,0,0,0.0034,0
48377.84,31389.83,0.0,16988.02,0.0,8830.93,0.823,0.162,0.907,0.3512,0,5126.93,0.0,0,0,0.1159,0
44372.75,32428.33,0.0,11944.42,0.0,15763.48,0.79,0.202,0.766,0.2692,0,5826.44,0.0,0,0,0.2697,1
71153.54,35584.45,5000.0,30569.09,0.0703,46407.52,0.91,0.14,0.949,0.4999,0,9508.35,75000.0,0,0,0.0025,0
111376.36,69869.27,3000.0,38507.09,0.0269,22326.34,0.78,0.179,0.862,0.3727,0,6198.15,54000.0,0,0,0.014,0
66408.14,29852.94,2500.0,34055.2,0.0376,5000.0,0.956,0.086,0.968,0.5505,0,8565.2,37500.0,0,0,0.015,0
39698.4,22812.22,1500.0,15386.17,0.0378,12962.32,0.832,0.198,0.896,0.4254,0,4289.82,18000.0,0,0,0.1744,0
36852.61,26889.68,1500.0,8462.93,0.0407,11869.38,0.87,0.109,0.789,0.2703,0,4160.07,18000.0,0,0,0.274,0
53424.12,27406.47,3000.0,23017.65,0.0562,21118.96,0.802,0.217,0.909,0.487,0,7218.26,54000.0,0,0,0.0747,0
65058.37,33536.58,3000.0,28521.79,0.0461,36576.56,0.708,0.151,0.835,0.4845,0,7092.74,54000.0,0,0,0.0179,0
38841.05,29875.19,14000.0,-5034.14,0.3604,3201.87,0.541,0.405,0.532,0.2308,1,7726.13,336000.0,1,33,0.9999,1
30322.14,20958.91,1500.0,7863.23,0.0495,5345.24,0.885,0.104,0.87,0.3088,0,3540.7,18000.0,0,0,0.3003,0
45027.42,19829.14,0.0,25198.28,0.0,30157.85,0.933,0.082,0.895,0.5596,0,9851.18,0.0,1,6,0.0057,0
26987.62,19526.72,18000.0,-10539.1,0.667,3302.83,0.626,0.461,0.725,0.2765,2,4194.1,432000.0,0,0,1.0,1
35087.2,20127.4,0.0,14959.8,0.0,6933.12,0.789,0.151,0.83,0.4264,0,4933.43,0.0,0,0,0.2175,0
32214.04,27487.63,6000.0,-1273.59,0.1863,4770.79,0.666,0.481,0.659,0.1467,1,7581.18,144000.0,1,28,0.9988,1
34906.36,20751.04,1500.0,12655.33,0.043,13277.29,0.753,0.199,0.853,0.4055,0,4968.04,18000.0,0,0,0.3107,0
35255.6,27089.46,10000.0,-1833.85,0.2836,1294.97,0.557,0.339,0.507,0.2316,4,6499.2,240000.0,1,17,1.0,1
39235.44,19334.8,0.0,19900.63,0.0,17011.71,0.914,0.106,0.964,0.5072,0,5163.67,0.0,0,0,0.0209,0
35444.45,31398.46,10000.0,-5954.01,0.2821,4771.83,0.697,0.324,0.56,0.1142,2,5512.62,240000.0,1,15,0.9998,1
71018.55,30196.27,0.0,40822.28,0.0,48619.15,0.923,0.139,0.897,0.5748,0,7613.93,0.0,0,0,0.0005,0
30738.0,18120.65,0.0,12617.35,0.0,7827.03,0.747,0.196,0.827,0.4105,0,3367.09,0.0,0,0,0.335,0
68791.47,45293.76,10000.0,13497.71,0.1454,23598.95,0.83,0.185,0.868,0.3416,0,9341.11,180000.0,0,0,0.2609,1
40869.89,29254.33,0.0,11615.56,0.0,19121.81,0.881,0.25,0.906,0.2842,0,5437.11,0.0,0,0,0.1303,0
70643.43,38327.64,5000.0,27315.8,0.0708,19915.19,0.943,0.077,0.948,0.4574,1,5886.07,75000.0,0,0,0.0412,0
74935.34,30625.6,0.0,44309.74,0.0,26152.44,0.961,0.145,0.979,0.5913,0,9751.92,0.0,0,0,0.0012,0
52765.45,31736.5,3000.0,18028.95,0.0569,30878.49,0.824,0.204,0.894,0.3985,0,7855.48,54000.0,1,18,0.055,0
23602.03,18896.11,10000.0,-5294.08,0.4237,2233.34,0.535,0.433,0.59,0.1994,1,5327.93,240000.0,1,27,1.0,1
44990.8,26226.86,5000.0,13763.95,0.1111,30803.85,0.955,0.052,0.934,0.4171,0,9973.27,75000.0,1,10,0.0284,0
39007.39,27702.17,1500.0,9805.23,0.0385,14026.55,0.764,0.169,0.775,0.2898,0,5572.85,18000.0,0,0,0.3842,1
35750.45,26205.48,3000.0,6544.97,0.0839,10963.66,0.706,0.213,0.861,0.267,0,4483.51,36000.0,0,0,0.6314,0
21411.42,18933.55,10000.0,-7522.13,0.467,500.0,0.509,0.352,0.604,0.1157,4,6396.79,240000.0,1,27,1.0,1
52745.81,35593.36,10000.0,7152.45,0.1896,30303.95,0.798,0.299,0.92,0.3252,0,14562.65,180000.0,0,0,0.5177,1
35223.96,20003.0,2500.0,12720.95,0.071,38423.98,0.958,0.15,0.906,0.4321,0,7757.02,37500.0,0,0,0.0262,0
39699.04,28384.29,1500.0,9814.75,0.0378,15523.23,0.744,0.151,0.815,0.285,1,3016.9,18000.0,0,0,0.5638,0
37428.64,29161.39,6000.0,2267.24,0.1603,2958.9,0.545,0.486,0.503,0.2209,2,4302.41,144000.0,0,0,0.9998,1
40147.3,29324.44,1500.0,9322.86,0.0374,16238.55,0.894,0.176,0.859,0.2696,0,4452.78,18000.0,0,0,0.1981,0
113616.65,74677.13,3000.0,35939.52,0.0264,29392.33,0.78,0.18,0.887,0.3427,0,14975.12,54000.0,0,0,0.0094,0
36605.1,26147.67,3000.0,7457.43,0.082,9097.53,0.847,0.235,0.805,0.2857,0,3174.46,36000.0,0,0,0.6322,1
41203.96,31641.98,10000.0,-438.01,0.2427,4601.79,0.692,0.266,0.693,0.2321,1,4156.22,240000.0,1,15,0.9961,1
92682.73,60751.18,6000.0,25931.55,0.0647,39675.45,0.707,0.26,0.888,0.3445,0,14114.8,108000.0,0,0,0.0335,0
30556.88,24492.32,10000.0,-3935.44,0.3273,4505.46,0.59,0.474,0.697,0.1985,1,6441.23,240000.0,1,23,0.9998,1
68074.42,39099.89,10000.0,18974.52,0.1469,34735.86,0.75,0.236,0.907,0.4256,0,8443.65,180000.0,0,0,0.1247,0
20848.27,13836.42,0.0,7011.84,0.0,12409.53,0.802,0.155,0.841,0.3363,0,3852.68,0.0,0,0,0.2648,0
37627.2,33297.4,10000.0,-5670.2,0.2658,1532.89,0.675,0.281,0.623,0.1151,2,4032.48,240000.0,0,0,0.9997,1
68950.34,28763.2,0.0,40187.14,0.0,31794.93,0.936,0.096,0.957,0.5828,0,5135.81,0.0,0,0,0.001,0
58478.84,42840.86,6000.0,9637.99,0.1026,3680.9,0.547,0.358,0.732,0.2674,2,4768.39,144000.0,0,0,0.9949,1
47069.76,22522.36,2500.0,22047.4,0.0531,50458.93,0.919,0.058,0.882,0.5215,0,5457.96,37500.0,0,0,0.0028,0
104377.24,69984.94,3000.0,31392.29,0.0287,37090.58,0.827,0.21,0.86,0.3295,0,6882.85,54000.0,1,5,0.0099,0
33866.33,19657.78,0.0,14208.55,0.0,11121.89,0.758,0.23,0.808,0.4195,0,4937.08,0.0,0,0,0.3121,0
24308.55,21740.82,6000.0,-3432.27,0.2468,1598.99,0.602,0.31,0.733,0.1056,4,7258.79,144000.0,0,0,0.9999,1
68432.57,39890.15,0.0,28542.43,0.0,27171.93,0.953,0.067,0.923,0.4171,0,6927.02,0.0,0,0,0.0038,0
39368.32,29285.8,3000.0,7082.51,0.0762,12534.72,0.81,0.14,0.92,0.2561,0,5043.46,36000.0,0,0,0.3074,0
101708.33,69062.92,10000.0,22645.41,0.0983,15964.12,0.733,0.204,0.911,0.321,0,11463.52,180000.0,0,0,0.1729,0
46297.31,34392.49,10000.0,1904.81,0.216,3383.01,0.675,0.263,0.628,0.2571,2,7004.92,240000.0,0,0,0.9987,1
39014.16,22274.67,0.0,16739.5,0.0,15013.32,0.9,0.129,0.854,0.4291,0,5656.8,0.0,0,0,0.0655,0
82570.26,55814.11,6000.0,20756.15,0.0727,25154.07,0.836,0.224,0.904,0.324,0,12706.36,108000.0,0,0,0.0772,0
53686.96,31052.22,0.0,22634.75,0.0,19862.67,0.958,0.058,0.939,0.4216,0,9889.79,0.0,1,6,0.0096,0
91804.98,47272.57,6000.0,38532.41,0.0654,14276.93,0.695,0.258,0.874,0.4851,0,10637.66,108000.0,0,0,0.0715,0
123483.91,80315.03,3000.0,40168.88,0.0243,28496.14,0.683,0.161,0.848,0.3496,0,14981.08,54000.0,0,0,0.0098,0
60332.31,30872.13,6000.0,23460.18,0.0994,30165.88,0.79,0.3,0.854,0.4883,1,9437.39,108000.0,1,15,0.3021,1
48862.28,28562.5,1500.0,18799.78,0.0307,9145.99,0.758,0.22,0.886,0.4154,0,4574.5,18000.0,0,0,0.2269,0
33954.49,20642.7,0.0,13311.79,0.0,13994.04,0.835,0.203,0.861,0.392,0,3300.51,0.0,0,0,0.1665,0
15000.0,12266.47,6000.0,-3266.47,0.4,3321.87,0.527,0.351,0.557,0.1822,1,7570.05,144000.0,1,20,0.9999,1
92470.36,48938.37,3000.0,40531.99,0.0324,34489.73,0.746,0.254,0.836,0.4708,0,12162.04,54000.0,0,0,0.0105,0
31134.54,27852.5,6000.0,-2717.96,0.1927,4636.47,0.501,0.345,0.65,0.1054,2,5905.78,144000.0,0,0,0.9996,1
47433.17,31758.23,0.0,15674.93,0.0,16994.62,0.786,0.204,0.841,0.3305,0,5860.67,0.0,0,0,0.1442,0
102358.62,70079.61,3000.0,29279.01,0.0293,13578.68,0.751,0.218,0.862,0.3154,0,9425.82,54000.0,0,0,0.0834,0
37174.98,25787.58,0.0,11387.39,0.0,9923.9,0.829,0.203,0.793,0.3063,0,5054.61,0.0,0,0,0.3156,0
78829.26,46948.29,0.0,31880.96,0.0,14624.97,0.931,0.096,0.888,0.4044,0,6643.49,0.0,0,0,0.0109,0
64903.8,29569.63,0.0,35334.17,0.0,15599.77,0.935,0.077,0.95,0.5444,0,5265.36,0.0,0,0,0.0047,0
35000.0,20981.88,6000.0,8018.12,0.1714,23789.1,0.729,0.225,0.879,0.4005,0,12400.86,108000.0,0,0,0.5587,1
71634.7,35149.05,5000.0,31485.65,0.0698,7795.46,0.956,0.14,0.951,0.5093,1,8178.68,75000.0,1,2,0.091,0
40252.81,25501.0,0.0,14751.81,0.0,12184.34,0.804,0.197,0.804,0.3665,0,5925.34,0.0,0,0,0.2206,0
21994.47,17030.5,10000.0,-5036.03,0.4547,1194.82,0.52,0.44,0.591,0.2257,3,7707.76,240000.0,0,0,1.0,1
33795.23,26289.5,10000.0,-2494.27,0.2959,5773.41,0.565,0.406,0.523,0.2221,2,5101.38,240000.0,0,0,0.9999,1
36578.74,15160.32,5000.0,16418.42,0.1367,48105.35,0.949,0.062,0.931,0.5855,0,5302.01,75000.0,0,0,0.0091,0
65664.63,44156.74,6000.0,15507.89,0.0914,30186.98,0.839,0.161,0.873,0.3275,0,8228.85,108000.0,1,16,0.0796,1
36450.53,21476.87,4500.0,10473.67,0.1235,21852.05,0.879,0.144,0.842,0.4108,0,5326.49,54000.0,0,0,0.2413,0
43420.55,34722.61,10000.0,-1302.06,0.2303,2208.6,0.688,0.378,0.617,0.2003,2,5044.94,240000.0,0,0,0.9996,1
41532.91,31325.05,10000.0,207.86,0.2408,3781.56,0.694,0.33,0.54,0.2458,2,5551.28,240000.0,0,0,0.9996,1
32263.41,27583.13,18000.0,-13319.72,0.5579,3282.72,0.64,0.261,0.539,0.1451,1,4039.52,432000.0,0,0,1.0,1
35690.26,19958.26,0.0,15732.0,0.0,32310.71,0.967,0.145,0.952,0.4408,0,9667.81,0.0,0,0,0.0117,0
39462.78,30473.87,10000.0,-1011.09,0.2534,4351.19,0.631,0.405,0.676,0.2278,1,5422.59,240000.0,0,0,0.999,1
36105.35,22503.62,1500.0,12101.73,0.0415,11141.09,0.713,0.242,0.88,0.3767,0,3518.58,18000.0,0,0,0.4181,0
67504.79,37096.2,2500.0,27908.59,0.037,30226.1,0.968,0.066,0.882,0.4505,0,5491.56,37500.0,0,0,0.0054,0
104593.28,71487.56,6000.0,27105.72,0.0574,13815.22,0.693,0.166,0.82,0.3165,0,6788.78,108000.0,0,0,0.1325,0
43674.94,30876.2,1500.0,11298.74,0.0343,13583.05,0.72,0.206,0.812,0.293,0,5527.4,18000.0,0,0,0.3964,0
41371.58,30218.91,1500.0,9652.67,0.0363,10721.31,0.771,0.187,0.875,0.2696,0,4780.03,18000.0,0,0,0.3436,0
36072.0,32105.29,6000.0,-2033.29,0.1663,2644.56,0.651,0.31,0.684,0.11,3,4988.82,144000.0,1,30,0.9996,1
67343.5,38021.47,0.0,29322.03,0.0,30561.67,0.943,0.078,0.896,0.4354,0,7317.51,0.0,0,0,0.0036,0
47731.36,34634.11,18000.0,-4902.75,0.3771,5317.84,0.655,0.469,0.604,0.2744,2,6088.34,432000.0,0,0,1.0,1
90369.98,50122.84,10000.0,30247.14,0.1107,22015.91,0.789,0.198,0.922,0.4454,0,13820.99,180000.0,1,21,0.0541,0
35523.97,22679.09,3000.0,9844.88,0.0845,11225.49,0.794,0.227,0.806,0.3616,0,5686.69,36000.0,0,0,0.5757,1
52023.62,30681.46,2500.0,18842.16,0.0481,37317.86,0.961,0.059,0.929,0.4102,0,9385.19,37500.0,0,0,0.0064,0
27933.63,19441.8,0.0,8491.83,0.0,11129.54,0.769,0.199,0.832,0.304,0,5883.62,0.0,0,0,0.3488,0
30199.83,19113.33,0.0,11086.5,0.0,15031.02,0.727,0.148,0.808,0.3671,0,5225.44,0.0,0,0,0.2272,0
17633.48,13498.98,10000.0,-5865.5,0.5671,3826.59,0.565,0.418,0.633,0.2345,1,4596.36,240000.0,0,0,1.0,1
39623.15,22684.24,3000.0,13938.91,0.0757,10883.97,0.777,0.111,0.888,0.4275,0,3707.28,36000.0,0,0,0.223,0
40307.94,30547.55,6000.0,3760.39,0.1489,4500.15,0.672,0.328,0.549,0.2421,2,7640.91,144000.0,0,0,0.9986,1
40071.41,25998.97,15000.0,-927.57,0.3743,38976.47,0.696,0.172,0.937,0.3512,0,9941.87,270000.0,0,0,0.803,1
42195.19,26495.75,6000.0,9699.44,0.1422,20149.44,0.769,0.213,0.823,0.3721,0,12218.26,108000.0,1,13,0.5339,0
49004.55,30998.9,1500.0,16505.65,0.0306,10360.39,0.801,0.136,0.885,0.3674,0,4574.67,18000.0,0,0,0.1434,1
38041.15,24723.41,3000.0,10317.73,0.0789,8964.29,0.849,0.209,0.82,0.3501,0,4730.84,36000.0,0,0,0.5015,1
70716.81,31014.89,5000.0,34701.92,0.0707,31263.11,0.904,0.081,0.909,0.5614,0,5656.12,75000.0,1,10,0.0045,0
103581.3,69000.61,6000.0,28580.69,0.0579,24428.87,0.79,0.235,0.888,0.3339,0,10158.76,108000.0,0,0,0.0478,0
65097.58,38577.66,2500.0,24019.92,0.0384,30892.28,0.949,0.069,0.95,0.4074,0,6423.43,37500.0,0,0,0.0058,0
34765.08,19640.8,0.0,15124.28,0.0,11297.81,0.736,0.216,0.805,0.435,0,3521.54,0.0,0,0,0.2906,1
78074.96,40616.61,5000.0,32458.34,0.064,43258.21,0.918,0.099,0.968,0.4798,0,5279.44,75000.0,0,0,0.0017,0
50299.35,24735.23,2500.0,23064.12,0.0497,23953.25,0.92,0.08,0.941,0.5082,0,8373.71,37500.0,0,0,0.0144,0
56828.72,31905.15,0.0,24923.57,0.0,12831.42,0.968,0.149,0.887,0.4386,0,5747.95,0.0,0,0,0.0291,0
30255.6,22277.44,1500.0,6478.16,0.0496,9737.79,0.882,0.246,0.835,0.2637,0,3581.19,18000.0,0,0,0.5186,1
39061.48,26499.75,1500.0,11061.72,0.0384,9798.19,0.774,0.221,0.841,0.3216,0,5391.3,18000.0,0,0,0.4243,1
30496.52,24321.07,6000.0,175.45,0.1967,2086.77,0.674,0.321,0.696,0.2025,2,6392.18,144000.0,0,0,0.9988,1
46062.35,28709.67,3000.0,14352.68,0.0651,10129.81,0.788,0.218,0.916,0.3767,0,5587.02,36000.0,0,0,0.3072,1
69672.54,33776.55,0.0,35896.0,0.0,40706.6,0.906,0.104,0.979,0.5152,0,6636.73,0.0,1,9,0.0008,0
29636.36,20999.53,4500.0,4136.84,0.1518,8013.13,0.856,0.191,0.791,0.2914,0,3700.54,54000.0,0,0,0.7964,1
113018.97,65135.3,10000.0,37883.67,0.0885,21962.77,0.717,0.216,0.892,0.4237,0,14533.86,180000.0,0,0,0.0364,0
62998.83,31779.89,5000.0,26218.94,0.0794,30617.88,0.905,0.061,0.94,0.4955,0,7321.13,75000.0,0,0,0.0083,0
67265.02,40323.29,2500.0,24441.73,0.0372,42115.3,0.922,0.076,0.914,0.4005,0,5136.44,37500.0,0,0,0.0033,0
19563.27,14551.73,18000.0,-12988.46,0.9201,3955.43,0.679,0.314,0.605,0.2562,3,7084.03,432000.0,1,21,1.0,1
22876.74,19256.42,10000.0,-6379.67,0.4371,2306.25,0.671,0.27,0.711,0.1583,1,6619.42,240000.0,0,0,0.9997,1
49228.23,21812.15,2500.0,24916.08,0.0508,44094.98,0.967,0.082,0.905,0.5569,0,9745.66,37500.0,0,0,0.003,0
43627.95,25117.21,4500.0,14010.74,0.1031,15977.64,0.822,0.175,0.815,0.4243,0,3731.89,54000.0,0,0,0.3278,0
40683.37,27221.64,1500.0,11961.73,0.0369,10044.89,0.744,0.198,0.88,0.3309,0,5404.04,18000.0,0,0,0.3385,1
41796.83,31190.84,0.0,10605.99,0.0,12206.87,0.788,0.109,0.898,0.2538,0,4155.3,0.0,0,0,0.1325,0
38358.59,23267.76,1500.0,13590.82,0.0391,14650.71,0.754,0.19,0.908,0.3934,0,4381.14,18000.0,0,0,0.2041,0
46311.72,32264.59,6000.0,8047.13,0.1296,21156.64,0.715,0.298,0.82,0.3033,0,14422.31,108000.0,0,0,0.6975,1
31132.9,19714.52,3000.0,8418.38,0.0964,10895.58,0.788,0.165,0.845,0.3668,0,5568.89,36000.0,0,0,0.4988,1
40083.35,24455.09,0.0,15628.26,0.0,17082.02,0.772,0.193,0.789,0.3899,1,4724.74,0.0,0,0,0.3899,0
30679.6,21615.67,6000.0,3063.93,0.1956,2429.19,0.672,0.259,0.609,0.2954,1,5667.36,144000.0,1,24,0.9953,1
96914.48,62204.8,6000.0,28709.69,0.0619,23705.41,0.735,0.288,0.886,0.3581,0,9753.32,108000.0,0,0,0.0849,0
85771.22,53590.22,3000.0,29181.0,0.035,44815.43,0.809,0.292,0.934,0.3752,0,9654.05,54000.0,1,15,0.0092,0
62994.12,31685.27,0.0,31308.85,0.0,37848.89,0.906,0.051,0.971,0.497,0,7342.81,0.0,1,7,0.0011,0
74702.81,32358.72,0.0,42344.09,0.0,24839.73,0.915,0.077,0.908,0.5668,0,6089.12,0.0,0,0,0.0017,0
38236.07,28079.77,3000.0,7156.3,0.0785,7279.43,0.894,0.198,0.865,0.2656,0,4868.46,36000.0,0,0,0.4929,0
20261.53,12937.14,1500.0,5824.39,0.074,15404.93,0.726,0.154,0.761,0.3615,1,3355.58,18000.0,0,0,0.792,0
37650.99,21729.42,1500.0,14421.57,0.0398,15949.28,0.723,0.13,0.759,0.4229,0,5419.91,18000.0,0,0,0.2563,0
42965.1,20141.13,5000.0,17823.98,0.1164,34507.16,0.907,0.136,0.928,0.5312,0,6590.03,75000.0,0,0,0.0325,0
68098.72,47299.62,3000.0,17799.1,0.0441,30701.3,0.664,0.239,0.908,0.3054,1,9644.51,54000.0,0,0,0.2386,0
53759.56,26755.8,0.0,27003.75,0.0,12769.84,0.939,0.093,0.951,0.5023,0,5926.08,0.0,0,0,0.0135,0
42076.01,31510.14,1500.0,9065.87,0.0356,7838.13,0.821,0.161,0.803,0.2511,0,5907.01,18000.0,0,0,0.4115,0
76600.06,32669.26,2500.0,41430.8,0.0326,22440.25,0.966,0.062,0.978,0.5735,1,9683.6,37500.0,0,0,0.0048,0
24434.24,14445.27,1500.0,8488.97,0.0614,18947.49,0.833,0.111,0.807,0.4088,0,5248.49,18000.0,0,0,0.2228,1
62943.65,34950.94,2500.0,25492.71,0.0397,26661.68,0.903,0.141,0.972,0.4447,0,7410.42,37500.0,0,0,0.0115,0
83181.45,39991.7,2500.0,40689.74,0.0301,25309.29,0.908,0.063,0.894,0.5192,0,7706.64,37500.0,0,0,0.0025,0
88846.86,41574.03,0.0,47272.83,0.0,37427.23,0.925,0.121,0.896,0.5321,0,7980.98,0.0,1,7,0.0006,0
84235.54,54220.6,10000.0,20014.93,0.1187,41489.96,0.695,0.2,0.834,0.3563,0,13965.58,180000.0,0,0,0.0756,0
62730.75,31810.12,5000.0,25920.63,0.0797,41418.97,0.939,0.118,0.889,0.4929,0,7021.88,75000.0,0,0,0.0065,0
32682.83,27383.91,10000.0,-4701.07,0.306,2959.3,0.64,0.254,0.537,0.1621,3,6582.29,240000.0,0,0,0.9999,1
65709.35,31516.17,0.0,34193.18,0.0,37614.31,0.923,0.148,0.924,0.5204,0,7492.99,0.0,1,7,0.002,0
76144.76,52250.12,15000.0,8894.64,0.197,24334.55,0.84,0.292,0.922,0.3138,0,13600.59,270000.0,1,5,0.5567,1
61027.86,35003.48,0.0,26024.38,0.0,32051.85,0.927,0.085,0.885,0.4264,0,5965.83,0.0,1,1,0.005,0
50164.81,31346.81,0.0,18818.0,0.0,17047.04,0.844,0.222,0.774,0.3751,0,3746.15,0.0,0,0,0.1411,0
40215.95,23857.59,1500.0,14858.36,0.0373,18814.91,0.893,0.227,0.9,0.4068,0,4871.42,18000.0,0,0,0.1227,1
59419.53,30826.62,0.0,28592.91,0.0,22656.8,0.968,0.065,0.917,0.4812,0,7024.16,0.0,0,0,0.0052,0
33661.45,22174.12,0.0,11487.33,0.0,2138.02,0.805,0.176,0.804,0.3413,0,4636.92,0.0,0,0,0.409,1
26379.8,18008.53,4500.0,3871.27,0.1706,8771.29,0.825,0.232,0.806,0.3173,0,5718.83,54000.0,0,0,0.8593,1
122596.54,83378.29,6000.0,33218.25,0.0489,5063.03,0.701,0.215,0.877,0.3199,0,12693.86,108000.0,0,0,0.1326,0
59777.16,33977.52,0.0,25799.64,0.0,43919.92,0.977,0.071,0.884,0.4316,0,8761.01,0.0,0,0,0.0017,0
38418.11,30773.13,10000.0,-2355.02,0.2603,3004.87,0.59,0.334,0.633,0.199,2,4146.99,240000.0,0,0,0.9997,1
40172.66,28230.8,4500.0,7441.86,0.112,16037.18,0.829,0.247,0.803,0.2973,0,4209.93,54000.0,0,0,0.6169,0
64125.68,29397.53,2500.0,32228.15,0.039,39347.18,0.94,0.066,0.938,0.5416,0,9213.11,37500.0,0,0,0.0016,0
61045.64,33600.49,0.0,27445.15,0.0,21341.96,0.919,0.143,0.962,0.4496,0,5683.92,0.0,0,0,0.0098,0
30832.42,22153.88,4500.0,4178.54,0.146,13084.14,0.773,0.168,0.871,0.2815,1,5682.28,54000.0,0,0,0.8517,1
42142.06,28984.41,0.0,13157.65,0.0,9308.05,0.8,0.217,0.787,0.3122,0,3158.92,0.0,0,0,0.3371,1
46409.24,29896.2,10000.0,6513.03,0.2155,32739.44,0.837,0.205,0.903,0.3558,0,10726.85,180000.0,1,3,0.3897,1
27533.97,20143.12,1500.0,5890.85,0.0545,12622.63,0.796,0.222,0.827,0.2684,0,3008.25,18000.0,0,0,0.5319,0
68290.13,33858.61,0.0,34431.51,0.0,22014.8,0.937,0.071,0.973,0.5042,0,9327.09,0.0,0,0,0.0027,0
71819.96,42997.41,5000.0,23822.55,0.0696,13931.42,0.943,0.149,0.95,0.4013,0,7027.98,75000.0,0,0,0.0456,0
41822.51,23321.01,3000.0,15501.5,0.0717,17907.69,0.759,0.25,0.912,0.4424,1,5433.38,36000.0,0,0,0.5001,1
25812.46,15537.43,1500.0,8775.04,0.0581,12721.28,0.708,0.245,0.906,0.3981,0,4546.27,18000.0,0,0,0.4818,1
67305.19,30665.74,0.0,36639.45,0.0,37167.28,0.934,0.146,0.898,0.5444,0,9403.09,0.0,1,10,0.0018,0
73430.96,30392.31,2500.0,40538.65,0.034,49212.37,0.901,0.082,0.973,0.5861,0,9699.13,37500.0,0,0,0.0004,0
48552.61,31572.67,3000.0,13979.94,0.0618,14589.63,0.708,0.238,0.783,0.3497,0,4202.59,36000.0,0,0,0.4807,1
60399.21,41289.48,3000.0,16109.74,0.0497,29170.22,0.699,0.272,0.816,0.3164,0,10533.1,54000.0,1,6,0.2022,0
72961.92,42836.9,2500.0,27625.02,0.0343,34281.07,0.952,0.093,0.891,0.4129,0,9963.69,37500.0,0,0,0.0049,0
57403.3,39489.73,3000.0,14913.57,0.0523,11683.51,0.812,0.134,0.91,0.3121,0,3710.52,36000.0,0,0,0.1545,0
34191.92,19137.2,0.0,15054.72,0.0,11608.82,0.826,0.188,0.858,0.4403,0,3057.1,0.0,0,0,0.1611,1
29965.28,16932.3,1500.0,11532.98,0.0501,10364.42,0.863,0.213,0.889,0.4349,0,5206.04,18000.0,0,0,0.2979,0
32434.84,24166.11,4500.0,3768.73,0.1387,8236.26,0.859,0.194,0.838,0.2549,1,5086.87,54000.0,0,0,0.8934,1
20740.49,18063.83,6000.0,-3323.33,0.2893,1136.07,0.689,0.377,0.732,0.1291,1,6863.84,144000.0,0,0,0.9991,1
69821.98,37593.63,0.0,32228.35,0.0,30048.81,0.973,0.079,0.917,0.4616,0,9499.83,0.0,0,0,0.0023,0
41158.56,30153.03,0.0,11005.53,0.0,9895.34,0.865,0.182,0.864,0.2674,0,5093.41,0.0,0,0,0.2062,0
28593.51,20436.21,1500.0,6657.3,0.0525,11397.67,0.791,0.164,0.881,0.2853,0,5366.88,18000.0,0,0,0.3758,0
39806.73,29433.8,0.0,10372.93,0.0,6593.81,0.709,0.123,0.859,0.2606,0,5476.66,0.0,0,0,0.2882,0
33030.92,22307.3,1500.0,9223.62,0.0454,8228.15,0.725,0.242,0.808,0.3247,0,4572.62,18000.0,0,0,0.6247,1
40681.01,25597.08,1500.0,13583.93,0.0369,13458.41,0.752,0.203,0.803,0.3708,0,3652.16,18000.0,0,0,0.3376,1
31488.23,20519.53,0.0,10968.69,0.0,9560.39,0.853,0.136,0.87,0.3483,0,5958.75,0.0,0,0,0.1663,0
35663.27,27720.75,14000.0,-6057.48,0.3926,3781.02,0.691,0.256,0.634,0.2227,1,6231.51,336000.0,0,0,0.9996,1
70276.87,35871.93,5000.0,29404.94,0.0711,30611.17,0.926,0.094,0.927,0.4896,0,6898.95,75000.0,0,0,0.0071,0
40956.06,18969.47,2500.0,19486.6,0.061,42917.16,0.911,0.075,0.884,0.5368,0,6216.92,37500.0,0,0,0.0075,0
33962.94,21646.19,4500.0,7816.75,0.1325,12712.76,0.858,0.146,0.907,0.3627,0,3217.55,54000.0,0,0,0.4033,1
31001.02,25832.39,14000.0,-8831.36,0.4516,4627.56,0.539,0.3,0.617,0.1667,4,4039.98,336000.0,1,7,1.0,1
83141.4,34228.97,0.0,48912.43,0.0,40404.93,0.947,0.057,0.894,0.5883,0,7608.19,0.0,0,0,0.0002,0
52724.05,21157.63,0.0,31566.42,0.0,32068.83,0.934,0.13,0.908,0.5987,0,7055.78,0.0,0,0,0.0035,0
69548.56,39594.27,0.0,29954.29,0.0,34502.22,0.963,0.071,0.954,0.4307,0,5068.72,0.0,0,0,0.0017,0
48764.16,28987.2,2500.0,17276.96,0.0513,35496.7,0.913,0.052,0.958,0.4056,0,5705.25,37500.0,0,0,0.0084,0
48359.45,26828.85,5000.0,16530.61,0.1034,45959.8,0.922,0.12,0.973,0.4452,0,8405.55,75000.0,0,0,0.0098,0
88694.93,53160.57,0.0,35534.36,0.0,35559.87,0.905,0.058,0.954,0.4006,0,8112.26,0.0,0,0,0.001,0
68518.39,35439.77,5000.0,28078.62,0.073,26624.99,0.946,0.062,0.897,0.4828,1,8627.83,75000.0,0,0,0.0283,0
42835.74,22737.73,10000.0,10098.01,0.2334,18853.41,0.663,0.193,0.846,0.4692,0,10573.66,180000.0,0,0,0.7656,1
36496.85,22704.39,1500.0,12292.45,0.0411,13720.09,0.812,0.221,0.782,0.3779,0,5272.65,18000.0,0,0,0.3766,0
110949.27,68443.31,3000.0,39505.97,0.027,27149.78,0.668,0.255,0.908,0.3831,0,6253.71,54000.0,0,0,0.0167,0
75576.79,39459.21,0.0,36117.58,0.0,36015.8,0.955,0.148,0.971,0.4779,0,6510.85,0.0,0,0,0.0013,0
20622.98,18370.27,10000.0,-7747.29,0.4849,4220.03,0.526,0.277,0.662,0.1092,2,4377.94,240000.0,1,29,1.0,1
100851.92,50642.24,6000.0,44209.68,0.0595,17041.57,0.73,0.275,0.859,0.4979,0,9171.12,108000.0,0,0,0.0365,0
27832.95,23874.67,6000.0,-2041.72,0.2156,2415.36,0.525,0.384,0.562,0.1422,1,5439.51,144000.0,0,0,0.9995,1
71306.9,41028.18,0.0,30278.72,0.0,28171.97,0.956,0.059,0.951,0.4246,1,7687.44,0.0,0,0,0.0074,0
47525.83,32335.94,0.0,15189.89,0.0,19046.01,0.81,0.189,0.785,0.3196,0,3828.65,0.0,0,0,0.1443,0
112193.17,62730.76,15000.0,34462.41,0.1337,27674.4,0.799,0.209,0.814,0.4409,0,14610.91,270000.0,0,0,0.0545,0
42146.2,25503.88,1500.0,15142.32,0.0356,9902.84,0.783,0.165,0.82,0.3949,0,5443.54,18000.0,0,0,0.2681,0
82521.88,54459.14,3000.0,25062.74,0.0364,25593.07,0.675,0.292,0.923,0.3401,0,13874.73,54000.0,1,15,0.0835,0
50033.99,21685.98,2500.0,25848.01,0.05,37577.25,0.928,0.064,0.911,0.5666,0,9826.14,37500.0,0,0,0.0042,0
75696.06,36399.28,0.0,39296.78,0.0,30270.11,0.919,0.116,0.93,0.5191,0,8430.38,0.0,0,0,0.0017,0
27024.47,18282.24,1500.0,7242.23,0.0555,12580.42,0.817,0.145,0.859,0.3235,0,5994.21,18000.0,0,0,0.3284,0
51242.05,32604.76,15000.0,3637.29,0.2927,27026.07,0.692,0.188,0.822,0.3637,0,9659.05,270000.0,0,0,0.8528,1
15000.0,11531.95,6000.0,-2531.95,0.4,3983.88,0.591,0.334,0.637,0.2312,3,6697.85,144000.0,0,0,1.0,1
63591.87,33565.25,0.0,30026.61,0.0,22032.6,0.96,0.115,0.972,0.4722,0,8756.87,0.0,0,0,0.0051,0
30000.0,17067.43,0.0,12932.57,0.0,39983.05,0.942,0.072,0.954,0.4311,0,9157.77,0.0,1,10,0.0058,0
41767.74,27409.27,3000.0,11358.46,0.0718,14939.86,0.719,0.179,0.8,0.3438,1,5571.35,36000.0,0,0,0.6963,1
80192.42,54544.96,6000.0,19647.46,0.0748,29356.9,0.797,0.26,0.803,0.3198,0,6174.89,108000.0,1,5,0.1424,1
52821.3,26252.74,2500.0,24068.56,0.0473,35951.57,0.913,0.128,0.91,0.503,0,7791.44,37500.0,0,0,0.0088,0
31542.4,24346.09,10000.0,-2803.69,0.317,4566.88,0.554,0.386,0.701,0.2281,1,4760.38,240000.0,0,0,0.9995,1
39383.13,25570.48,1500.0,12312.65,0.0381,19582.3,0.881,0.114,0.898,0.3507,0,5641.87,18000.0,0,0,0.078,0
93627.15,59221.06,10000.0,24406.1,0.1068,17544.07,0.794,0.249,0.915,0.3675,0,8347.12,180000.0,1,3,0.1567,0
54209.13,21952.9,0.0,32256.23,0.0,46318.89,0.952,0.146,0.935,0.595,0,6591.63,0.0,0,0,0.0011,0
34939.38,20599.91,0.0,14339.47,0.0,5172.48,0.844,0.234,0.909,0.4104,0,3158.32,0.0,0,0,0.2443,0
93031.25,61016.7,10000.0,22014.55,0.1075,19096.81,0.84,0.261,0.904,0.3441,0,14322.92,180000.0,0,0,0.1701,0
24277.47,21008.18,6000.0,-2730.71,0.2471,2413.23,0.666,0.316,0.721,0.1347,2,6664.73,144000.0,0,0,0.9993,1
35006.84,21860.08,1500.0,11646.76,0.0428,13501.02,0.796,0.13,0.774,0.3755,0,5589.02,18000.0,0,0,0.2862,1
39487.44,22349.78,1500.0,15637.66,0.038,8234.83,0.87,0.107,0.886,0.434,0,3478.47,18000.0,0,0,0.1304,0
39054.1,21784.81,1500.0,15769.28,0.0384,16369.16,0.863,0.209,0.833,0.4422,0,3361.09,18000.0,0,0,0.1759,0
36751.75,31737.99,10000.0,-4986.24,0.2721,4185.59,0.635,0.39,0.589,0.1364,2,5029.86,240000.0,0,0,0.9999,1
35089.72,25278.55,1500.0,8311.18,0.0427,8919.52,0.85,0.126,0.822,0.2796,0,3415.86,18000.0,0,0,0.3283,0
42324.19,20945.59,5000.0,16378.6,0.1181,34918.78,0.914,0.052,0.945,0.5051,0,9899.7,75000.0,0,0,0.0193,0
89380.12,37372.05,5000.0,47008.07,0.0559,12511.79,0.95,0.068,0.936,0.5819,0,5087.76,75000.0,0,0,0.0034,0
43127.04,22455.65,0.0,20671.4,0.0,33327.05,0.949,0.105,0.946,0.4793,0,9251.79,0.0,1,11,0.0058,0
76504.47,39002.74,10000.0,27501.73,0.1307,26457.08,0.748,0.272,0.847,0.4902,0,12301.68,180000.0,1,4,0.1489,0
25540.92,19693.15,6000.0,-152.24,0.2349,4539.02,0.503,0.369,0.524,0.229,1,7387.07,144000.0,1,25,0.9995,1
39377.27,25778.94,4500.0,9098.33,0.1143,12615.06,0.869,0.21,0.875,0.3453,0,3812.51,54000.0,0,0,0.4657,0
35423.51,26356.18,1500.0,7567.33,0.0423,13884.32,0.747,0.175,0.787,0.256,1,5541.79,18000.0,0,0,0.7141,0
38250.95,21668.25,1500.0,15082.69,0.0392,12254.15,0.829,0.133,0.879,0.4335,0,4468.34,18000.0,0,0,0.143,0
34405.72,20028.0,3000.0,11377.72,0.0872,8127.67,0.712,0.226,0.91,0.4179,0,3638.9,36000.0,0,0,0.5378,0
98391.28,52514.64,2500.0,43376.65,0.0254,24722.28,0.928,0.139,0.888,0.4663,0,8877.82,37500.0,0,0,0.0031,0
97993.48,49250.29,3000.0,45743.19,0.0306,33265.39,0.718,0.185,0.944,0.4974,0,8672.74,54000.0,1,18,0.0028,0
28226.82,21006.82,1500.0,5720.0,0.0531,10030.89,0.879,0.152,0.896,0.2558,0,5946.27,18000.0,0,0,0.3199,0
44507.89,37851.8,18000.0,-11343.92,0.4044,2065.76,0.561,0.366,0.716,0.1495,3,5573.87,432000.0,1,7,1.0,1
68323.37,40901.3,6000.0,21422.06,0.0878,17683.48,0.754,0.232,0.85,0.4014,0,12916.33,108000.0,0,0,0.2212,1
72604.63,39316.18,0.0,33288.46,0.0,32497.25,0.967,0.149,0.927,0.4585,0,7736.64,0.0,0,0,0.0027,0
28532.85,16291.88,0.0,12240.97,0.0,14760.38,0.758,0.159,0.844,0.429,0,5952.18,0.0,0,0,0.1794,0
30569.95,18406.94,0.0,12163.01,0.0,11447.28,0.812,0.213,0.783,0.3979,0,3049.85,0.0,0,0,0.3131,0
95874.29,55454.21,6000.0,34420.08,0.0626,23967.18,0.721,0.239,0.947,0.4216,2,12972.43,108000.0,0,0,0.2147,0
55402.2,22295.12,2500.0,30607.08,0.0451,47894.39,0.979,0.102,0.898,0.5976,0,6773.52,37500.0,1,11,0.0014,0
36249.2,29656.82,10000.0,-3407.62,0.2759,5514.98,0.641,0.355,0.667,0.1819,1,5062.78,240000.0,1,33,0.999,1
51345.94,26683.24,0.0,24662.7,0.0,46693.83,0.937,0.139,0.896,0.4803,0,5013.64,0.0,0,0,0.0026,0
32412.62,18031.58,1500.0,12881.04,0.0463,7444.21,0.814,0.115,0.851,0.4437,1,5833.41,18000.0,0,0,0.5013,1
33414.43,18803.31,0.0,14611.12,0.0,16626.11,0.764,0.178,0.862,0.4373,0,3737.71,0.0,0,0,0.1346,1
29920.03,22437.97,3000.0,4482.07,0.1003,6360.21,0.895,0.204,0.819,0.2501,0,4465.74,36000.0,0,0,0.6827,1
59951.65,27525.17,2500.0,29926.48,0.0417,42810.76,0.968,0.092,0.947,0.5409,0,7647.32,37500.0,0,0,0.0016,0
25662.46,17925.42,3000.0,4737.04,0.1169,15542.11,0.728,0.209,0.837,0.3015,0,4954.78,36000.0,0,0,0.6719,0
73931.49,37277.44,5000.0,31654.05,0.0676,30291.74,0.941,0.062,0.927,0.4958,0,7985.67,75000.0,0,0,0.0044,0
60920.52,25360.65,2500.0,33059.86,0.041,20767.58,0.963,0.146,0.895,0.5837,0,7837.69,37500.0,1,7,0.0112,0
53481.42,36905.22,3000.0,13576.2,0.0561,8816.5,0.736,0.243,0.76,0.3099,1,5573.3,36000.0,0,0,0.8152,1
78074.97,39685.19,3000.0,35389.78,0.0384,26218.68,0.667,0.232,0.832,0.4917,1,10011.74,54000.0,1,16,0.1017,0
32046.03,22731.27,1500.0,7814.77,0.0468,7146.83,0.751,0.223,0.759,0.2907,0,4317.3,18000.0,0,0,0.6836,1
87474.95,51469.66,3000.0,33005.3,0.0343,26353.99,0.811,0.219,0.811,0.4116,0,8626.67,54000.0,0,0,0.0278,0
15000.0,12649.16,18000.0,-15649.16,1.2,2790.73,0.5,0.422,0.692,0.1567,1,5958.5,432000.0,0,0,1.0,1
98872.06,56296.04,10000.0,32576.02,0.1011,30172.83,0.65,0.29,0.883,0.4306,0,11981.93,180000.0,0,0,0.0746,0
39939.35,32609.14,6000.0,1330.22,0.1502,3320.39,0.683,0.42,0.675,0.1835,4,4300.79,144000.0,0,0,0.9999,1
47374.42,35211.61,1500.0,10662.81,0.0317,13992.54,0.857,0.238,0.866,0.2567,0,4823.56,18000.0,0,0,0.2841,0
30210.88,22634.47,18000.0,-10423.59,0.5958,3346.59,0.527,0.298,0.605,0.2508,2,6415.27,432000.0,0,0,1.0,1
30028.92,23628.51,14000.0,-7599.59,0.4662,4137.1,0.633,0.346,0.604,0.2131,1,4941.54,336000.0,0,0,0.9999,1
105796.44,60827.28,10000.0,34969.16,0.0945,30774.14,0.651,0.222,0.919,0.4251,0,10266.57,180000.0,1,22,0.03,0
71176.53,29004.23,0.0,42172.29,0.0,47150.88,0.945,0.13,0.924,0.5925,0,6358.97,0.0,0,0,0.0004,0
83221.16,38218.74,0.0,45002.42,0.0,29344.71,0.942,0.103,0.96,0.5408,0,5276.5,0.0,0,0,0.0008,0
89705.05,47750.43,6000.0,35954.62,0.0669,39680.04,0.767,0.259,0.895,0.4677,0,9862.37,108000.0,1,6,0.011,0
36514.52,26772.13,1500.0,8242.39,0.0411,5731.81,0.742,0.143,0.906,0.2668,0,4760.96,18000.0,0,0,0.3881,0
42512.81,22839.51,2500.0,17173.3,0.0588,24292.93,0.922,0.129,0.965,0.4628,0,5806.06,37500.0,0,0,0.0313,0
28210.16,22085.72,10000.0,-3875.56,0.3545,4214.67,0.67,0.334,0.723,0.2171,2,6109.15,240000.0,0,0,0.9998,1
30794.09,22544.45,1500.0,6749.64,0.0487,20416.72,0.802,0.163,0.884,0.2679,0,3808.03,18000.0,0,0,0.2194,1
47798.19,39297.97,14000.0,-5499.78,0.2929,5507.44,0.563,0.258,0.703,0.1778,1,6887.28,336000.0,0,0,0.9988,1
62556.39,33194.12,0.0,29362.27,0.0,22703.42,0.93,0.143,0.924,0.4694,0,9635.92,0.0,1,10,0.0087,0
36940.6,22035.57,4500.0,10405.02,0.1218,12339.19,0.8,0.16,0.893,0.4035,0,4250.83,54000.0,0,0,0.4115,0
41970.16,18551.44,0.0,23418.72,0.0,19574.17,0.951,0.142,0.931,0.558,0,5795.8,0.0,1,11,0.0167,1
44116.8,31105.24,1500.0,11511.55,0.034,5700.48,0.826,0.207,0.913,0.2949,0,5992.15,18000.0,0,0,0.329,1
70052.37,34839.41,2500.0,32712.96,0.0357,46546.35,0.932,0.063,0.929,0.5027,0,6009.51,37500.0,1,3,0.0009,0
63871.46,29478.44,0.0,34393.02,0.0,17973.09,0.918,0.055,0.958,0.5385,0,6703.7,0.0,0,0,0.0038,0
15000.0,12725.28,18000.0,-15725.28,1.2,2575.58,0.574,0.352,0.608,0.1516,4,6770.26,432000.0,0,0,1.0,1
31918.46,19024.57,1500.0,11393.89,0.047,8532.3,0.723,0.158,0.856,0.404,0,3195.82,18000.0,0,0,0.3821,0
33841.4,21259.63,0.0,12581.77,0.0,12753.76,0.816,0.178,0.832,0.3718,0,3413.4,0.0,0,0,0.1965,1
106238.05,54279.7,10000.0,41958.35,0.0941,18066.14,0.72,0.265,0.929,0.4891,0,10730.27,180000.0,0,0,0.0397,0
45340.8,26247.59,0.0,19093.2,0.0,25121.22,0.951,0.139,0.971,0.4211,0,5880.71,0.0,1,4,0.0133,0
41491.24,29749.49,10000.0,1741.75,0.241,4043.49,0.664,0.465,0.507,0.283,4,4173.35,240000.0,1,26,1.0,1
31138.44,21875.8,3000.0,6262.64,0.0963,10992.92,0.817,0.124,0.753,0.2975,0,4650.42,36000.0,0,0,0.5714,1
78135.29,41013.46,15000.0,22121.84,0.192,35459.96,0.759,0.242,0.94,0.4751,1,11148.85,270000.0,0,0,0.2879,0
23414.14,19011.52,10000.0,-5597.38,0.4271,5543.27,0.678,0.371,0.706,0.188,3,7297.33,240000.0,1,31,1.0,1
45732.94,19347.89,0.0,26385.05,0.0,29946.69,0.96,0.121,0.9,0.5769,0,6406.47,0.0,0,0,0.006,0
50944.76,23914.9,5000.0,22029.86,0.0981,44387.63,0.903,0.147,0.945,0.5306,0,8140.27,75000.0,0,0,0.0092,0
54610.18,28970.24,0.0,25639.94,0.0,46839.72,0.938,0.148,0.9,0.4695,0,7877.99,0.0,0,0,0.0024,0
56432.87,32732.16,5000.0,18700.71,0.0886,30017.19,0.914,0.091,0.957,0.42,1,9755.69,75000.0,1,2,0.0584,0
29045.19,22623.43,10000.0,-3578.24,0.3443,4363.14,0.631,0.315,0.506,0.2211,1,5760.46,240000.0,0,0,0.9998,1
72718.42,42731.35,3000.0,26987.08,0.0413,27396.16,0.848,0.2,0.888,0.4124,0,14285.54,54000.0,1,17,0.0256,0
49817.64,28734.04,2500.0,18583.6,0.0502,32109.26,0.903,0.142,0.929,0.4232,0,9284.44,37500.0,1,1,0.0201,0
19822.87,11596.93,4500.0,3725.93,0.227,5644.04,0.743,0.129,0.862,0.415,0,5816.31,54000.0,0,0,0.8716,1
38016.95,24620.25,0.0,13396.7,0.0,11141.22,0.799,0.162,0.901,0.3524,0,5928.81,0.0,0,0,0.1465,0
38538.47,17736.68,0.0,20801.79,0.0,32248.17,0.952,0.105,0.888,0.5398,0,8955.95,0.0,0,0,0.0083,0
37881.73,27639.58,18000.0,-7757.85,0.4752,3153.31,0.629,0.392,0.629,0.2704,1,7758.56,432000.0,1,8,1.0,1
39059.32,26279.23,1500.0,11280.09,0.0384,9825.04,0.761,0.18,0.838,0.3272,0,3847.41,18000.0,0,0,0.3688,1
40290.14,30186.3,1500.0,8603.84,0.0372,14034.45,0.876,0.19,0.827,0.2508,0,5215.18,18000.0,0,0,0.2969,1
25477.01,21381.43,18000.0,-13904.43,0.7065,2202.16,0.65,0.321,0.605,0.1608,1,7408.38,432000.0,1,23,1.0,1
39444.04,29350.12,1500.0,8593.91,0.038,14062.65,0.864,0.222,0.807,0.2559,1,3065.82,18000.0,0,0,0.6441,0
83008.95,52264.27,6000.0,24744.68,0.0723,26841.33,0.802,0.28,0.89,0.3704,0,8810.57,108000.0,0,0,0.081,0
47033.66,25213.35,0.0,21820.3,0.0,35670.22,0.964,0.054,0.947,0.4639,0,9704.68,0.0,0,0,0.003,0
92045.79,51364.38,15000.0,25681.41,0.163,30211.09,0.8,0.214,0.907,0.442,1,14780.87,270000.0,1,9,0.2171,0
57609.97,33211.24,0.0,24398.73,0.0,25473.41,0.95,0.117,0.958,0.4235,0,6524.07,0.0,0,0,0.0075,0
77707.65,36486.12,2500.0,38721.53,0.0322,29439.14,0.918,0.127,0.926,0.5305,0,6366.31,37500.0,0,0,0.0029,0
90320.82,58094.59,10000.0,22226.22,0.1107,20442.94,0.802,0.177,0.888,0.3568,1,11497.06,180000.0,1,18,0.2858,0
42052.93,23220.75,3000.0,15832.18,0.0713,12976.03,0.744,0.168,0.895,0.4478,0,5675.78,36000.0,0,0,0.236,0
51947.34,40420.0,10000.0,1527.34,0.1925,1988.82,0.586,0.436,0.625,0.2219,3,6980.87,240000.0,0,0,0.9999,1
38826.36,21885.43,2500.0,14440.93,0.0644,7406.14,0.971,0.121,0.935,0.4363,0,5191.75,37500.0,0,0,0.1245,0
25842.93,19300.85,1500.0,5042.08,0.058,10565.44,0.832,0.142,0.805,0.2531,0,5096.21,18000.0,0,0,0.4657,0
100124.62,55445.24,0.0,44679.38,0.0,34885.22,0.962,0.106,0.947,0.4462,0,7046.93,0.0,0,0,0.0006,0
33772.97,26949.39,6000.0,823.59,0.1777,2998.39,0.601,0.26,0.726,0.202,3,6903.28,144000.0,1,23,0.9992,1
41088.89,33540.08,18000.0,-10451.19,0.4381,1917.84,0.666,0.5,0.647,0.1837,1,6014.75,432000.0,1,29,1.0,1
25246.54,18303.3,0.0,6943.24,0.0,12121.07,0.833,0.14,0.811,0.275,1,3721.34,0.0,0,0,0.5148,0
38066.2,25821.91,1500.0,10744.29,0.0394,8911.06,0.838,0.109,0.896,0.3217,0,5956.49,18000.0,0,0,0.1952,0
20261.82,17206.2,6000.0,-2944.38,0.2961,500.0,0.563,0.28,0.614,0.1508,2,4844.64,144000.0,0,0,0.9998,1
101764.92,59730.95,3000.0,39033.96,0.0295,15887.66,0.744,0.228,0.928,0.413,0,6713.72,54000.0,0,0,0.024,0
37091.22,27702.02,1500.0,7889.2,0.0404,7956.01,0.848,0.202,0.894,0.2531,0,5261.48,18000.0,0,0,0.3799,0
27205.41,24322.19,14000.0,-11116.78,0.5146,1457.9,0.557,0.391,0.601,0.106,2,5420.66,336000.0,0,0,1.0,1
95593.49,50766.45,10000.0,34827.04,0.1046,27524.98,0.701,0.214,0.935,0.4689,0,7773.57,180000.0,0,0,0.0317,0
67505.7,37098.87,5000.0,25406.83,0.0741,32798.12,0.906,0.143,0.92,0.4504,0,5378.66,75000.0,0,0,0.0135,0
110384.54,63284.58,3000.0,44099.96,0.0272,8338.27,0.7,0.183,0.882,0.4267,1,14214.54,54000.0,0,0,0.0786,0
31471.82,17906.77,1500.0,12065.05,0.0477,8603.44,0.818,0.187,0.842,0.431,0,5119.37,18000.0,0,0,0.357,0
68547.16,38336.1,3000.0,27211.06,0.0438,23047.24,0.743,0.173,0.869,0.4407,0,12648.58,54000.0,0,0,0.0448,0
67730.76,28432.6,2500.0,36798.16,0.0369,38223.34,0.949,0.097,0.922,0.5802,0,6225.74,37500.0,0,0,0.0014,0
39042.86,28109.15,3000.0,7933.7,0.0768,12339.55,0.897,0.205,0.878,0.28,1,3020.97,36000.0,0,0,0.642,1
67078.92,38689.03,5000.0,23389.89,0.0745,31936.55,0.976,0.104,0.881,0.4232,0,7723.2,75000.0,0,0,0.0131,0
73382.44,34624.33,5000.0,33758.1,0.0681,28190.78,0.972,0.1,0.925,0.5282,0,8539.86,75000.0,0,0,0.005,0
33070.81,20138.36,0.0,12932.46,0.0,10429.3,0.828,0.243,0.867,0.3911,1,5352.4,0.0,0,0,0.5096,1
41457.08,27745.38,15000.0,-1288.3,0.3618,18165.52,0.74,0.151,0.919,0.3307,0,6088.99,270000.0,1,13,0.9339,1
87108.53,52320.76,3000.0,31787.76,0.0344,31795.65,0.711,0.269,0.867,0.3994,0,6850.76,54000.0,0,0,0.0301,0
56004.08,24008.68,2500.0,29495.4,0.0446,51201.6,0.973,0.066,0.949,0.5713,0,8742.93,37500.0,0,0,0.0008,0
42477.02,31828.93,14000.0,-3351.92,0.3296,3547.74,0.656,0.349,0.596,0.2507,2,4373.63,336000.0,1,7,0.9999,1
32423.75,24135.21,3000.0,5288.53,0.0925,13139.36,0.825,0.223,0.901,0.2556,0,5548.23,36000.0,0,0,0.5143,0
49171.73,34065.1,0.0,15106.63,0.0,3691.36,0.758,0.191,0.811,0.3072,0,4954.96,0.0,0,0,0.3544,0
40913.36,26188.37,0.0,14724.99,0.0,8003.25,0.765,0.145,0.768,0.3599,0,5290.95,0.0,0,0,0.2717,1
59771.67,29116.12,2500.0,28155.55,0.0418,31301.51,0.954,0.12,0.953,0.5129,0,5471.14,37500.0,0,0,0.0054,0
88914.79,59891.63,15000.0,14023.16,0.1687,40799.89,0.806,0.242,0.812,0.3264,0,12377.05,270000.0,1,5,0.2,0
110274.03,60438.42,10000.0,39835.61,0.0907,18652.31,0.709,0.151,0.895,0.4519,0,11933.62,180000.0,1,23,0.0265,0
33782.72,24664.47,3000.0,6118.25,0.0888,16452.84,0.715,0.161,0.807,0.2699,0,4230.86,36000.0,0,0,0.5319,0
93073.31,63993.2,6000.0,23080.1,0.0645,25556.38,0.795,0.274,0.935,0.3124,0,8718.71,108000.0,0,0,0.0757,0
61778.78,32906.03,0.0,28872.76,0.0,17144.34,0.953,0.057,0.968,0.4674,0,8089.54,0.0,1,2,0.0058,0
79203.05,44731.01,6000.0,28472.04,0.0758,17319.92,0.71,0.246,0.855,0.4352,1,11704.95,108000.0,0,0,0.3341,1
35218.21,23143.99,1500.0,10574.22,0.0426,16256.74,0.77,0.144,0.831,0.3428,0,3852.63,18000.0,0,0,0.2441,1
29412.63,21834.96,1500.0,6077.68,0.051,7305.58,0.857,0.107,0.768,0.2576,0,4870.65,18000.0,0,0,0.4537,0
45574.16,32755.15,0.0,12819.01,0.0,2676.91,0.819,0.208,0.916,0.2813,0,3828.68,0.0,0,0,0.2827,0
104678.73,69509.69,15000.0,20169.04,0.1433,32216.61,0.67,0.166,0.919,0.336,0,6526.87,270000.0,0,0,0.1026,0
94249.48,47192.9,3000.0,44056.58,0.0318,18567.9,0.72,0.163,0.927,0.4993,1,12800.14,54000.0,0,0,0.0271,0
53231.13,26785.96,2500.0,23945.17,0.047,21559.1,0.908,0.08,0.973,0.4968,0,9694.35,37500.0,1,6,0.0136,0
33963.24,20391.84,3000.0,10571.39,0.0883,13722.68,0.787,0.13,0.861,0.3996,0,3375.21,36000.0,0,0,0.3112,1
33525.2,23557.79,3000.0,6967.41,0.0895,6809.5,0.833,0.101,0.774,0.2973,0,3815.87,36000.0,0,0,0.5384,1
32118.61,22483.17,3000.0,6635.44,0.0934,11379.18,0.815,0.113,0.901,0.3,1,3607.09,36000.0,0,0,0.619,1
88535.42,49992.82,6000.0,32542.6,0.0678,34709.17,0.752,0.21,0.939,0.4353,0,8171.71,108000.0,0,0,0.0133,0
75720.2,51573.76,6000.0,18146.44,0.0792,17452.24,0.693,0.168,0.878,0.3189,0,9009.73,108000.0,1,4,0.2,0
32342.49,23486.53,0.0,8855.96,0.0,12298.73,0.835,0.159,0.818,0.2738,0,4498.39,0.0,0,0,0.241,0
149734.74,97648.45,10000.0,42086.29,0.0668,26157.49,0.773,0.268,0.942,0.3479,0,11194.05,180000.0,0,0,0.0137,0
79566.96,39996.6,2500.0,37070.36,0.0314,26927.5,0.902,0.096,0.97,0.4973,0,5157.61,37500.0,0,0,0.0027,0
37054.18,23490.91,3000.0,10563.28,0.081,7543.19,0.8,0.173,0.859,0.366,0,13455.32,54000.0,1,18,0.4588,1
57684.39,33051.24,5000.0,19633.15,0.0867,26162.47,0.976,0.058,0.934,0.427,0,8553.29,75000.0,0,0,0.0179,0
57653.1,31185.52,3000.0,23467.58,0.052,21163.78,0.72,0.164,0.848,0.4591,0,14050.3,54000.0,1,8,0.085,0
27487.87,19740.39,1500.0,6247.48,0.0546,12819.03,0.88,0.139,0.817,0.2819,0,5677.85,18000.0,0,0,0.3359,0
17648.54,13777.71,18000.0,-14129.17,1.0199,3575.31,0.622,0.445,0.612,0.2193,2,5715.82,432000.0,1,31,1.0,1
30278.53,13183.86,5000.0,12094.67,0.1651,27466.66,0.925,0.13,0.952,0.5646,0,9683.84,75000.0,0,0,0.1099,0
36159.23,30896.44,6000.0,-737.21,0.1659,1363.87,0.648,0.445,0.708,0.1455,1,6726.43,144000.0,0,0,0.9981,1
143516.08,83693.99,3000.0,56822.1,0.0209,17892.22,0.686,0.162,0.893,0.4168,0,6187.53,54000.0,0,0,0.0035,0
51484.05,23390.76,0.0,28093.29,0.0,34868.86,0.932,0.072,0.915,0.5457,0,8055.05,0.0,0,0,0.0026,0
73164.14,33499.0,2500.0,37165.14,0.0342,29607.4,0.958,0.072,0.97,0.5421,0,8394.42,37500.0,0,0,0.0016,0
24185.57,15719.14,1500.0,6966.44,0.062,15286.46,0.828,0.173,0.751,0.3501,0,4266.36,18000.0,0,0,0.4669,1
36911.23,21953.12,4500.0,10458.11,0.1219,11209.88,0.787,0.106,0.774,0.4052,0,4766.61,54000.0,0,0,0.5026,0
19428.12,13809.03,1500.0,4119.09,0.0772,11896.92,0.792,0.208,0.824,0.2892,0,4985.05,18000.0,0,0,0.6231,1
69811.65,37162.3,5000.0,27649.35,0.0716,30044.39,0.914,0.098,0.971,0.4677,0,9838.32,75000.0,0,0,0.0074,0
24282.09,21268.79,6000.0,-2986.7,0.2471,2851.2,0.504,0.284,0.665,0.1241,4,4445.85,144000.0,0,0,1.0,1
33806.17,20215.02,0.0,13591.15,0.0,13345.29,0.811,0.231,0.837,0.402,0,4690.17,0.0,0,0,0.2302,0
99823.77,61724.64,6000.0,32099.13,0.0601,18982.12,0.7,0.2,0.945,0.3817,0,14114.81,108000.0,0,0,0.0423,0
43194.04,27372.63,3000.0,12821.41,0.0695,11810.74,0.751,0.186,0.893,0.3663,1,4457.47,36000.0,0,0,0.5926,0
54677.2,24929.47,0.0,29747.73,0.0,27342.49,0.978,0.117,0.923,0.5441,1,5766.16,0.0,0,0,0.0129,0
63375.78,26616.15,0.0,36759.64,0.0,28121.57,0.913,0.143,0.948,0.58,0,7777.47,0.0,0,0,0.0028,0
45742.07,24605.55,0.0,21136.52,0.0,27253.53,0.915,0.132,0.946,0.4621,0,7091.01,0.0,0,0,0.0115,0
86820.04,60240.42,15000.0,11579.62,0.1728,38686.47,0.732,0.273,0.881,0.3061,0,6494.68,270000.0,0,0,0.2947,1
38731.59,28350.98,10000.0,380.62,0.2582,3987.93,0.547,0.329,0.645,0.268,1,6242.79,240000.0,0,0,0.9989,1
40294.91,24071.06,0.0,16223.85,0.0,17301.05,0.704,0.192,0.754,0.4026,1,3550.15,0.0,0,0,0.468,1
88485.38,45669.27,10000.0,32816.11,0.113,15404.43,0.767,0.163,0.927,0.4839,0,14294.33,180000.0,1,22,0.0587,0
25154.93,17707.38,0.0,7447.55,0.0,11695.8,0.845,0.226,0.883,0.2961,0,4204.86,0.0,0,0,0.2898,0
42861.94,21023.52,2500.0,19338.41,0.0583,29665.25,0.943,0.132,0.932,0.5095,0,8315.64,37500.0,0,0,0.0197,0
30315.7,18746.78,4500.0,7068.92,0.1484,13581.27,0.882,0.186,0.869,0.3816,0,5875.66,54000.0,0,0,0.536,1
31676.96,13126.82,0.0,18550.14,0.0,44755.8,0.963,0.13,0.969,0.5856,0,7635.77,0.0,0,0,0.0031,0
37939.48,26622.48,0.0,11317.01,0.0,15774.07,0.783,0.201,0.773,0.2983,0,3193.64,0.0,0,0,0.2772,0
90994.92,54929.13,6000.0,30065.79,0.0659,33829.02,0.814,0.177,0.808,0.3963,1,6034.0,108000.0,1,18,0.0636,0
45306.24,27141.72,3000.0,15164.52,0.0662,14273.41,0.861,0.137,0.757,0.4009,0,3601.94,36000.0,0,0,0.2417,1
31858.17,23156.98,0.0,8701.19,0.0,17782.54,0.791,0.196,0.899,0.2731,0,4120.57,0.0,0,0,0.1739,0
26832.7,21171.22,14000.0,-8338.53,0.5218,2650.3,0.506,0.396,0.649,0.211,4,5145.86,336000.0,0,0,1.0,1
81765.47,43200.82,2500.0,36064.65,0.0306,22022.59,0.966,0.142,0.923,0.4716,1,6078.3,37500.0,0,0,0.0176,0
60523.32,33698.64,5000.0,21824.68,0.0826,43430.08,0.959,0.128,0.887,0.4432,0,9871.52,75000.0,0,0,0.0085,0
55428.97,26263.75,0.0,29165.22,0.0,28720.98,0.917,0.067,0.931,0.5262,0,6199.59,0.0,0,0,0.0035,0
43508.35,38524.65,6000.0,-1016.31,0.1379,2870.42,0.519,0.369,0.647,0.1145,2,5305.8,144000.0,1,6,0.9993,1
33557.52,24221.92,6000.0,3335.6,0.1788,2849.93,0.547,0.499,0.501,0.2782,2,7478.75,144000.0,1,16,0.9998,1
30427.73,24788.43,18000.0,-12360.7,0.5916,4405.22,0.697,0.362,0.712,0.1853,1,5487.25,432000.0,0,0,1.0,1
39179.95,23360.12,1500.0,14319.83,0.0383,20584.17,0.775,0.248,0.895,0.4038,0,5741.75,18000.0,0,0,0.1835,1
39359.97,24720.26,1500.0,13139.71,0.0381,12244.66,0.759,0.14,0.848,0.3719,1,4359.4,18000.0,0,0,0.4767,0
30043.97,23445.23,14000.0,-7401.26,0.466,3493.73,0.604,0.274,0.748,0.2196,3,5750.78,336000.0,1,8,1.0,1
67972.68,36669.68,0.0,31303.0,0.0,9357.38,0.905,0.101,0.94,0.4605,0,5477.88,0.0,0,0,0.0145,0
23392.79,14158.18,3000.0,6234.61,0.1282,13454.34,0.729,0.174,0.912,0.3948,0,5151.62,36000.0,0,0,0.5579,0
49443.41,24347.51,5000.0,20095.89,0.1011,32834.77,0.916,0.096,0.926,0.5076,0,9122.88,75000.0,0,0,0.0197,0
58895.86,31565.72,2500.0,24830.14,0.0424,24116.03,0.977,0.095,0.943,0.464,0,5753.09,37500.0,0,0,0.0102,0
59884.76,35692.51,2500.0,21692.26,0.0417,34762.65,0.919,0.069,0.894,0.404,0,5109.63,37500.0,0,0,0.0081,0
43548.15,31520.2,10000.0,2027.95,0.2296,4134.25,0.557,0.474,0.545,0.2762,2,6352.19,240000.0,1,30,0.9999,1
47966.87,31447.77,1500.0,15019.11,0.0313,9908.09,0.706,0.213,0.915,0.3444,0,5569.62,18000.0,0,0,0.2785,1
60537.15,33684.06,2500.0,24353.09,0.0413,51708.84,0.979,0.101,0.923,0.4436,0,7384.31,37500.0,1,1,0.0016,0
20751.22,15673.35,6000.0,-922.14,0.2891,1973.69,0.595,0.264,0.68,0.2447,1,4797.46,144000.0,1,35,0.9986,1
123403.52,79903.2,15000.0,28500.32,0.1216,24633.74,0.691,0.279,0.845,0.3525,1,8529.59,270000.0,1,23,0.3892,0
35679.67,26714.06,1500.0,7465.61,0.042,6151.87,0.81,0.204,0.915,0.2513,0,3672.46,18000.0,0,0,0.4321,1
40139.5,23527.69,0.0,16611.81,0.0,9020.21,0.878,0.149,0.846,0.4139,0,3222.09,0.0,0,0,0.1228,0
75316.4,35013.85,0.0,40302.55,0.0,27937.5,0.963,0.126,0.96,0.5351,0,8977.79,0.0,0,0,0.0015,0
40037.49,22444.35,3000.0,14593.14,0.0749,25561.49,0.679,0.178,0.809,0.4394,1,14379.07,54000.0,0,0,0.4661,0
66018.93,34875.33,6000.0,25143.6,0.0909,25089.27,0.659,0.196,0.809,0.4717,0,8391.03,108000.0,1,7,0.1379,0
44516.77,27930.32,3000.0,13586.46,0.0674,13693.66,0.768,0.13,0.806,0.3726,0,4101.43,36000.0,0,0,0.2817,0
104491.91,59506.86,6000.0,38985.06,0.0574,16836.33,0.762,0.253,0.836,0.4305,0,12496.58,108000.0,0,0,0.0508,0
26262.44,19211.12,10000.0,-2948.68,0.3808,5981.3,0.533,0.357,0.602,0.2685,3,4769.53,240000.0,1,15,1.0,1
70972.62,32761.32,0.0,38211.3,0.0,42991.81,0.924,0.109,0.913,0.5384,0,7898.94,0.0,0,0,0.0008,0
33801.51,22079.04,1500.0,10222.47,0.0444,6668.92,0.851,0.128,0.911,0.3468,0,3900.75,18000.0,0,0,0.2406,0
73035.24,47426.85,15000.0,10608.39,0.2054,34625.24,0.803,0.155,0.924,0.3506,0,12023.61,270000.0,1,23,0.2003,1
60988.57,24961.81,0.0,36026.75,0.0,22538.56,0.947,0.081,0.949,0.5907,0,7102.2,0.0,1,1,0.0027,0
72148.15,40384.42,6000.0,25763.72,0.0832,32591.24,0.812,0.275,0.849,0.4403,0,7250.4,108000.0,0,0,0.0633,0
26815.64,18861.41,14000.0,-6045.77,0.5221,2130.22,0.629,0.295,0.698,0.2966,1,4539.98,336000.0,0,0,0.9999,1
31993.08,23046.94,3000.0,5946.13,0.0938,6473.4,0.789,0.209,0.847,0.2796,0,5177.62,36000.0,0,0,0.6887,0
121783.11,77526.69,6000.0,38256.42,0.0493,36884.25,0.824,0.174,0.933,0.3634,0,7125.28,108000.0,1,10,0.0036,0
131469.36,73839.98,3000.0,54629.38,0.0228,18894.05,0.728,0.241,0.899,0.4383,0,14892.5,54000.0,1,22,0.0058,0
36644.95,21155.78,1500.0,13989.17,0.0409,10427.65,0.804,0.186,0.877,0.4227,1,5634.78,18000.0,0,0,0.4993,0
28235.87,16528.25,1500.0,10207.62,0.0531,8771.25,0.811,0.134,0.871,0.4146,0,3062.94,18000.0,0,0,0.3002,0
62775.05,29474.49,0.0,33300.56,0.0,39921.27,0.919,0.06,0.962,0.5305,0,6461.47,0.0,0,0,0.0009,0
84143.58,51719.65,6000.0,26423.93,0.0713,24341.36,0.706,0.191,0.92,0.3853,2,9132.37,108000.0,0,0,0.347,0
40528.77,28642.44,1500.0,10386.34,0.037,18258.3,0.882,0.233,0.884,0.2933,0,3924.38,18000.0,0,0,0.2038,0
98875.8,43230.43,2500.0,53145.37,0.0253,30461.83,0.937,0.112,0.904,0.5628,0,6051.01,37500.0,1,6,0.0006,0
38758.36,22980.95,4500.0,11277.41,0.1161,11010.1,0.807,0.143,0.862,0.4071,0,5460.82,54000.0,0,0,0.4076,1
38112.66,27398.52,0.0,10714.15,0.0,12261.58,0.77,0.211,0.861,0.2811,0,4068.61,0.0,0,0,0.2724,1
25366.71,15519.63,0.0,9847.08,0.0,16607.29,0.782,0.129,0.914,0.3882,0,5739.91,0.0,0,0,0.1129,0
42170.66,22230.31,2500.0,17440.34,0.0593,23990.78,0.937,0.056,0.972,0.4728,1,7155.22,37500.0,0,0,0.0527,0
53880.58,26466.87,5000.0,22413.71,0.0928,27718.95,0.901,0.108,0.968,0.5088,0,5916.28,75000.0,0,0,0.0196,0
34219.73,21507.11,3000.0,9712.62,0.0877,7228.36,0.824,0.161,0.841,0.3715,1,3339.64,36000.0,0,0,0.7382,1
35594.09,22574.38,0.0,13019.71,0.0,10905.71,0.831,0.112,0.76,0.3658,0,5873.36,0.0,0,0,0.1931,1
30000.0,14315.16,0.0,15684.84,0.0,35781.98,0.941,0.094,0.907,0.5228,0,6556.19,0.0,0,0,0.0089,0
32238.7,22200.13,0.0,10038.56,0.0,12282.79,0.848,0.212,0.861,0.3114,0,3263.9,0.0,0,0,0.2373,0
75305.98,51851.86,6000.0,17454.12,0.0797,17977.78,0.843,0.163,0.872,0.3115,0,11671.89,108000.0,0,0,0.1366,0
44957.45,26200.86,3000.0,15756.59,0.0667,8627.2,0.726,0.105,0.817,0.4172,1,3331.03,36000.0,0,0,0.561,0
31455.98,21813.35,0.0,9642.63,0.0,16375.14,0.792,0.14,0.827,0.3065,0,5286.03,0.0,0,0,0.1754,0
59857.65,26819.96,2500.0,30537.7,0.0418,32590.06,0.95,0.055,0.941,0.5519,0,8737.21,37500.0,1,7,0.0028,0
48559.97,29126.11,1500.0,17933.86,0.0309,14892.98,0.893,0.145,0.788,0.4002,0,4676.4,18000.0,0,0,0.1195,0
16345.27,13529.21,14000.0,-11183.94,0.8565,4297.7,0.619,0.29,0.659,0.1723,2,4074.37,336000.0,1,35,1.0,1
33566.28,20298.01,1500.0,11768.27,0.0447,13336.14,0.819,0.216,0.855,0.3953,0,5737.06,18000.0,0,0,0.3067,1
53363.25,25614.3,2500.0,25248.95,0.0468,25322.82,0.903,0.063,0.891,0.52,0,6214.32,37500.0,0,0,0.0126,0
50811.82,26200.65,0.0,24611.17,0.0,41612.22,0.975,0.084,0.98,0.4844,1,8894.12,0.0,0,0,0.0045,0
69384.85,34955.72,0.0,34429.12,0.0,54065.26,0.937,0.114,0.973,0.4962,0,9285.58,0.0,1,6,0.0004,0
31647.48,17921.59,1500.0,12225.89,0.0474,20191.08,0.899,0.107,0.868,0.4337,0,4946.18,18000.0,0,0,0.0856,0
53221.89,22261.24,5000.0,25960.65,0.0939,47190.36,0.935,0.117,0.933,0.5817,0,9763.73,75000.0,0,0,0.004,0
56837.69,32474.06,1500.0,22863.63,0.0264,9659.17,0.715,0.182,0.844,0.4287,0,5175.17,18000.0,0,0,0.1713,0
39437.33,26473.33,0.0,12964.0,0.0,15811.28,0.872,0.24,0.882,0.3287,1,3906.9,0.0,0,0,0.3554,0
19409.97,16183.26,14000.0,-10773.29,0.7213,2937.59,0.557,0.257,0.55,0.1662,1,4670.25,336000.0,0,0,1.0,1
66653.12,35268.12,0.0,31385.0,0.0,28761.85,0.937,0.091,0.903,0.4709,0,7639.48,0.0,0,0,0.0036,0
119007.37,73263.13,15000.0,30744.25,0.126,17912.24,0.727,0.285,0.923,0.3844,0,11890.63,270000.0,0,0,0.1554,0
33516.35,25674.0,10000.0,-2157.65,0.2984,1586.14,0.622,0.477,0.614,0.234,4,6371.25,240000.0,0,0,1.0,1
37306.45,24102.51,0.0,13203.93,0.0,12166.69,0.787,0.212,0.828,0.3539,0,3755.78,0.0,0,0,0.2523,0
64087.53,33422.08,0.0,30665.45,0.0,22897.18,0.932,0.091,0.913,0.4785,0,6729.79,0.0,0,0,0.0057,0
94597.37,56864.26,6000.0,31733.1,0.0634,16288.1,0.796,0.233,0.872,0.3989,0,13220.61,108000.0,1,16,0.0701,0
32022.71,23790.62,6000.0,2232.09,0.1874,2943.78,0.606,0.437,0.603,0.2571,2,5958.88,144000.0,0,0,0.9996,1
25621.77,17403.27,0.0,8218.51,0.0,7162.31,0.719,0.199,0.843,0.3208,0,3457.33,0.0,0,0,0.4495,0
66123.96,35741.01,0.0,30382.95,0.0,32044.45,0.954,0.074,0.912,0.4595,0,8878.78,0.0,0,0,0.0025,0
44647.82,21829.61,2500.0,20318.21,0.056,37381.93,0.951,0.129,0.909,0.5111,0,7200.92,37500.0,0,0,0.0108,0
73791.81,32065.95,0.0,41725.86,0.0,47975.45,0.964,0.066,0.899,0.5655,1,8586.3,0.0,0,0,0.0008,0
80103.24,43725.49,5000.0,31377.75,0.0624,31195.13,0.917,0.114,0.884,0.4541,0,8567.64,75000.0,0,0,0.0075,0
56304.03,23026.55,2500.0,30777.48,0.0444,40766.65,0.974,0.122,0.938,0.591,0,5076.88,37500.0,0,0,0.0022,0
37141.61,24369.62,3000.0,9771.99,0.0808,16570.18,0.856,0.196,0.91,0.3439,1,5840.66,36000.0,0,0,0.5144,0
109955.98,57259.58,3000.0,49696.4,0.0273,35054.16,0.651,0.171,0.866,0.4792,0,14114.97,54000.0,1,4,0.0028,0
41937.83,30995.83,4500.0,6441.99,0.1073,14073.03,0.895,0.162,0.793,0.2609,0,3897.82,54000.0,0,0,0.487,0
120977.01,67163.53,6000.0,47813.48,0.0496,26329.95,0.763,0.291,0.84,0.4448,1,13243.73,108000.0,1,19,0.0397,0
51210.53,29357.37,2500.0,19353.16,0.0488,24071.51,0.917,0.112,0.925,0.4267,0,7659.29,37500.0,0,0,0.0264,0
57299.01,32052.0,1500.0,23747.02,0.0262,8461.64,0.752,0.105,0.771,0.4406,0,3548.62,18000.0,0,0,0.1386,0
56523.58,29395.62,3000.0,24127.96,0.0531,23437.64,0.81,0.205,0.824,0.4799,0,10997.8,54000.0,0,0,0.0762,0
79975.54,42048.57,0.0,37926.96,0.0,39811.48,0.942,0.089,0.95,0.4742,0,5409.0,0.0,0,0,0.0007,0
107657.03,71979.8,3000.0,32677.23,0.0279,22505.38,0.831,0.216,0.909,0.3314,0,10546.01,54000.0,0,0,0.0201,0
24403.41,18847.34,18000.0,-12443.93,0.7376,1738.06,0.688,0.305,0.716,0.2277,1,7882.56,432000.0,1,6,1.0,1
35407.73,24910.18,0.0,10497.55,0.0,10537.55,0.894,0.195,0.868,0.2965,0,5678.12,0.0,0,0,0.2014,1
93628.48,57745.58,6000.0,29882.9,0.0641,27288.13,0.781,0.196,0.836,0.3832,0,7945.38,108000.0,0,0,0.0383,0
26658.78,22990.78,18000.0,-14331.99,0.6752,4689.69,0.689,0.421,0.553,0.1376,1,4588.8,432000.0,1,19,1.0,1
52602.14,37075.47,6000.0,9526.67,0.1141,2328.28,0.587,0.408,0.543,0.2952,3,5457.62,144000.0,1,8,0.9996,1
108430.63,62936.83,10000.0,35493.8,0.0922,19753.99,0.837,0.153,0.802,0.4196,0,11817.54,180000.0,0,0,0.039,0
80000.68,39675.01,2500.0,37825.67,0.0312,27287.55,0.97,0.081,0.95,0.5041,0,6013.08,37500.0,0,0,0.002,0
30695.85,23928.84,10000.0,-3232.99,0.3258,2629.77,0.624,0.475,0.583,0.2205,3,4373.92,240000.0,0,0,1.0,1
59771.16,34628.76,0.0,25142.4,0.0,23914.11,0.956,0.08,0.884,0.4206,0,9174.27,0.0,0,0,0.0087,0
63948.78,28059.15,2500.0,33389.64,0.0391,31793.98,0.94,0.125,0.929,0.5612,0,7849.55,37500.0,0,0,0.0038,0
32349.14,16272.83,2500.0,13576.31,0.0773,9252.64,0.976,0.115,0.908,0.497,0,8136.12,37500.0,0,0,0.142,1
49546.07,20430.86,5000.0,24115.21,0.1009,11424.29,0.928,0.141,0.895,0.5876,0,7411.58,75000.0,0,0,0.0907,0
31747.87,28107.96,10000.0,-6360.09,0.315,2788.05,0.519,0.326,0.625,0.1147,1,5866.25,240000.0,1,32,0.9997,1
33985.61,22735.46,1500.0,9750.15,0.0441,8971.06,0.869,0.208,0.767,0.331,0,3339.04,18000.0,0,0,0.4782,0
34665.12,23339.3,1500.0,9825.82,0.0433,10357.08,0.735,0.249,0.822,0.3267,0,3361.71,18000.0,0,0,0.5549,0
62792.18,37035.35,0.0,25756.83,0.0,33516.38,0.935,0.1,0.95,0.4102,0,9319.43,0.0,0,0,0.0036,0
98988.91,45061.18,0.0,53927.73,0.0,32532.42,0.939,0.119,0.957,0.5448,0,6707.92,0.0,1,10,0.0003,0
33166.89,21242.37,3000.0,8924.53,0.0905,8038.29,0.856,0.228,0.796,0.3595,0,3849.75,36000.0,0,0,0.6313,1
31348.17,21427.71,1500.0,8420.46,0.0478,13716.03,0.862,0.121,0.883,0.3165,1,5553.13,18000.0,0,0,0.4242,1
63046.62,40734.43,10000.0,12312.2,0.1586,39564.64,0.776,0.269,0.867,0.3539,0,11031.61,180000.0,0,0,0.2242,0
61416.42,34501.3,2500.0,24415.12,0.0407,28398.16,0.901,0.097,0.909,0.4382,0,7023.46,37500.0,1,1,0.0117,0
88184.63,44861.1,6000.0,37323.53,0.068,14505.93,0.675,0.276,0.817,0.4913,0,10689.86,108000.0,1,16,0.122,0
33885.27,23763.84,1500.0,8621.43,0.0443,10565.52,0.822,0.106,0.88,0.2987,0,5891.67,18000.0,0,0,0.2348,0
48290.85,21014.64,2500.0,24776.21,0.0518,14876.97,0.957,0.07,0.896,0.5648,0,9559.88,37500.0,0,0,0.0251,0
32921.64,22808.43,3000.0,7113.21,0.0911,5547.48,0.737,0.203,0.81,0.3072,1,3896.76,36000.0,0,0,0.8951,1
28439.44,15894.77,1500.0,11044.67,0.0527,12214.06,0.846,0.169,0.865,0.4411,0,4889.4,18000.0,0,0,0.2624,1
45883.06,20819.04,0.0,25064.02,0.0,35931.71,0.936,0.127,0.917,0.5463,0,6257.33,0.0,0,0,0.0045,0
131014.13,76413.2,15000.0,39600.93,0.1145,22906.66,0.847,0.25,0.93,0.4168,0,14411.59,270000.0,1,23,0.0256,0
65440.26,29567.48,0.0,35872.78,0.0,44937.94,0.972,0.056,0.939,0.5482,0,6933.46,0.0,1,10,0.0004,0
59146.52,28488.43,0.0,30658.08,0.0,12399.47,0.908,0.104,0.91,0.5183,0,6596.02,0.0,0,0,0.0145,0
38030.19,21100.96,1500.0,15429.23,0.0394,12976.96,0.874,0.216,0.869,0.4452,0,4973.21,18000.0,0,0,0.1936,0
108309.38,60154.81,3000.0,45154.57,0.0277,26375.37,0.824,0.244,0.8,0.4446,0,13720.7,54000.0,0,0,0.0103,0
41624.41,30398.12,1500.0,9726.29,0.036,11042.5,0.811,0.15,0.791,0.2697,0,3318.88,18000.0,0,0,0.348,1
50014.77,25203.52,2500.0,22311.26,0.05,32709.57,0.959,0.073,0.909,0.4961,0,9915.63,37500.0,0,0,0.0081,0
40321.1,28947.66,10000.0,1373.44,0.248,3820.45,0.512,0.343,0.745,0.2821,1,6249.49,240000.0,0,0,0.9982,1
76871.75,43617.3,10000.0,23254.45,0.1301,22873.7,0.671,0.184,0.801,0.4326,1,11329.31,180000.0,1,16,0.4776,1
29907.03,18848.83,1500.0,9558.21,0.0502,13042.29,0.812,0.118,0.756,0.3698,0,5177.77,18000.0,0,0,0.3419,0
37333.35,22298.91,1500.0,13534.44,0.0402,5276.85,0.723,0.119,0.762,0.4027,0,4482.22,18000.0,0,0,0.4288,0
67264.99,33117.56,5000.0,29147.44,0.0743,35539.69,0.937,0.061,0.979,0.5077,0,7749.42,75000.0,0,0,0.0031,0
38784.4,19833.25,2500.0,16451.16,0.0645,33496.31,0.921,0.088,0.907,0.4886,0,8624.91,37500.0,1,2,0.0188,1
41826.4,25992.9,4500.0,11333.51,0.1076,12134.41,0.708,0.239,0.781,0.3786,0,3168.68,54000.0,0,0,0.6923,0
25646.93,20471.09,10000.0,-4824.15,0.3899,1554.75,0.634,0.494,0.652,0.2018,3,4352.02,240000.0,1,19,1.0,1
47749.34,35603.38,6000.0,6145.96,0.1257,1528.37,0.575,0.326,0.563,0.2544,1,7346.99,144000.0,0,0,0.9957,1
33114.53,26433.57,10000.0,-3319.04,0.302,7313.68,0.557,0.416,0.626,0.2018,1,7306.0,240000.0,1,17,0.9996,1
86801.04,47132.14,15000.0,24668.9,0.1728,31569.91,0.688,0.157,0.849,0.457,0,14309.47,270000.0,1,22,0.1181,0
39180.42,29119.8,1500.0,8560.62,0.0383,9511.83,0.71,0.133,0.792,0.2568,0,3130.81,18000.0,0,0,0.4563,0
52595.43,37523.4,6000.0,9072.03,0.1141,3281.29,0.617,0.472,0.632,0.2866,3,7243.97,144000.0,0,0,0.9995,1
32357.37,19677.81,1500.0,11179.56,0.0464,19875.44,0.789,0.237,0.768,0.3919,0,4612.69,18000.0,0,0,0.3659,0
98743.78,65084.18,6000.0,27659.6,0.0608,26300.92,0.693,0.218,0.904,0.3409,0,14637.63,108000.0,1,14,0.0525,0
36946.4,22809.81,1500.0,12636.59,0.0406,9634.05,0.807,0.189,0.83,0.3826,0,5858.48,18000.0,0,0,0.337,1
36651.63,23916.37,0.0,12735.26,0.0,13567.55,0.714,0.164,0.876,0.3475,0,4687.04,0.0,0,0,0.1877,0
44380.08,32005.49,1500.0,10874.59,0.0338,11125.77,0.748,0.129,0.912,0.2788,0,5424.5,18000.0,0,0,0.2134,0
81384.41,48204.26,5000.0,28180.15,0.0614,16041.1,0.957,0.125,0.936,0.4077,0,9298.9,75000.0,0,0,0.0217,0
97755.13,56503.4,0.0,41251.73,0.0,44238.84,0.917,0.096,0.901,0.422,0,9517.54,0.0,0,0,0.0005,0
27969.08,23119.9,18000.0,-13150.83,0.6436,3131.44,0.516,0.396,0.729,0.1734,1,6523.65,432000.0,0,0,1.0,1
33862.63,23724.59,0.0,10138.04,0.0,12589.84,0.761,0.176,0.814,0.2994,0,5492.51,0.0,0,0,0.2858,0
32644.55,28623.81,18000.0,-13979.26,0.5514,4610.76,0.582,0.321,0.525,0.1232,2,7785.19,432000.0,1,26,1.0,1
37083.85,27451.43,1500.0,8132.42,0.0404,7403.59,0.875,0.118,0.855,0.2597,0,5579.62,18000.0,0,0,0.2868,1
33458.52,24759.08,0.0,8699.44,0.0,9488.22,0.707,0.18,0.84,0.26,0,5846.58,0.0,0,0,0.3806,0
64397.54,29166.41,5000.0,30231.13,0.0776,33052.45,0.953,0.091,0.948,0.5471,0,5570.92,75000.0,0,0,0.0047,0
62607.79,43282.45,3000.0,16325.33,0.0479,31052.42,0.717,0.189,0.807,0.3087,0,11608.03,54000.0,1,23,0.1089,0
129139.03,86358.47,6000.0,36780.56,0.0465,23022.52,0.807,0.222,0.858,0.3313,0,12082.69,108000.0,1,10,0.0231,0
52055.15,27867.05,0.0,24188.1,0.0,24112.95,0.902,0.085,0.961,0.4647,0,7473.43,0.0,0,0,0.0078,0
64099.36,25781.36,0.0,38318.01,0.0,14920.47,0.927,0.117,0.944,0.5978,0,5036.36,0.0,0,0,0.0052,0
80891.03,37558.51,0.0,43332.52,0.0,37240.02,0.976,0.145,0.911,0.5357,0,7969.72,0.0,1,6,0.0008,0
84622.16,55776.67,3000.0,25845.49,0.0355,37628.92,0.674,0.214,0.942,0.3409,0,11717.33,54000.0,1,5,0.0187,0
57218.92,23975.8,0.0,33243.12,0.0,18184.69,0.93,0.104,0.903,0.581,0,8889.15,0.0,1,4,0.0073,0
90666.43,57535.15,10000.0,23131.29,0.1103,23974.97,0.66,0.24,0.879,0.3654,0,8361.87,180000.0,0,0,0.1908,0
86725.68,46319.48,3000.0,37406.2,0.0346,21175.31,0.775,0.197,0.866,0.4659,0,11835.03,54000.0,0,0,0.0202,0
44895.94,33737.43,10000.0,1158.5,0.2227,1811.62,0.611,0.332,0.618,0.2485,1,4024.0,240000.0,0,0,0.9985,1
66105.6,38447.59,3000.0,24658.01,0.0454,32453.69,0.697,0.267,0.891,0.4184,0,8316.98,54000.0,1,7,0.055,0
43707.93,28068.1,3000.0,12639.83,0.0686,19675.59,0.744,0.211,0.777,0.3578,0,5611.87,36000.0,0,0,0.3725,0
74180.57,31690.33,2500.0,39990.24,0.0337,35684.75,0.974,0.108,0.899,0.5728,0,6298.68,37500.0,0,0,0.0014,0
44969.13,23072.75,2500.0,19396.38,0.0556,5000.0,0.904,0.058,0.886,0.4869,0,5209.24,37500.0,0,0,0.0941,0
37822.09,24178.35,3000.0,10643.75,0.0793,14873.57,0.843,0.191,0.909,0.3607,0,5425.6,36000.0,0,0,0.2692,0
54503.03,24954.4,2500.0,27048.63,0.0459,37030.63,0.917,0.073,0.911,0.5421,0,9446.94,37500.0,0,0,0.0042,0
66172.21,34415.72,6000.0,25756.49,0.0907,25608.82,0.716,0.183,0.87,0.4799,0,9464.93,108000.0,1,18,0.0755,0
108814.76,67019.54,10000.0,31795.22,0.0919,28102.62,0.733,0.239,0.808,0.3841,2,13200.17,180000.0,1,17,0.3993,0
26079.34,17273.25,1500.0,7306.09,0.0575,9383.26,0.83,0.173,0.869,0.3377,0,3586.67,18000.0,0,0,0.4066,1
42183.77,26283.3,1500.0,14400.47,0.0356,11713.94,0.831,0.163,0.912,0.3769,0,4540.23,18000.0,0,0,0.1544,1
64234.14,34778.95,0.0,29455.2,0.0,26636.8,0.918,0.142,0.923,0.4586,0,5166.64,0.0,0,0,0.0067,0
121828.97,66027.79,6000.0,49801.18,0.0492,12156.53,0.836,0.235,0.935,0.458,1,14497.33,108000.0,1,3,0.0318,0
30387.83,25044.46,10000.0,-4656.63,0.3291,2288.35,0.505,0.369,0.611,0.1758,3,5118.45,240000.0,0,0,1.0,1
44539.89,28697.28,1500.0,14342.61,0.0337,5528.36,0.775,0.156,0.915,0.3557,0,5454.18,18000.0,0,0,0.2421,0
104721.61,60850.05,6000.0,37871.55,0.0573,33870.21,0.701,0.155,0.925,0.4189,1,7462.24,108000.0,1,18,0.0206,0
24157.64,16958.49,3000.0,4199.15,0.1242,4995.57,0.719,0.184,0.879,0.298,0,3443.98,36000.0,0,0,0.7795,0
55621.27,26977.62,5000.0,23643.66,0.0899,38378.34,0.907,0.136,0.911,0.515,0,6170.8,75000.0,0,0,0.0123,0
29917.33,22047.53,1500.0,6369.8,0.0501,14724.65,0.792,0.165,0.868,0.2631,0,3385.8,18000.0,0,0,0.3365,0
24457.32,19709.5,14000.0,-9252.18,0.5724,2809.83,0.555,0.45,0.667,0.1941,2,5683.3,336000.0,1,14,1.0,1
78329.51,32080.5,0.0,46249.01,0.0,21508.78,0.965,0.093,0.914,0.5904,0,8509.5,0.0,0,0,0.0014,0
38804.98,24370.43,3000.0,11434.55,0.0773,14056.56,0.805,0.136,0.785,0.372,0,5579.69,36000.0,0,0,0.3448,0
40381.35,23192.9,1500.0,15688.45,0.0371,11147.54,0.743,0.191,0.815,0.4257,0,4747.43,18000.0,0,0,0.3087,1
111929.81,67162.92,6000.0,38766.89,0.0536,36336.62,0.777,0.254,0.898,0.4,0,7402.55,108000.0,0,0,0.0088,0
38972.85,25744.43,0.0,13228.42,0.0,12786.97,0.722,0.235,0.902,0.3394,0,5391.65,0.0,0,0,0.2411,0
79440.66,41536.81,2500.0,35403.85,0.0315,21439.92,0.906,0.082,0.912,0.4771,0,7512.4,37500.0,0,0,0.0057,0
82535.92,42976.47,2500.0,37059.45,0.0303,22306.69,0.917,0.083,0.882,0.4793,0,6325.27,37500.0,0,0,0.0052,0
60737.37,32432.71,2500.0,25804.66,0.0412,30709.36,0.972,0.061,0.912,0.466,0,7036.92,37500.0,1,9,0.0055,0
110479.62,65170.64,3000.0,42308.98,0.0272,25702.21,0.818,0.192,0.808,0.4101,0,11481.53,54000.0,1,8,0.0098,0
120078.87,78125.71,3000.0,38953.16,0.025,28412.18,0.712,0.222,0.803,0.3494,0,10264.95,54000.0,0,0,0.0187,0
51773.54,37108.67,1500.0,13164.87,0.029,10903.82,0.795,0.158,0.783,0.2833,0,5375.69,18000.0,0,0,0.2977,0
72101.88,31636.81,2500.0,37965.08,0.0347,39580.35,0.936,0.092,0.934,0.5612,1,9064.5,37500.0,1,1,0.0032,0
36318.69,23185.07,1500.0,11633.62,0.0413,10525.69,0.8,0.235,0.91,0.3616,0,5558.74,18000.0,0,0,0.3267,1
83937.96,35138.79,5000.0,43799.17,0.0596,27604.51,0.954,0.138,0.979,0.5814,0,5466.31,75000.0,0,0,0.002,0
31025.13,20017.68,1500.0,9507.45,0.0483,14163.47,0.799,0.18,0.755,0.3548,0,4461.58,18000.0,0,0,0.4258,0
70960.67,36167.56,10000.0,24793.11,0.1409,30257.59,0.846,0.217,0.839,0.4903,0,8587.01,180000.0,0,0,0.0905,0
42862.2,17581.88,0.0,25280.33,0.0,38740.93,0.968,0.1,0.976,0.5898,0,6379.49,0.0,0,0,0.002,0
143042.87,93124.53,10000.0,39918.33,0.0699,31497.53,0.659,0.27,0.88,0.349,0,10837.67,180000.0,1,6,0.0232,0
43822.19,18329.37,0.0,25492.81,0.0,16680.65,0.913,0.087,0.969,0.5817,0,7080.96,0.0,0,0,0.0112,0
57824.24,32060.06,3000.0,22764.18,0.0519,26704.72,0.675,0.27,0.874,0.4456,0,8981.26,54000.0,0,0,0.1181,0
46396.9,26913.45,1500.0,17983.45,0.0323,6705.98,0.87,0.118,0.903,0.4199,0,4046.73,18000.0,0,0,0.1119,0
48612.9,27212.66,5000.0,16400.24,0.1029,31313.8,0.914,0.14,0.936,0.4402,0,5880.43,75000.0,0,0,0.0393,0
40746.96,25428.18,0.0,15318.78,0.0,15022.02,0.863,0.19,0.811,0.3759,0,5479.63,0.0,0,0,0.1426,0
25328.84,14966.3,3000.0,7362.54,0.1184,7292.32,0.744,0.196,0.9,0.4091,0,5486.38,36000.0,0,0,0.6544,1
44106.56,23777.99,0.0,20328.57,0.0,44769.12,0.902,0.145,0.882,0.4609,0,5845.69,0.0,0,0,0.0055,0
94812.87,56845.23,6000.0,31967.65,0.0633,22475.01,0.782,0.201,0.852,0.4004,0,8788.49,108000.0,0,0,0.0422,1
84722.44,51285.13,10000.0,23437.31,0.118,36234.44,0.752,0.213,0.949,0.3947,0,11334.55,180000.0,1,17,0.0423,0
19653.55,17103.59,10000.0,-7450.04,0.5088,1670.64,0.642,0.287,0.689,0.1297,2,5074.45,240000.0,0,0,1.0,1
47664.37,31010.26,6000.0,10654.11,0.1259,26776.46,0.705,0.221,0.901,0.3494,1,7272.22,108000.0,0,0,0.5915,1
35464.74,24519.82,1500.0,9444.92,0.0423,18270.6,0.869,0.18,0.91,0.3086,0,4542.83,18000.0,0,0,0.1597,0
77123.41,53559.72,3000.0,20563.69,0.0389,25529.43,0.7,0.223,0.881,0.3055,0,9539.46,54000.0,0,0,0.0934,0
73481.39,41902.79,0.0,31578.6,0.0,28049.95,0.9,0.14,0.892,0.4297,0,5761.81,0.0,0,0,0.0061,0
98663.11,53898.74,6000.0,38764.37,0.0608,25762.11,0.845,0.274,0.909,0.4537,0,12924.65,108000.0,0,0,0.0175,0
85008.82,46355.71,2500.0,36153.11,0.0294,45310.81,0.905,0.096,0.946,0.4547,0,6565.28,37500.0,0,0,0.0009,0
87110.29,35079.27,5000.0,47031.02,0.0574,32163.57,0.931,0.137,0.884,0.5973,0,6612.65,75000.0,0,0,0.0018,0
89612.22,58760.05,6000.0,24852.17,0.067,23316.45,0.693,0.245,0.823,0.3443,0,11640.21,108000.0,1,21,0.1454,0
62477.56,31831.03,0.0,30646.53,0.0,30024.62,0.973,0.073,0.89,0.4905,0,5479.25,0.0,0,0,0.003,0
65294.03,29003.37,0.0,36290.66,0.0,30212.33,0.911,0.111,0.953,0.5558,0,6229.16,0.0,0,0,0.002,0
56903.78,27714.38,5000.0,24189.4,0.0879,18155.62,0.968,0.123,0.969,0.513,0,9517.01,75000.0,0,0,0.0279,0
69742.02,30340.1,0.0,39401.93,0.0,45298.83,0.925,0.076,0.914,0.565,0,9274.35,0.0,0,0,0.0005,0
79751.24,45394.82,3000.0,31356.41,0.0376,32684.03,0.836,0.16,0.911,0.4308,0,14539.03,54000.0,0,0,0.0081,0
60424.18,37408.84,15000.0,8015.33,0.2482,16492.47,0.754,0.29,0.918,0.3809,0,9923.64,270000.0,0,0,0.8414,1
31205.3,18693.09,4500.0,8012.2,0.1442,16119.69,0.713,0.227,0.81,0.401,0,5495.93,54000.0,0,0,0.7197,1
41451.08,28593.5,3000.0,9857.58,0.0724,11443.31,0.852,0.109,0.785,0.3102,0,4104.45,36000.0,0,0,0.3357,0
59926.08,34049.38,0.0,25876.7,0.0,23412.97,0.944,0.118,0.903,0.4318,0,9557.04,0.0,0,0,0.0102,0
48057.88,26690.91,0.0,21366.97,0.0,18971.47,0.731,0.12,0.794,0.4446,0,4115.15,0.0,0,0,0.0703,1
41430.41,33368.38,6000.0,2062.03,0.1448,3421.61,0.593,0.456,0.549,0.1946,1,5317.74,144000.0,0,0,0.9988,1
34823.36,23904.72,1500.0,9418.64,0.0431,9674.77,0.827,0.18,0.843,0.3135,0,4564.63,18000.0,0,0,0.3663,1
52806.19,30965.5,0.0,21840.69,0.0,5042.03,0.744,0.111,0.809,0.4136,1,4061.64,0.0,0,0,0.3352,1
81280.55,47953.82,5000.0,28326.73,0.0615,43250.96,0.964,0.145,0.903,0.41,0,9435.98,75000.0,0,0,0.0039,0
30615.82,27415.63,10000.0,-6799.81,0.3266,1632.3,0.648,0.258,0.674,0.1045,4,5530.83,240000.0,0,0,1.0,1
40542.73,23163.57,0.0,17379.16,0.0,14239.86,0.861,0.221,0.77,0.4287,0,5340.08,0.0,0,0,0.1809,0
61627.09,32994.63,2500.0,26132.46,0.0406,35993.98,0.975,0.09,0.903,0.4646,0,9263.88,37500.0,0,0,0.0045,0
45614.96,18294.88,0.0,27320.08,0.0,31318.18,0.948,0.121,0.963,0.5989,0,7060.56,0.0,0,0,0.0038,0
26494.16,16092.15,1500.0,8902.0,0.0566,10975.2,0.772,0.184,0.82,0.3926,0,3222.06,18000.0,0,0,0.4642,0
39228.68,27818.76,1500.0,9909.92,0.0382,9709.15,0.777,0.222,0.788,0.2909,0,4503.35,18000.0,0,0,0.5174,1
85565.25,35197.29,0.0,50367.96,0.0,37320.17,0.919,0.126,0.967,0.5886,0,5476.09,0.0,0,0,0.0003,0
41385.88,30821.56,1500.0,9064.32,0.0362,4129.85,0.744,0.125,0.779,0.2553,0,5286.8,18000.0,0,0,0.5136,0
38047.07,25067.48,1500.0,11479.59,0.0394,12516.01,0.838,0.171,0.806,0.3411,0,5776.95,18000.0,0,0,0.2913,1
22393.86,12702.6,0.0,9691.26,0.0,8683.6,0.738,0.204,0.819,0.4328,0,5126.85,0.0,0,0,0.4116,0
50860.94,34412.95,1500.0,14947.99,0.0295,13665.59,0.848,0.109,0.874,0.3234,0,4715.62,18000.0,0,0,0.1026,0
37429.46,25399.19,3000.0,9030.27,0.0802,16971.8,0.879,0.21,0.775,0.3214,0,4855.73,36000.0,0,0,0.4227,0
59875.11,26819.11,2500.0,30556.0,0.0418,32376.36,0.96,0.095,0.943,0.5521,0,8051.94,37500.0,1,2,0.0035,0
78369.28,44250.96,3000.0,31118.32,0.0383,36531.19,0.809,0.199,0.854,0.4354,0,10488.65,54000.0,1,19,0.0118,0
80687.32,37066.42,0.0,43620.9,0.0,39207.55,0.972,0.118,0.945,0.5406,0,9089.37,0.0,0,0,0.0005,0
73498.39,45717.0,3000.0,24781.39,0.0408,30879.99,0.804,0.167,0.862,0.378,0,12258.14,54000.0,0,0,0.0256,0
63523.34,37719.5,2500.0,23303.84,0.0394,27318.73,0.918,0.086,0.978,0.4062,0,7807.65,37500.0,0,0,0.0087,0
75631.08,47804.84,6000.0,21826.24,0.0793,31920.3,0.706,0.191,0.881,0.3679,0,13297.29,108000.0,0,0,0.0637,0
31543.3,20349.84,1500.0,9693.45,0.0476,10666.31,0.844,0.243,0.878,0.3549,0,5806.56,18000.0,0,0,0.396,0
30000.0,13683.28,5000.0,11316.72,0.1667,21609.02,0.927,0.108,0.904,0.5439,0,8870.99,75000.0,0,0,0.1847,1
98530.78,61100.87,6000.0,31429.9,0.0609,39121.29,0.666,0.251,0.87,0.3799,0,13739.99,108000.0,0,0,0.0241,0
45023.28,25828.04,1500.0,17695.23,0.0333,7071.21,0.897,0.144,0.894,0.4263,1,4765.66,18000.0,0,0,0.3029,0
45268.73,26449.16,1500.0,17319.57,0.0331,13828.85,0.764,0.143,0.896,0.4157,0,4017.23,18000.0,0,0,0.1212,0
51601.5,26010.14,0.0,25591.36,0.0,22798.39,0.924,0.055,0.932,0.4959,0,9256.89,0.0,0,0,0.0067,0
57862.7,33932.27,5000.0,18930.43,0.0864,40754.33,0.917,0.076,0.898,0.4136,0,9539.31,75000.0,1,1,0.0108,0
31702.87,16686.47,5000.0,10016.4,0.1577,41853.15,0.914,0.062,0.883,0.4737,0,6688.14,75000.0,0,0,0.0437,0
53167.98,24782.8,5000.0,23385.18,0.094,44070.99,0.968,0.073,0.911,0.5339,0,5397.04,75000.0,0,0,0.0048,0
54865.1,26608.06,2500.0,25757.04,0.0456,25349.76,0.967,0.148,0.887,0.515,0,8783.15,37500.0,0,0,0.017,0
32687.1,20784.35,0.0,11902.75,0.0,8437.33,0.893,0.116,0.918,0.3641,0,4269.45,0.0,0,0,0.1074,0
57754.92,32794.06,6000.0,18960.87,0.1039,30215.47,0.778,0.231,0.871,0.4322,0,10484.38,108000.0,0,0,0.1213,0
66326.25,36116.24,2500.0,27710.0,0.0377,38424.45,0.951,0.108,0.883,0.4555,1,5168.05,37500.0,0,0,0.0127,0
38494.65,24451.23,3000.0,11043.42,0.0779,11660.37,0.755,0.138,0.793,0.3648,0,5445.0,36000.0,0,0,0.4278,1
66388.98,28105.83,0.0,38283.15,0.0,29253.95,0.933,0.06,0.907,0.5766,0,9384.77,0.0,0,0,0.0015,0
146646.28,93878.68,15000.0,37767.6,0.1023,29272.95,0.668,0.2,0.906,0.3598,1,14827.27,270000.0,1,7,0.0705,0
37246.33,21936.72,4500.0,10809.61,0.1208,14543.95,0.721,0.209,0.856,0.411,0,4016.25,54000.0,0,0,0.5489,1
33749.24,18590.94,4500.0,10658.3,0.1333,21704.19,0.77,0.139,0.788,0.4491,0,5997.41,54000.0,0,0,0.3862,0
45998.47,31204.33,1500.0,13294.14,0.0326,10982.45,0.88,0.212,0.789,0.3216,0,5767.2,18000.0,0,0,0.3115,0
52395.95,23521.17,2500.0,26374.79,0.0477,33066.61,0.922,0.146,0.921,0.5511,0,8508.01,37500.0,0,0,0.0091,0
64502.89,36993.44,2500.0,25009.45,0.0388,22675.46,0.931,0.063,0.962,0.4265,0,6941.36,37500.0,0,0,0.0092,0
80879.5,33701.26,2500.0,44678.24,0.0309,30084.8,0.917,0.084,0.944,0.5833,0,7969.13,37500.0,0,0,0.0011,0
95751.94,60240.22,15000.0,20511.72,0.1567,19770.47,0.832,0.192,0.804,0.3709,0,11425.99,270000.0,0,0,0.2821,0
44523.91,32560.34,0.0,11963.57,0.0,12670.9,0.777,0.106,0.83,0.2687,0,5369.92,0.0,0,0,0.1572,0
58500.17,34305.69,0.0,24194.48,0.0,22051.95,0.926,0.125,0.953,0.4136,0,6940.59,0.0,0,0,0.0113,0
59645.83,33304.4,0.0,26341.43,0.0,31417.77,0.902,0.056,0.948,0.4416,0,9340.58,0.0,0,0,0.0033,0
30161.19,19137.77,1500.0,9523.42,0.0497,14380.94,0.875,0.168,0.887,0.3655,0,4243.62,18000.0,0,0,0.2154,0
65867.79,29632.81,5000.0,31234.98,0.0759,33734.83,0.914,0.141,0.912,0.5501,0,7281.88,75000.0,0,0,0.0076,0
34090.38,24648.33,0.0,9442.05,0.0,10873.97,0.839,0.223,0.903,0.277,0,5679.04,0.0,0,0,0.2459,0
45181.77,24926.81,0.0,20254.96,0.0,15717.25,0.798,0.163,0.906,0.4483,0,5810.95,0.0,0,0,0.0605,0
45820.09,21055.44,2500.0,22264.65,0.0546,32600.55,0.958,0.054,0.933,0.5405,0,5394.14,37500.0,0,0,0.0067,0
115048.01,62541.54,10000.0,42506.47,0.0869,27205.31,0.669,0.211,0.83,0.4564,1,12344.28,180000.0,0,0,0.0715,0
31974.14,21616.47,1500.0,8857.67,0.0469,10236.83,0.888,0.243,0.862,0.3239,0,4076.99,18000.0,0,0,0.4056,1
99666.99,59013.85,5000.0,35653.14,0.0502,29800.68,0.909,0.077,0.963,0.4079,0,6376.85,75000.0,0,0,0.0027,0
49370.77,33459.99,10000.0,5910.79,0.2025,23988.89,0.684,0.256,0.911,0.3223,1,8005.55,180000.0,1,6,0.8815,1
47983.01,23751.95,5000.0,19231.06,0.1042,48122.31,0.952,0.1,0.893,0.505,0,5624.84,75000.0,1,9,0.0078,0
32453.34,23004.83,14000.0,-4551.49,0.4314,2824.81,0.576,0.274,0.642,0.2911,1,6638.3,336000.0,1,27,0.9998,1
24975.41,21501.89,10000.0,-6526.48,0.4004,500.0,0.507,0.461,0.513,0.1391,1,4408.32,240000.0,0,0,1.0,1
37324.51,22416.0,0.0,14908.51,0.0,9389.05,0.832,0.134,0.753,0.3994,0,3931.3,0.0,0,0,0.2113,0
53487.31,36012.78,4500.0,12974.53,0.0841,9490.97,0.804,0.171,0.786,0.3267,0,3422.33,54000.0,0,0,0.4609,1
89393.31,52163.17,5000.0,32230.14,0.0559,20923.42,0.913,0.076,0.961,0.4165,0,7265.17,75000.0,0,0,0.0074,0
63113.85,31127.42,2500.0,29486.43,0.0396,34162.39,0.965,0.111,0.945,0.5068,1,8091.98,37500.0,0,0,0.0107,0
126842.27,76081.04,10000.0,40761.22,0.0788,23199.1,0.74,0.297,0.844,0.4002,0,9870.11,180000.0,0,0,0.0461,0
44144.98,27609.37,1500.0,15035.6,0.034,7397.86,0.856,0.214,0.814,0.3746,0,4348.97,18000.0,0,0,0.3289,0
28596.39,20542.14,6000.0,2054.24,0.2098,4237.51,0.573,0.391,0.664,0.2817,1,6670.0,144000.0,1,25,0.9983,1
47751.46,34578.74,1500.0,11672.72,0.0314,21271.73,0.785,0.19,0.839,0.2759,0,3121.17,18000.0,0,0,0.183,1
56541.58,30098.52,0.0,26443.06,0.0,22549.88,0.925,0.12,0.945,0.4677,0,7886.34,0.0,0,0,0.009,0
30181.85,22598.04,0.0,7583.81,0.0,11591.85,0.856,0.224,0.919,0.2513,0,5622.28,0.0,0,0,0.2439,1
31184.49,22203.43,14000.0,-5018.93,0.4489,1054.18,0.616,0.301,0.699,0.288,1,7224.91,336000.0,0,0,0.9998,1
81244.0,52352.22,3000.0,25891.77,0.0369,22964.88,0.752,0.287,0.807,0.3556,0,6587.45,54000.0,0,0,0.1222,0
50260.26,35474.61,1500.0,13285.65,0.0298,6563.73,0.732,0.165,0.881,0.2942,0,3691.62,18000.0,0,0,0.3124,0
34516.73,22302.53,0.0,12214.2,0.0,11171.9,0.783,0.2,0.786,0.3539,0,5347.69,0.0,0,0,0.3151,1
79704.77,44081.72,2500.0,33123.04,0.0314,17519.89,0.919,0.05,0.96,0.4469,0,8488.02,37500.0,0,0,0.0058,0
55931.88,24587.66,2500.0,28844.21,0.0447,41770.53,0.966,0.055,0.94,0.5604,0,8011.84,37500.0,0,0,0.0016,0
56619.41,29657.18,0.0,26962.23,0.0,24998.31,0.951,0.117,0.904,0.4762,0,7670.45,0.0,0,0,0.008,0
59733.01,31417.7,0.0,28315.31,0.0,38434.6,0.906,0.058,0.958,0.474,0,6138.06,0.0,0,0,0.0016,0
34626.31,21339.76,1500.0,11786.54,0.0433,5808.64,0.768,0.159,0.897,0.3837,0,5483.13,18000.0,0,0,0.3319,1
51164.54,41516.68,14000.0,-4352.14,0.2736,4370.74,0.61,0.278,0.702,0.1886,3,7281.2,336000.0,0,0,0.9998,1
38598.2,22262.5,1500.0,14835.71,0.0389,4439.72,0.736,0.14,0.87,0.4232,0,3068.72,18000.0,0,0,0.3084,1
77520.48,43628.22,0.0,33892.25,0.0,39006.49,0.969,0.067,0.905,0.4372,0,8987.69,0.0,0,0,0.001,0
32530.48,18183.89,0.0,14346.59,0.0,12796.08,0.7,0.205,0.846,0.441,0,3699.01,0.0,0,0,0.2511,0
133050.92,78573.37,3000.0,51477.56,0.0225,25140.97,0.844,0.235,0.82,0.4094,0,8964.04,54000.0,0,0,0.0048,0
29865.99,23009.64,14000.0,-7143.65,0.4688,3405.29,0.542,0.398,0.675,0.2296,2,6825.63,336000.0,1,34,1.0,1
37224.16,25321.39,0.0,11902.77,0.0,11817.97,0.869,0.197,0.755,0.3198,0,5586.1,0.0,0,0,0.2816,1
66393.13,37560.32,6000.0,22832.81,0.0904,36387.5,0.823,0.188,0.815,0.4343,1,6236.61,108000.0,1,9,0.1231,0
65227.35,35003.98,0.0,30223.36,0.0,31267.31,0.925,0.099,0.941,0.4634,0,6919.76,0.0,0,0,0.003,0
47960.89,36388.3,10000.0,1572.6,0.2085,2183.21,0.505,0.493,0.703,0.2413,1,7998.04,240000.0,1,31,0.9993,1
50744.85,28989.86,1500.0,20254.99,0.0296,7847.57,0.789,0.132,0.801,0.4287,1,3865.95,18000.0,0,0,0.396,0
54048.84,37564.95,3000.0,13483.89,0.0555,13699.58,0.707,0.159,0.882,0.305,0,4806.6,36000.0,0,0,0.2612,0
32349.36,22635.09,0.0,9714.27,0.0,11314.17,0.737,0.163,0.829,0.3003,0,4390.19,0.0,0,0,0.296,1
104399.2,58533.9,6000.0,39865.3,0.0575,8004.44,0.773,0.224,0.908,0.4393,0,13232.17,108000.0,0,0,0.0497,0
45277.96,21606.01,2500.0,21171.96,0.0552,36797.5,0.902,0.094,0.94,0.5228,0,9385.08,37500.0,0,0,0.0083,0
55598.56,25104.87,5000.0,25493.69,0.0899,33113.95,0.966,0.128,0.966,0.5485,0,5602.93,75000.0,0,0,0.0091,0
75435.52,37176.72,0.0,38258.8,0.0,24936.19,0.922,0.073,0.969,0.5072,0,7801.88,0.0,0,0,0.0017,0
93422.31,64242.51,15000.0,14179.8,0.1606,37630.85,0.849,0.25,0.94,0.3123,0,13736.33,270000.0,1,21,0.1212,0
56621.0,32092.29,10000.0,14528.71,0.1766,22513.29,0.697,0.222,0.885,0.4332,0,14421.53,180000.0,1,19,0.4589,0
54218.0,23963.03,5000.0,25254.97,0.0922,37322.68,0.955,0.117,0.927,0.558,0,7778.46,75000.0,0,0,0.0082,0
90594.24,47737.47,5000.0,37856.77,0.0552,7806.6,0.952,0.138,0.936,0.4731,0,5349.18,75000.0,0,0,0.017,0
81154.75,41278.19,5000.0,34876.56,0.0616,25543.23,0.978,0.065,0.919,0.4914,0,6527.44,75000.0,0,0,0.0041,0
35000.0,21277.53,6000.0,7722.47,0.1714,33797.4,0.751,0.181,0.936,0.3921,0,12128.8,108000.0,1,8,0.2471,0
32785.45,23149.6,0.0,9635.85,0.0,12463.51,0.808,0.142,0.906,0.2939,0,5695.39,0.0,0,0,0.1547,0
42416.2,25036.71,1500.0,15879.49,0.0354,11443.74,0.778,0.216,0.772,0.4097,0,5096.8,18000.0,0,0,0.3554,0
64068.35,32075.16,0.0,31993.19,0.0,27032.16,0.949,0.142,0.891,0.4994,0,8643.34,0.0,0,0,0.0055,0
49595.31,28871.61,3000.0,17723.7,0.0605,11287.12,0.831,0.15,0.838,0.4179,1,3649.31,36000.0,0,0,0.4151,1
47337.87,19347.2,0.0,27990.67,0.0,33361.53,0.926,0.057,0.96,0.5913,1,5306.52,0.0,0,0,0.0065,0
34831.25,21899.79,4500.0,8431.46,0.1292,8725.18,0.779,0.174,0.792,0.3713,0,5698.0,54000.0,0,0,0.6961,0
36188.09,25551.86,0.0,10636.23,0.0,7693.57,0.838,0.112,0.79,0.2939,0,5722.01,0.0,0,0,0.2405,0
38772.62,24009.41,1500.0,13263.21,0.0387,9973.95,0.724,0.212,0.852,0.3808,0,3514.72,18000.0,0,0,0.3847,0
51430.46,20838.19,0.0,30592.27,0.0,40464.12,0.955,0.149,0.881,0.5948,0,5310.1,0.0,0,0,0.0025,0
54342.52,30554.22,2500.0,21288.3,0.046,43542.88,0.903,0.145,0.888,0.4377,0,9388.34,37500.0,0,0,0.0083,0
47685.26,25745.94,2500.0,19439.32,0.0524,39657.76,0.956,0.135,0.889,0.4601,0,8203.09,37500.0,1,6,0.0109,0
37592.71,26498.41,6000.0,5094.3,0.1596,4376.34,0.527,0.256,0.529,0.2951,4,6655.22,144000.0,0,0,0.9999,1
56123.11,37989.76,6000.0,12133.35,0.1069,24699.69,0.79,0.194,0.875,0.3231,0,7411.0,108000.0,1,4,0.2278,1
53860.09,29347.32,0.0,24512.77,0.0,25916.63,0.939,0.13,0.936,0.4551,0,7435.22,0.0,1,7,0.009,0
58771.78,32390.8,6000.0,20380.98,0.1021,20588.54,0.706,0.231,0.906,0.4489,0,7482.16,108000.0,1,17,0.2028,0
39361.62,24669.53,0.0,14692.09,0.0,9946.49,0.709,0.124,0.913,0.3733,0,4583.12,0.0,0,0,0.1404,0
46507.1,35184.03,10000.0,1323.07,0.215,4148.67,0.529,0.351,0.508,0.2435,1,4299.47,240000.0,0,0,0.9992,1
112641.87,71110.78,6000.0,35531.1,0.0533,21744.29,0.697,0.288,0.808,0.3687,0,11591.16,108000.0,0,0,0.081,0
46273.81,33194.67,4500.0,8579.14,0.0972,11230.89,0.762,0.158,0.753,0.2826,1,3988.17,54000.0,0,0,0.8272,0
62876.91,32270.62,0.0,30606.28,0.0,38963.1,0.94,0.142,0.936,0.4868,0,5155.9,0.0,0,0,0.0021,0
63730.42,32163.65,2500.0,29066.78,0.0392,25194.13,0.902,0.128,0.932,0.4953,0,9826.91,37500.0,0,0,0.0104,0
66587.9,33990.13,0.0,32597.77,0.0,10079.35,0.953,0.113,0.957,0.4895,0,6486.29,0.0,0,0,0.0104,0
34665.89,21388.38,3000.0,10277.51,0.0865,12671.39,0.855,0.197,0.898,0.383,0,4558.13,36000.0,0,0,0.3368,1
40371.38,31561.3,18000.0,-9189.92,0.4459,5413.82,0.559,0.252,0.549,0.2182,1,5275.98,432000.0,1,25,0.9999,1
38173.14,24909.61,1500.0,11763.53,0.0393,17925.27,0.873,0.148,0.766,0.3475,0,5146.06,18000.0,0,0,0.2021,1
82557.98,52190.94,10000.0,20367.04,0.1211,24372.0,0.723,0.276,0.947,0.3678,0,11193.62,180000.0,0,0,0.1938,0
52659.36,34251.99,10000.0,8407.38,0.1899,22107.9,0.672,0.156,0.85,0.3496,0,13140.78,180000.0,0,0,0.595,0
64044.67,33446.11,2500.0,28098.57,0.039,44171.07,0.97,0.074,0.906,0.4778,0,9097.33,37500.0,0,0,0.0018,0
35452.77,19588.77,1500.0,14364.0,0.0423,14909.12,0.802,0.116,0.841,0.4475,0,4132.95,18000.0,0,0,0.1519,0
70831.83,29023.46,0.0,41808.37,0.0,27756.85,0.921,0.139,0.89,0.5902,0,7034.08,0.0,1,3,0.0023,0
88008.25,42838.43,0.0,45169.82,0.0,42773.74,0.917,0.11,0.975,0.5132,0,9415.78,0.0,0,0,0.0003,0
19732.01,15638.97,14000.0,-9906.96,0.7095,712.41,0.644,0.37,0.631,0.2074,1,5217.19,336000.0,0,0,1.0,1
88347.4,48008.46,0.0,40338.94,0.0,34878.67,0.962,0.052,0.952,0.4566,0,8648.24,0.0,0,0,0.0006,0
70319.75,40043.1,0.0,30276.66,0.0,16827.81,0.921,0.102,0.942,0.4306,0,9383.55,0.0,0,0,0.0088,0
35871.17,24734.79,0.0,11136.38,0.0,6026.99,0.895,0.148,0.841,0.3105,0,5654.67,0.0,0,0,0.2174,0
113664.48,75449.94,10000.0,28214.54,0.088,16210.43,0.834,0.28,0.949,0.3362,0,8742.86,180000.0,1,18,0.0981,0
60513.19,26926.1,0.0,33587.09,0.0,34834.95,0.919,0.12,0.971,0.555,0,7766.3,0.0,0,0,0.0017,0
51548.85,36988.56,1500.0,13060.29,0.0291,14199.84,0.85,0.145,0.786,0.2825,0,4076.62,18000.0,0,0,0.2032,0
45319.51,30798.4,0.0,14521.1,0.0,6782.67,0.757,0.185,0.804,0.3204,0,5138.43,0.0,0,0,0.3159,0
32404.32,18649.4,4500.0,9254.93,0.1389,10250.65,0.775,0.179,0.875,0.4245,0,3723.07,54000.0,0,0,0.59,0
76477.53,43972.46,10000.0,22505.07,0.1308,32770.36,0.709,0.168,0.839,0.425,0,6469.84,180000.0,0,0,0.0948,0
65342.56,38423.38,10000.0,16919.18,0.153,25201.97,0.662,0.159,0.856,0.412,0,14413.03,180000.0,0,0,0.276,0
30854.14,17785.04,0.0,13069.1,0.0,17849.9,0.829,0.108,0.796,0.4236,0,3603.41,0.0,0,0,0.105,0
98705.69,62100.25,15000.0,21605.44,0.152,31619.71,0.662,0.175,0.862,0.3709,0,9762.46,270000.0,0,0,0.1419,0
44300.43,27838.12,0.0,16462.31,0.0,12067.66,0.841,0.144,0.792,0.3716,0,5171.45,0.0,0,0,0.1399,0
41907.87,23556.23,3000.0,15351.64,0.0716,31840.01,0.837,0.246,0.804,0.4379,0,10024.38,54000.0,1,20,0.1372,0
37052.9,21765.21,1500.0,13787.69,0.0405,19221.42,0.809,0.105,0.86,0.4126,0,3432.26,18000.0,0,0,0.1007,0
29508.02,21261.85,0.0,8246.17,0.0,13009.72,0.721,0.117,0.84,0.2795,0,4211.22,0.0,0,0,0.2388,1
33008.69,23574.45,0.0,9434.23,0.0,8711.99,0.856,0.201,0.805,0.2858,0,4333.31,0.0,0,0,0.3392,1
39178.24,28445.28,3000.0,7732.96,0.0766,15445.67,0.716,0.131,0.775,0.274,0,5587.34,36000.0,0,0,0.474,0
60741.34,34355.0,0.0,26386.34,0.0,29697.87,0.951,0.091,0.915,0.4344,0,8852.66,0.0,0,0,0.0048,1
64546.82,32461.98,0.0,32084.84,0.0,23987.81,0.966,0.1,0.918,0.4971,0,9103.44,0.0,0,0,0.0043,0
30461.91,21697.33,4500.0,4264.58,0.1477,19489.79,0.82,0.21,0.76,0.2877,0,5266.02,54000.0,0,0,0.7049,1
75029.81,32984.6,0.0,42045.21,0.0,32036.92,0.955,0.132,0.965,0.5604,0,9166.07,0.0,0,0,0.001,0
32621.05,19485.27,1500.0,11635.78,0.046,14197.98,0.763,0.148,0.779,0.4027,0,3058.99,18000.0,0,0,0.3245,0
69742.74,39340.88,0.0,30401.85,0.0,33827.27,0.958,0.079,0.886,0.4359,0,8243.98,0.0,1,7,0.0026,0
40903.88,29104.0,3000.0,8799.87,0.0733,16029.54,0.76,0.111,0.78,0.2885,0,3730.24,36000.0,0,0,0.36,0
81299.83,34617.94,5000.0,41681.89,0.0615,18808.38,0.973,0.085,0.951,0.5742,0,8454.08,75000.0,0,0,0.0035,0
46171.18,31314.8,1500.0,13356.38,0.0325,16047.62,0.835,0.216,0.914,0.3218,0,5383.6,18000.0,0,0,0.164,0
60108.94,32044.76,10000.0,18064.18,0.1664,26556.86,0.811,0.242,0.866,0.4669,0,8944.59,180000.0,0,0,0.2635,0
30000.0,17940.59,5000.0,7059.41,0.1667,33250.77,0.935,0.15,0.931,0.402,0,7779.37,75000.0,0,0,0.138,1
47905.77,19826.17,0.0,28079.6,0.0,19507.85,0.907,0.1,0.951,0.5861,0,5297.65,0.0,0,0,0.0087,0
35790.53,21827.36,1500.0,12463.17,0.0419,8821.44,0.877,0.168,0.877,0.3901,0,5684.9,18000.0,0,0,0.2334,0
37677.35,23056.12,1500.0,13121.23,0.0398,11873.78,0.898,0.219,0.815,0.3881,0,4869.92,18000.0,0,0,0.2858,1
96828.52,61373.46,10000.0,25455.06,0.1033,37916.52,0.677,0.18,0.903,0.3662,1,9683.36,180000.0,1,7,0.0985,0
71653.36,32751.01,0.0,38902.35,0.0,28183.17,0.915,0.102,0.966,0.5429,0,9053.96,0.0,1,1,0.0016,0
66834.58,41452.44,10000.0,15382.14,0.1496,20619.67,0.729,0.156,0.936,0.3798,0,8445.0,180000.0,0,0,0.2385,0
40356.74,26370.9,0.0,13985.84,0.0,3596.08,0.855,0.145,0.849,0.3466,0,4275.5,0.0,0,0,0.2149,0
29484.98,16311.78,0.0,13173.2,0.0,19609.72,0.794,0.127,0.849,0.4468,0,4963.26,0.0,0,0,0.0902,0
46743.13,39760.09,18000.0,-11016.96,0.3851,3221.13,0.543,0.457,0.726,0.1494,1,5255.26,432000.0,1,24,0.9999,1
52078.19,22668.67,2500.0,26909.52,0.048,39872.37,0.945,0.133,0.926,0.5647,0,6556.61,37500.0,0,0,0.0044,0
46155.76,27379.49,3000.0,15776.27,0.065,10693.47,0.757,0.105,0.769,0.4068,0,3786.21,36000.0,0,0,0.2926,0
59619.56,35472.67,6000.0,18146.89,0.1006,35445.67,0.839,0.198,0.827,0.405,0,12025.64,108000.0,1,22,0.0751,0
28207.1,23960.63,18000.0,-13753.53,0.6381,500.0,0.567,0.361,0.725,0.1505,1,5922.05,432000.0,1,30,1.0,1
28903.92,21173.5,4500.0,3230.42,0.1557,6580.85,0.855,0.173,0.752,0.2675,0,4168.08,54000.0,0,0,0.842,0
55441.13,32648.03,0.0,22793.1,0.0,54338.96,0.957,0.091,0.951,0.4111,0,5051.19,0.0,0,0,0.0009,0
42182.97,25221.63,1500.0,15461.34,0.0356,8951.58,0.749,0.187,0.872,0.4021,0,4809.06,18000.0,0,0,0.2744,0
91891.59,51884.66,3000.0,37006.93,0.0326,20752.32,0.759,0.184,0.923,0.4354,0,6887.88,54000.0,0,0,0.0154,0
48160.82,27372.3,5000.0,15788.52,0.1038,38810.2,0.94,0.126,0.932,0.4316,0,6630.56,75000.0,0,0,0.0211,0
38342.53,29020.27,14000.0,-4677.74,0.3651,1103.03,0.542,0.446,0.528,0.2431,3,7361.69,336000.0,1,8,1.0,1
39227.37,23726.11,0.0,15501.26,0.0,7201.52,0.815,0.156,0.774,0.3952,0,4161.04,0.0,0,0,0.2462,1
91264.31,53599.41,6000.0,31664.9,0.0657,18397.84,0.696,0.155,0.927,0.4127,0,12129.82,108000.0,1,14,0.0402,0
65355.2,35057.53,2500.0,27797.66,0.0383,28805.82,0.934,0.135,0.951,0.4636,0,7997.89,37500.0,0,0,0.0076,0
35965.13,23448.93,1500.0,11016.19,0.0417,12829.83,0.768,0.172,0.919,0.348,0,3546.99,18000.0,0,0,0.2344,1
56292.18,23081.76,0.0,33210.43,0.0,27456.0,0.934,0.093,0.899,0.59,0,5646.35,0.0,1,7,0.0035,0
23934.27,16650.7,1500.0,5783.58,0.0627,10369.18,0.726,0.116,0.873,0.3043,0,3413.38,18000.0,0,0,0.422,1
52505.88,23905.21,5000.0,23600.67,0.0952,38662.64,0.912,0.112,0.976,0.5447,0,5309.08,75000.0,0,0,0.0078,0
43871.26,31513.88,0.0,12357.38,0.0,7415.63,0.738,0.102,0.82,0.2817,0,5708.94,0.0,0,0,0.2349,1
34710.35,24509.84,1500.0,8700.51,0.0432,6711.53,0.803,0.189,0.766,0.2939,0,5976.19,18000.0,0,0,0.5647,0
22969.14,15113.3,1500.0,6355.85,0.0653,12707.84,0.815,0.228,0.816,0.342,0,3032.79,18000.0,0,0,0.5542,0
104062.76,57560.0,3000.0,43502.76,0.0288,20365.28,0.681,0.298,0.848,0.4469,0,7068.83,54000.0,0,0,0.0327,0
26069.42,17045.81,0.0,9023.61,0.0,12239.41,0.786,0.19,0.761,0.3461,0,3907.57,0.0,0,0,0.3752,0
49766.58,33649.18,0.0,16117.41,0.0,18945.94,0.757,0.131,0.842,0.3239,0,3990.88,0.0,0,0,0.0869,0
92120.98,52844.84,15000.0,24276.15,0.1628,21800.15,0.665,0.206,0.85,0.4264,2,14869.94,270000.0,0,0,0.774,1
43995.19,19074.38,5000.0,19920.82,0.1136,31233.55,0.936,0.063,0.901,0.5664,0,7554.59,75000.0,0,0,0.0217,0
54609.92,22611.97,5000.0,26997.96,0.0916,20517.4,0.916,0.126,0.915,0.5859,0,6456.31,75000.0,0,0,0.0297,0
60629.11,38577.58,3000.0,19051.53,0.0495,18534.04,0.778,0.164,0.893,0.3637,0,7025.15,54000.0,1,12,0.0983,0
37047.31,21054.39,4500.0,11492.92,0.1215,3157.2,0.833,0.115,0.89,0.4317,0,4790.4,54000.0,0,0,0.4563,1
45311.12,29923.86,0.0,15387.26,0.0,15825.99,0.751,0.157,0.775,0.3396,0,5053.06,0.0,0,0,0.178,0
56188.89,37451.5,15000.0,3737.39,0.267,19206.23,0.732,0.154,0.904,0.3335,0,6162.22,270000.0,0,0,0.7862,1
82697.02,40160.64,2500.0,40036.39,0.0302,23299.4,0.941,0.075,0.941,0.5144,0,9869.53,37500.0,0,0,0.0024,0
31009.74,22237.15,3000.0,5772.59,0.0967,10491.76,0.8,0.128,0.772,0.2829,0,4519.13,36000.0,0,0,0.5887,1
64581.48,32566.65,10000.0,22014.83,0.1548,11963.69,0.735,0.288,0.896,0.4957,0,8372.3,180000.0,1,3,0.4891,1
39317.11,25813.4,0.0,13503.7,0.0,13896.17,0.867,0.131,0.792,0.3435,0,3474.45,0.0,0,0,0.1363,0
48628.71,43321.62,6000.0,-692.91,0.1234,4846.37,0.501,0.4,0.627,0.1091,2,4247.52,144000.0,0,0,0.9993,1
30809.59,18994.29,1500.0,10315.3,0.0487,9080.58,0.762,0.247,0.909,0.3835,0,5943.16,18000.0,0,0,0.4459,0
24284.69,21657.39,14000.0,-11372.7,0.5765,500.0,0.543,0.422,0.551,0.1082,1,4910.24,336000.0,0,0,1.0,1
35108.87,19916.38,0.0,15192.49,0.0,14697.62,0.811,0.249,0.775,0.4327,0,4314.91,0.0,0,0,0.2644,0
46424.34,22510.94,0.0,23913.39,0.0,19188.12,0.973,0.054,0.903,0.5151,0,9169.79,0.0,0,0,0.01,0
21056.48,16660.05,6000.0,-1603.57,0.2849,4395.72,0.53,0.323,0.645,0.2088,3,5454.12,144000.0,0,0,0.9999,1
81187.64,37781.47,2500.0,40906.17,0.0308,37348.97,0.931,0.122,0.896,0.5346,0,7130.3,37500.0,1,7,0.0014,0
31049.58,24337.15,14000.0,-7287.57,0.4509,1579.82,0.662,0.46,0.668,0.2162,2,7796.12,336000.0,0,0,1.0,1
84585.57,54627.1,6000.0,23958.47,0.0709,31606.84,0.682,0.238,0.829,0.3542,0,13855.91,108000.0,0,0,0.0914,0
25032.32,15860.17,1500.0,7672.15,0.0599,16086.6,0.717,0.101,0.903,0.3664,0,4278.24,18000.0,0,0,0.2398,0
49600.44,41648.42,14000.0,-6047.99,0.2823,3097.75,0.591,0.294,0.616,0.1603,2,6434.37,336000.0,0,0,0.9998,1
45956.98,29041.84,0.0,16915.14,0.0,8944.61,0.793,0.185,0.827,0.3681,0,3854.1,0.0,0,0,0.2005,1
78762.47,51053.72,3000.0,24708.74,0.0381,17815.6,0.768,0.173,0.815,0.3518,0,12075.1,54000.0,0,0,0.0902,0
